metric,value
Accuracy,0.9285714285714286
Macro-F1,0.929876775271512
Macro-AUC (OvR),0.975941595711609
Balanced Accuracy,0.9290382819794084
Precision (HCC),0.9
Recall/Sensitivity (HCC),0.9999999999999445
Specificity (HCC),0.9473684210526065
F1 (HCC),0.9473684210526315
Support (HCC),18.0
Precision (ICC),0.9047619047619048
Recall/Sensitivity (ICC),0.9047619047618618
Specificity (ICC),0.9428571428571159
F1 (ICC),0.9047619047619048
Support (ICC),21.0
Precision (CHCC),1.0
Recall/Sensitivity (CHCC),0.8823529411764188
Specificity (CHCC),0.9999999999999744
F1 (CHCC),0.9375
Support (CHCC),17.0
