metric,value
Accuracy,0.9454545454545454
Macro-F1,0.9443630443630443
Macro-AUC (OvR),0.9935213851622521
Balanced Accuracy,0.9453044375644479
Precision (HCC),1.0
Recall/Sensitivity (HCC),0.8947368421052162
Specificity (HCC),0.9999999999999721
F1 (HCC),0.9444444444444444
Support (HCC),19.0
Precision (ICC),0.95
Recall/Sensitivity (ICC),0.9999999999999475
Specificity (ICC),0.9722222222221951
F1 (ICC),0.9743589743589743
Support (ICC),19.0
Precision (CHCC),0.8888888888888888
Recall/Sensitivity (CHCC),0.94117647058818
Specificity (CHCC),0.9473684210526065
F1 (CHCC),0.9142857142857143
Support (CHCC),17.0
