{
  "accuracy": 0.9454545454545454,
  "f1_macro": 0.9443630443630443,
  "f1_per_class": {
    "HCC": 0.9444444444444444,
    "ICC": 0.9743589743589743,
    "CHCC": 0.9142857142857143
  },
  "auc_macro_ovr": 0.9935213851622521,
  "balanced_accuracy": 0.9453044375644479,
  "confusion_matrix": [
    [
      17,
      0,
      2
    ],
    [
      0,
      19,
      0
    ],
    [
      0,
      1,
      16
    ]
  ],
  "classification_report": {
    "HCC": {
      "precision": 1.0,
      "recall": 0.8947368421052632,
      "f1-score": 0.9444444444444444,
      "support": 19.0
    },
    "ICC": {
      "precision": 0.95,
      "recall": 1.0,
      "f1-score": 0.9743589743589743,
      "support": 19.0
    },
    "CHCC": {
      "precision": 0.8888888888888888,
      "recall": 0.9411764705882353,
      "f1-score": 0.9142857142857143,
      "support": 17.0
    },
    "accuracy": 0.9454545454545454,
    "macro avg": {
      "precision": 0.9462962962962962,
      "recall": 0.9453044375644994,
      "f1-score": 0.9443630443630443,
      "support": 55.0
    },
    "weighted avg": {
      "precision": 0.9483838383838384,
      "recall": 0.9454545454545454,
      "f1-score": 0.9454567654567654,
      "support": 55.0
    }
  },
  "ci_95": {
    "accuracy": {
      "low": 0.8727272727272727,
      "high": 1.0
    },
    "f1_macro": {
      "low": 0.8706883330637158,
      "high": 1.0
    },
    "auc_macro_ovr": {
      "low": 0.9803853725711325,
      "high": 1.0
    }
  },
  "classes": [
    "HCC",
    "ICC",
    "CHCC"
  ],
  "per_class_stats": {
    "HCC": {
      "precision": 1.0,
      "recall": 0.8947368421052632,
      "f1": 0.9444444444444444,
      "support": 19,
      "sensitivity": 0.8947368421052162,
      "specificity": 0.9999999999999721
    },
    "ICC": {
      "precision": 0.95,
      "recall": 1.0,
      "f1": 0.9743589743589743,
      "support": 19,
      "sensitivity": 0.9999999999999475,
      "specificity": 0.9722222222221951
    },
    "CHCC": {
      "precision": 0.8888888888888888,
      "recall": 0.9411764705882353,
      "f1": 0.9142857142857143,
      "support": 17,
      "sensitivity": 0.94117647058818,
      "specificity": 0.9473684210526065
    }
  }
}