{
  "accuracy_oof": 0.9712230215827338,
  "f1_macro_oof": 0.971316344517586,
  "auc_macro_ovr_oof": 0.9806990089529416,
  "balanced_accuracy_oof": 0.9708457120221722,
  "confusion_matrix_oof": [
    [
      94,
      0,
      0
    ],
    [
      3,
      95,
      1
    ],
    [
      0,
      4,
      81
    ]
  ],
  "classification_report_oof": {
    "HCC": {
      "precision": 0.9690721649484536,
      "recall": 1.0,
      "f1-score": 0.9842931937172775,
      "support": 94.0
    },
    "ICC": {
      "precision": 0.9595959595959596,
      "recall": 0.9595959595959596,
      "f1-score": 0.9595959595959596,
      "support": 99.0
    },
    "CHCC": {
      "precision": 0.9878048780487805,
      "recall": 0.9529411764705882,
      "f1-score": 0.9700598802395209,
      "support": 85.0
    },
    "accuracy": 0.9712230215827338,
    "macro avg": {
      "precision": 0.9721576675310645,
      "recall": 0.9708457120221826,
      "f1-score": 0.971316344517586,
      "support": 278.0
    },
    "weighted avg": {
      "precision": 0.9714251731629532,
      "recall": 0.9712230215827338,
      "f1-score": 0.9711462231287171,
      "support": 278.0
    }
  },
  "ci_95_oof": {
    "accuracy": {
      "low": 0.9496402877697842,
      "high": 0.9892086330935251
    },
    "f1_macro": {
      "low": 0.950319979918311,
      "high": 0.9891103900204498
    },
    "auc_macro_ovr": {
      "low": 0.962863053631537,
      "high": 0.9937291658946421
    }
  },
  "classes": [
    "HCC",
    "ICC",
    "CHCC"
  ],
  "per_class_stats_oof": {
    "HCC": {
      "precision": 0.9690721649484536,
      "recall": 1.0,
      "f1": 0.9842931937172775,
      "support": 94,
      "sensitivity": 0.9999999999999895,
      "specificity": 0.9836956521739078
    },
    "ICC": {
      "precision": 0.9595959595959596,
      "recall": 0.9595959595959596,
      "f1": 0.9595959595959596,
      "support": 99,
      "sensitivity": 0.9595959595959499,
      "specificity": 0.9776536312849108
    },
    "CHCC": {
      "precision": 0.9878048780487805,
      "recall": 0.9529411764705882,
      "f1": 0.9700598802395209,
      "support": 85,
      "sensitivity": 0.9529411764705771,
      "specificity": 0.9948186528497358
    }
  }
}