{
  "accuracy": 0.9464285714285714,
  "f1_macro": 0.9469018437041693,
  "f1_per_class": {
    "HCC": 0.972972972972973,
    "ICC": 0.9302325581395349,
    "CHCC": 0.9375
  },
  "auc_macro_ovr": 0.9782223730697858,
  "balanced_accuracy": 0.9449112978524236,
  "confusion_matrix": [
    [
      18,
      0,
      0
    ],
    [
      1,
      20,
      0
    ],
    [
      0,
      2,
      15
    ]
  ],
  "classification_report": {
    "HCC": {
      "precision": 0.9473684210526315,
      "recall": 1.0,
      "f1-score": 0.972972972972973,
      "support": 18.0
    },
    "ICC": {
      "precision": 0.9090909090909091,
      "recall": 0.9523809523809523,
      "f1-score": 0.9302325581395349,
      "support": 21.0
    },
    "CHCC": {
      "precision": 1.0,
      "recall": 0.8823529411764706,
      "f1-score": 0.9375,
      "support": 17.0
    },
    "accuracy": 0.9464285714285714,
    "macro avg": {
      "precision": 0.9521531100478469,
      "recall": 0.9449112978524742,
      "f1-score": 0.9469018437041693,
      "support": 56.0
    },
    "weighted avg": {
      "precision": 0.9489917976760082,
      "recall": 0.9464285714285714,
      "f1-score": 0.9461767363293526,
      "support": 56.0
    }
  },
  "ci_95": {
    "accuracy": {
      "low": 0.875,
      "high": 1.0
    },
    "f1_macro": {
      "low": 0.8773077117561779,
      "high": 1.0
    },
    "auc_macro_ovr": {
      "low": 0.9453310652430235,
      "high": 1.0
    }
  },
  "classes": [
    "HCC",
    "ICC",
    "CHCC"
  ],
  "per_class_stats": {
    "HCC": {
      "precision": 0.9473684210526315,
      "recall": 1.0,
      "f1": 0.972972972972973,
      "support": 18,
      "sensitivity": 0.9999999999999445,
      "specificity": 0.9736842105262902
    },
    "ICC": {
      "precision": 0.9090909090909091,
      "recall": 0.9523809523809523,
      "f1": 0.9302325581395349,
      "support": 21,
      "sensitivity": 0.9523809523809071,
      "specificity": 0.9428571428571159
    },
    "CHCC": {
      "precision": 1.0,
      "recall": 0.8823529411764706,
      "f1": 0.9375,
      "support": 17,
      "sensitivity": 0.8823529411764188,
      "specificity": 0.9999999999999744
    }
  }
}