metric,value
Accuracy,0.9821428571428571
Macro-F1,0.9823461091753775
Macro-AUC (OvR),0.9961744639376219
Balanced Accuracy,0.9814814814814289
Precision (HCC),1.0
Recall/Sensitivity (HCC),0.9999999999999445
Specificity (HCC),0.9999999999999737
F1 (HCC),1.0
Support (HCC),18.0
Precision (ICC),0.9523809523809523
Recall/Sensitivity (ICC),0.99999999999995
Specificity (ICC),0.9722222222221951
F1 (ICC),0.975609756097561
Support (ICC),20.0
Precision (CHCC),1.0
Recall/Sensitivity (CHCC),0.944444444444392
Specificity (CHCC),0.9999999999999737
F1 (CHCC),0.9714285714285714
Support (CHCC),18.0
