{
  "accuracy": 0.9821428571428571,
  "f1_macro": 0.9823461091753775,
  "f1_per_class": {
    "HCC": 1.0,
    "ICC": 0.975609756097561,
    "CHCC": 0.9714285714285714
  },
  "auc_macro_ovr": 0.9961744639376219,
  "balanced_accuracy": 0.9814814814814289,
  "confusion_matrix": [
    [
      18,
      0,
      0
    ],
    [
      0,
      20,
      0
    ],
    [
      0,
      1,
      17
    ]
  ],
  "classification_report": {
    "HCC": {
      "precision": 1.0,
      "recall": 1.0,
      "f1-score": 1.0,
      "support": 18.0
    },
    "ICC": {
      "precision": 0.9523809523809523,
      "recall": 1.0,
      "f1-score": 0.975609756097561,
      "support": 20.0
    },
    "CHCC": {
      "precision": 1.0,
      "recall": 0.9444444444444444,
      "f1-score": 0.9714285714285714,
      "support": 18.0
    },
    "accuracy": 0.9821428571428571,
    "macro avg": {
      "precision": 0.9841269841269842,
      "recall": 0.9814814814814815,
      "f1-score": 0.9823461091753775,
      "support": 56.0
    },
    "weighted avg": {
      "precision": 0.9829931972789117,
      "recall": 0.9821428571428571,
      "f1-score": 0.982105525136884,
      "support": 56.0
    }
  },
  "ci_95": {
    "accuracy": {
      "low": 0.9464285714285714,
      "high": 1.0
    },
    "f1_macro": {
      "low": 0.9428524628524627,
      "high": 1.0
    },
    "auc_macro_ovr": {
      "low": 0.9855048510632323,
      "high": 1.0
    }
  },
  "classes": [
    "HCC",
    "ICC",
    "CHCC"
  ],
  "per_class_stats": {
    "HCC": {
      "precision": 1.0,
      "recall": 1.0,
      "f1": 1.0,
      "support": 18,
      "sensitivity": 0.9999999999999445,
      "specificity": 0.9999999999999737
    },
    "ICC": {
      "precision": 0.9523809523809523,
      "recall": 1.0,
      "f1": 0.975609756097561,
      "support": 20,
      "sensitivity": 0.99999999999995,
      "specificity": 0.9722222222221951
    },
    "CHCC": {
      "precision": 1.0,
      "recall": 0.9444444444444444,
      "f1": 0.9714285714285714,
      "support": 18,
      "sensitivity": 0.944444444444392,
      "specificity": 0.9999999999999737
    }
  }
}