metric,value
Accuracy,0.9272727272727272
Macro-F1,0.9265120844068213
Macro-AUC (OvR),0.9924320605435156
Balanced Accuracy,0.9256965944271941
Precision (HCC),0.9473684210526315
Recall/Sensitivity (HCC),0.9473684210525818
Specificity (HCC),0.9722222222221951
F1 (HCC),0.9473684210526315
Support (HCC),19.0
Precision (ICC),0.9
Recall/Sensitivity (ICC),0.9473684210525818
Specificity (ICC),0.9444444444444181
F1 (ICC),0.9230769230769231
Support (ICC),19.0
Precision (CHCC),0.9375
Recall/Sensitivity (CHCC),0.8823529411764188
Specificity (CHCC),0.9736842105262902
F1 (CHCC),0.9090909090909091
Support (CHCC),17.0
