{
  "accuracy": 0.9272727272727272,
  "f1_macro": 0.9265120844068213,
  "f1_per_class": {
    "HCC": 0.9473684210526315,
    "ICC": 0.9230769230769231,
    "CHCC": 0.9090909090909091
  },
  "auc_macro_ovr": 0.9924320605435156,
  "balanced_accuracy": 0.9256965944271941,
  "confusion_matrix": [
    [
      18,
      0,
      1
    ],
    [
      1,
      18,
      0
    ],
    [
      0,
      2,
      15
    ]
  ],
  "classification_report": {
    "HCC": {
      "precision": 0.9473684210526315,
      "recall": 0.9473684210526315,
      "f1-score": 0.9473684210526315,
      "support": 19.0
    },
    "ICC": {
      "precision": 0.9,
      "recall": 0.9473684210526315,
      "f1-score": 0.9230769230769231,
      "support": 19.0
    },
    "CHCC": {
      "precision": 0.9375,
      "recall": 0.8823529411764706,
      "f1-score": 0.9090909090909091,
      "support": 17.0
    },
    "accuracy": 0.9272727272727272,
    "macro avg": {
      "precision": 0.9282894736842104,
      "recall": 0.9256965944272446,
      "f1-score": 0.9265120844068213,
      "support": 55.0
    },
    "weighted avg": {
      "precision": 0.9279545454545455,
      "recall": 0.9272727272727272,
      "f1-score": 0.9271455816910362,
      "support": 55.0
    }
  },
  "ci_95": {
    "accuracy": {
      "low": 0.8545454545454545,
      "high": 0.9818181818181818
    },
    "f1_macro": {
      "low": 0.8483577722587011,
      "high": 0.9830998384154531
    },
    "auc_macro_ovr": {
      "low": 0.9782729904274021,
      "high": 1.0
    }
  },
  "classes": [
    "HCC",
    "ICC",
    "CHCC"
  ],
  "per_class_stats": {
    "HCC": {
      "precision": 0.9473684210526315,
      "recall": 0.9473684210526315,
      "f1": 0.9473684210526315,
      "support": 19,
      "sensitivity": 0.9473684210525818,
      "specificity": 0.9722222222221951
    },
    "ICC": {
      "precision": 0.9,
      "recall": 0.9473684210526315,
      "f1": 0.9230769230769231,
      "support": 19,
      "sensitivity": 0.9473684210525818,
      "specificity": 0.9444444444444181
    },
    "CHCC": {
      "precision": 0.9375,
      "recall": 0.8823529411764706,
      "f1": 0.9090909090909091,
      "support": 17,
      "sensitivity": 0.8823529411764188,
      "specificity": 0.9736842105262902
    }
  }
}