{
  "accuracy_oof": 0.9532374100719424,
  "f1_macro_oof": 0.9534611981429686,
  "auc_macro_ovr_oof": 0.9792434724203954,
  "balanced_accuracy_oof": 0.9530979380791543,
  "confusion_matrix_oof": [
    [
      92,
      0,
      2
    ],
    [
      6,
      93,
      0
    ],
    [
      2,
      3,
      80
    ]
  ],
  "classification_report_oof": {
    "HCC": {
      "precision": 0.92,
      "recall": 0.9787234042553191,
      "f1-score": 0.9484536082474226,
      "support": 94.0
    },
    "ICC": {
      "precision": 0.96875,
      "recall": 0.9393939393939394,
      "f1-score": 0.9538461538461539,
      "support": 99.0
    },
    "CHCC": {
      "precision": 0.975609756097561,
      "recall": 0.9411764705882353,
      "f1-score": 0.9580838323353293,
      "support": 85.0
    },
    "accuracy": 0.9532374100719424,
    "macro avg": {
      "precision": 0.9547865853658536,
      "recall": 0.9530979380791645,
      "f1-score": 0.9534611981429686,
      "support": 278.0
    },
    "weighted avg": {
      "precision": 0.9543635944902615,
      "recall": 0.9532374100719424,
      "f1-score": 0.9533184681817624,
      "support": 278.0
    }
  },
  "ci_95_oof": {
    "accuracy": {
      "low": 0.9244604316546763,
      "high": 0.974910071942446
    },
    "f1_macro": {
      "low": 0.9252731530357785,
      "high": 0.9759927560898136
    },
    "auc_macro_ovr": {
      "low": 0.9631356646369774,
      "high": 0.9921992808449318
    }
  },
  "classes": [
    "HCC",
    "ICC",
    "CHCC"
  ],
  "per_class_stats_oof": {
    "HCC": {
      "precision": 0.92,
      "recall": 0.9787234042553191,
      "f1": 0.9484536082474226,
      "support": 94,
      "sensitivity": 0.9787234042553088,
      "specificity": 0.9565217391304296
    },
    "ICC": {
      "precision": 0.96875,
      "recall": 0.9393939393939394,
      "f1": 0.9538461538461539,
      "support": 99,
      "sensitivity": 0.9393939393939299,
      "specificity": 0.9832402234636817
    },
    "CHCC": {
      "precision": 0.975609756097561,
      "recall": 0.9411764705882353,
      "f1": 0.9580838323353293,
      "support": 85,
      "sensitivity": 0.9411764705882243,
      "specificity": 0.9896373056994767
    }
  }
}