metric,value
Accuracy,0.9821428571428571
Macro-F1,0.9814671814671815
Macro-AUC (OvR),0.9956140350877193
Balanced Accuracy,0.9814814814814289
Precision (HCC),1.0
Recall/Sensitivity (HCC),0.944444444444392
Specificity (HCC),0.9999999999999737
F1 (HCC),0.9714285714285714
Support (HCC),18.0
Precision (ICC),1.0
Recall/Sensitivity (ICC),0.99999999999995
Specificity (ICC),0.9999999999999721
F1 (ICC),1.0
Support (ICC),20.0
Precision (CHCC),0.9473684210526315
Recall/Sensitivity (CHCC),0.9999999999999445
Specificity (CHCC),0.9736842105262902
F1 (CHCC),0.972972972972973
Support (CHCC),18.0
