{
  "accuracy": 0.9821428571428571,
  "f1_macro": 0.9814671814671815,
  "f1_per_class": {
    "HCC": 0.9714285714285714,
    "ICC": 1.0,
    "CHCC": 0.972972972972973
  },
  "auc_macro_ovr": 0.9956140350877193,
  "balanced_accuracy": 0.9814814814814289,
  "confusion_matrix": [
    [
      17,
      0,
      1
    ],
    [
      0,
      20,
      0
    ],
    [
      0,
      0,
      18
    ]
  ],
  "classification_report": {
    "HCC": {
      "precision": 1.0,
      "recall": 0.9444444444444444,
      "f1-score": 0.9714285714285714,
      "support": 18.0
    },
    "ICC": {
      "precision": 1.0,
      "recall": 1.0,
      "f1-score": 1.0,
      "support": 20.0
    },
    "CHCC": {
      "precision": 0.9473684210526315,
      "recall": 1.0,
      "f1-score": 0.972972972972973,
      "support": 18.0
    },
    "accuracy": 0.9821428571428571,
    "macro avg": {
      "precision": 0.9824561403508771,
      "recall": 0.9814814814814815,
      "f1-score": 0.9814671814671815,
      "support": 56.0
    },
    "weighted avg": {
      "precision": 0.9830827067669173,
      "recall": 0.9821428571428571,
      "f1-score": 0.9821290678433535,
      "support": 56.0
    }
  },
  "ci_95": {
    "accuracy": {
      "low": 0.9464285714285714,
      "high": 1.0
    },
    "f1_macro": {
      "low": 0.937672178867831,
      "high": 1.0
    },
    "auc_macro_ovr": {
      "low": 0.9829278951274975,
      "high": 1.0
    }
  },
  "classes": [
    "HCC",
    "ICC",
    "CHCC"
  ],
  "per_class_stats": {
    "HCC": {
      "precision": 1.0,
      "recall": 0.9444444444444444,
      "f1": 0.9714285714285714,
      "support": 18,
      "sensitivity": 0.944444444444392,
      "specificity": 0.9999999999999737
    },
    "ICC": {
      "precision": 1.0,
      "recall": 1.0,
      "f1": 1.0,
      "support": 20,
      "sensitivity": 0.99999999999995,
      "specificity": 0.9999999999999721
    },
    "CHCC": {
      "precision": 0.9473684210526315,
      "recall": 1.0,
      "f1": 0.972972972972973,
      "support": 18,
      "sensitivity": 0.9999999999999445,
      "specificity": 0.9736842105262902
    }
  }
}