{
  "accuracy_oof": 0.9388489208633094,
  "f1_macro_oof": 0.9397498299052703,
  "auc_macro_ovr_oof": 0.9764598244900963,
  "balanced_accuracy_oof": 0.9392544552744702,
  "confusion_matrix_oof": [
    [
      93,
      0,
      1
    ],
    [
      10,
      89,
      0
    ],
    [
      1,
      5,
      79
    ]
  ],
  "classification_report_oof": {
    "HCC": {
      "precision": 0.8942307692307693,
      "recall": 0.9893617021276596,
      "f1-score": 0.9393939393939394,
      "support": 94.0
    },
    "ICC": {
      "precision": 0.9468085106382979,
      "recall": 0.898989898989899,
      "f1-score": 0.9222797927461139,
      "support": 99.0
    },
    "CHCC": {
      "precision": 0.9875,
      "recall": 0.9294117647058824,
      "f1-score": 0.9575757575757575,
      "support": 85.0
    },
    "accuracy": 0.9388489208633094,
    "macro avg": {
      "precision": 0.9428464266230224,
      "recall": 0.9392544552744804,
      "f1-score": 0.9397498299052703,
      "support": 278.0
    },
    "weighted avg": {
      "precision": 0.9414720678449058,
      "recall": 0.9388489208633094,
      "f1-score": 0.9388585222260252,
      "support": 278.0
    }
  },
  "ci_95_oof": {
    "accuracy": {
      "low": 0.9100719424460432,
      "high": 0.9640287769784173
    },
    "f1_macro": {
      "low": 0.911286066454511,
      "high": 0.9646569473558457
    },
    "auc_macro_ovr": {
      "low": 0.9596327861717986,
      "high": 0.9895659109748635
    }
  },
  "classes": [
    "HCC",
    "ICC",
    "CHCC"
  ],
  "per_class_stats_oof": {
    "HCC": {
      "precision": 0.8942307692307693,
      "recall": 0.9893617021276596,
      "f1": 0.9393939393939394,
      "support": 94,
      "sensitivity": 0.9893617021276491,
      "specificity": 0.9402173913043428
    },
    "ICC": {
      "precision": 0.9468085106382979,
      "recall": 0.898989898989899,
      "f1": 0.9222797927461139,
      "support": 99,
      "sensitivity": 0.8989898989898899,
      "specificity": 0.9720670391061399
    },
    "CHCC": {
      "precision": 0.9875,
      "recall": 0.9294117647058824,
      "f1": 0.9575757575757575,
      "support": 85,
      "sensitivity": 0.9294117647058715,
      "specificity": 0.9948186528497358
    }
  }
}