metric,value
Accuracy,0.9285714285714286
Macro-F1,0.9303451178451178
Macro-AUC (OvR),0.9794124127383746
Balanced Accuracy,0.9263927793339061
Precision (HCC),0.9444444444444444
Recall/Sensitivity (HCC),0.944444444444392
Specificity (HCC),0.9736842105262902
F1 (HCC),0.9444444444444444
Support (HCC),18.0
Precision (ICC),0.8695652173913043
Recall/Sensitivity (ICC),0.9523809523809071
Specificity (ICC),0.9142857142856882
F1 (ICC),0.9090909090909091
Support (ICC),21.0
Precision (CHCC),1.0
Recall/Sensitivity (CHCC),0.8823529411764188
Specificity (CHCC),0.9999999999999744
F1 (CHCC),0.9375
Support (CHCC),17.0
