{
  "accuracy": 0.9285714285714286,
  "f1_macro": 0.9303451178451178,
  "f1_per_class": {
    "HCC": 0.9444444444444444,
    "ICC": 0.9090909090909091,
    "CHCC": 0.9375
  },
  "auc_macro_ovr": 0.9794124127383746,
  "balanced_accuracy": 0.9263927793339061,
  "confusion_matrix": [
    [
      17,
      1,
      0
    ],
    [
      1,
      20,
      0
    ],
    [
      0,
      2,
      15
    ]
  ],
  "classification_report": {
    "HCC": {
      "precision": 0.9444444444444444,
      "recall": 0.9444444444444444,
      "f1-score": 0.9444444444444444,
      "support": 18.0
    },
    "ICC": {
      "precision": 0.8695652173913043,
      "recall": 0.9523809523809523,
      "f1-score": 0.9090909090909091,
      "support": 21.0
    },
    "CHCC": {
      "precision": 1.0,
      "recall": 0.8823529411764706,
      "f1-score": 0.9375,
      "support": 17.0
    },
    "accuracy": 0.9285714285714286,
    "macro avg": {
      "precision": 0.9380032206119163,
      "recall": 0.9263927793339558,
      "f1-score": 0.9303451178451178,
      "support": 56.0
    },
    "weighted avg": {
      "precision": 0.9332298136645962,
      "recall": 0.9285714285714286,
      "f1-score": 0.9290787337662338,
      "support": 56.0
    }
  },
  "ci_95": {
    "accuracy": {
      "low": 0.8571428571428571,
      "high": 0.9821428571428571
    },
    "f1_macro": {
      "low": 0.8580666192508297,
      "high": 0.9844552299789029
    },
    "auc_macro_ovr": {
      "low": 0.9467546642466123,
      "high": 1.0
    }
  },
  "classes": [
    "HCC",
    "ICC",
    "CHCC"
  ],
  "per_class_stats": {
    "HCC": {
      "precision": 0.9444444444444444,
      "recall": 0.9444444444444444,
      "f1": 0.9444444444444444,
      "support": 18,
      "sensitivity": 0.944444444444392,
      "specificity": 0.9736842105262902
    },
    "ICC": {
      "precision": 0.8695652173913043,
      "recall": 0.9523809523809523,
      "f1": 0.9090909090909091,
      "support": 21,
      "sensitivity": 0.9523809523809071,
      "specificity": 0.9142857142856882
    },
    "CHCC": {
      "precision": 1.0,
      "recall": 0.8823529411764706,
      "f1": 0.9375,
      "support": 17,
      "sensitivity": 0.8823529411764188,
      "specificity": 0.9999999999999744
    }
  }
}