metric,value
Accuracy,0.9285714285714286
Macro-F1,0.930903778576223
Macro-AUC (OvR),0.9642939814814815
Balanced Accuracy,0.9291666666666164
Precision (HCC),0.8695652173913043
Recall/Sensitivity (HCC),0.99999999999995
Specificity (HCC),0.9166666666666412
F1 (HCC),0.9302325581395349
Support (HCC),20.0
Precision (ICC),0.9444444444444444
Recall/Sensitivity (ICC),0.8499999999999576
Specificity (ICC),0.9722222222221951
F1 (ICC),0.8947368421052632
Support (ICC),20.0
Precision (CHCC),1.0
Recall/Sensitivity (CHCC),0.9374999999999415
Specificity (CHCC),0.9999999999999749
F1 (CHCC),0.967741935483871
Support (CHCC),16.0
