{
  "accuracy_oof": 0.9496402877697842,
  "f1_macro_oof": 0.9500483643340786,
  "auc_macro_ovr_oof": 0.9792431425538046,
  "balanced_accuracy_oof": 0.9493554653754801,
  "confusion_matrix_oof": [
    [
      93,
      0,
      1
    ],
    [
      7,
      92,
      0
    ],
    [
      2,
      4,
      79
    ]
  ],
  "classification_report_oof": {
    "HCC": {
      "precision": 0.9117647058823529,
      "recall": 0.9893617021276596,
      "f1-score": 0.9489795918367347,
      "support": 94.0
    },
    "ICC": {
      "precision": 0.9583333333333334,
      "recall": 0.9292929292929293,
      "f1-score": 0.9435897435897436,
      "support": 99.0
    },
    "CHCC": {
      "precision": 0.9875,
      "recall": 0.9294117647058824,
      "f1-score": 0.9575757575757575,
      "support": 85.0
    },
    "accuracy": 0.9496402877697842,
    "macro avg": {
      "precision": 0.952532679738562,
      "recall": 0.9493554653754904,
      "f1-score": 0.9500483643340786,
      "support": 278.0
    },
    "weighted avg": {
      "precision": 0.9515049724925941,
      "recall": 0.9496402877697842,
      "f1-score": 0.9496885095035146,
      "support": 278.0
    }
  },
  "ci_95_oof": {
    "accuracy": {
      "low": 0.920863309352518,
      "high": 0.9712230215827338
    },
    "f1_macro": {
      "low": 0.9225523320642413,
      "high": 0.9714218094550036
    },
    "auc_macro_ovr": {
      "low": 0.9661373877809426,
      "high": 0.9904821462941397
    }
  },
  "classes": [
    "HCC",
    "ICC",
    "CHCC"
  ],
  "per_class_stats_oof": {
    "HCC": {
      "precision": 0.9117647058823529,
      "recall": 0.9893617021276596,
      "f1": 0.9489795918367347,
      "support": 94,
      "sensitivity": 0.9893617021276491,
      "specificity": 0.951086956521734
    },
    "ICC": {
      "precision": 0.9583333333333334,
      "recall": 0.9292929292929293,
      "f1": 0.9435897435897436,
      "support": 99,
      "sensitivity": 0.92929292929292,
      "specificity": 0.9776536312849108
    },
    "CHCC": {
      "precision": 0.9875,
      "recall": 0.9294117647058824,
      "f1": 0.9575757575757575,
      "support": 85,
      "sensitivity": 0.9294117647058715,
      "specificity": 0.9948186528497358
    }
  }
}