{
  "accuracy": 0.8928571428571429,
  "f1_macro": 0.8966547192353644,
  "f1_per_class": {
    "HCC": 0.8888888888888888,
    "ICC": 0.8333333333333334,
    "CHCC": 0.967741935483871
  },
  "auc_macro_ovr": 0.9536458333333333,
  "balanced_accuracy": 0.8958333333332846,
  "confusion_matrix": [
    [
      20,
      0,
      0
    ],
    [
      5,
      15,
      0
    ],
    [
      0,
      1,
      15
    ]
  ],
  "classification_report": {
    "HCC": {
      "precision": 0.8,
      "recall": 1.0,
      "f1-score": 0.8888888888888888,
      "support": 20.0
    },
    "ICC": {
      "precision": 0.9375,
      "recall": 0.75,
      "f1-score": 0.8333333333333334,
      "support": 20.0
    },
    "CHCC": {
      "precision": 1.0,
      "recall": 0.9375,
      "f1-score": 0.967741935483871,
      "support": 16.0
    },
    "accuracy": 0.8928571428571429,
    "macro avg": {
      "precision": 0.9125,
      "recall": 0.8958333333333334,
      "f1-score": 0.8966547192353644,
      "support": 56.0
    },
    "weighted avg": {
      "precision": 0.90625,
      "recall": 0.8928571428571429,
      "f1-score": 0.8915770609318996,
      "support": 56.0
    }
  },
  "ci_95": {
    "accuracy": {
      "low": 0.8035714285714286,
      "high": 0.9642857142857143
    },
    "f1_macro": {
      "low": 0.8151702508960574,
      "high": 0.9648468168629458
    },
    "auc_macro_ovr": {
      "low": 0.9008358190000365,
      "high": 0.9944315666542966
    }
  },
  "classes": [
    "HCC",
    "ICC",
    "CHCC"
  ],
  "per_class_stats": {
    "HCC": {
      "precision": 0.8,
      "recall": 1.0,
      "f1": 0.8888888888888888,
      "support": 20,
      "sensitivity": 0.99999999999995,
      "specificity": 0.8611111111110872
    },
    "ICC": {
      "precision": 0.9375,
      "recall": 0.75,
      "f1": 0.8333333333333334,
      "support": 20,
      "sensitivity": 0.7499999999999626,
      "specificity": 0.9722222222221951
    },
    "CHCC": {
      "precision": 1.0,
      "recall": 0.9375,
      "f1": 0.967741935483871,
      "support": 16,
      "sensitivity": 0.9374999999999415,
      "specificity": 0.9999999999999749
    }
  }
}