metric,value
Accuracy,0.8928571428571429
Macro-F1,0.8966547192353644
Macro-AUC (OvR),0.9536458333333333
Balanced Accuracy,0.8958333333332846
Precision (HCC),0.8
Recall/Sensitivity (HCC),0.99999999999995
Specificity (HCC),0.8611111111110872
F1 (HCC),0.8888888888888888
Support (HCC),20.0
Precision (ICC),0.9375
Recall/Sensitivity (ICC),0.7499999999999626
Specificity (ICC),0.9722222222221951
F1 (ICC),0.8333333333333334
Support (ICC),20.0
Precision (CHCC),1.0
Recall/Sensitivity (CHCC),0.9374999999999415
Specificity (CHCC),0.9999999999999749
F1 (CHCC),0.967741935483871
Support (CHCC),16.0
