{
  "accuracy": 0.9636363636363636,
  "f1_macro": 0.9634106634106634,
  "f1_per_class": {
    "HCC": 0.9743589743589743,
    "ICC": 0.9444444444444444,
    "CHCC": 0.9714285714285714
  },
  "auc_macro_ovr": 0.9970760233918128,
  "balanced_accuracy": 0.9649122807017018,
  "confusion_matrix": [
    [
      19,
      0,
      0
    ],
    [
      1,
      17,
      1
    ],
    [
      0,
      0,
      17
    ]
  ],
  "classification_report": {
    "HCC": {
      "precision": 0.95,
      "recall": 1.0,
      "f1-score": 0.9743589743589743,
      "support": 19.0
    },
    "ICC": {
      "precision": 1.0,
      "recall": 0.8947368421052632,
      "f1-score": 0.9444444444444444,
      "support": 19.0
    },
    "CHCC": {
      "precision": 0.9444444444444444,
      "recall": 1.0,
      "f1-score": 0.9714285714285714,
      "support": 17.0
    },
    "accuracy": 0.9636363636363636,
    "macro avg": {
      "precision": 0.9648148148148148,
      "recall": 0.9649122807017544,
      "f1-score": 0.9634106634106634,
      "support": 55.0
    },
    "weighted avg": {
      "precision": 0.9655555555555555,
      "recall": 0.9636363636363636,
      "f1-score": 0.963119103119103,
      "support": 55.0
    }
  },
  "ci_95": {
    "accuracy": {
      "low": 0.9090909090909091,
      "high": 1.0
    },
    "f1_macro": {
      "low": 0.9037011227255131,
      "high": 1.0
    },
    "auc_macro_ovr": {
      "low": 0.9888638853140682,
      "high": 1.0
    }
  },
  "classes": [
    "HCC",
    "ICC",
    "CHCC"
  ],
  "per_class_stats": {
    "HCC": {
      "precision": 0.95,
      "recall": 1.0,
      "f1": 0.9743589743589743,
      "support": 19,
      "sensitivity": 0.9999999999999475,
      "specificity": 0.9722222222221951
    },
    "ICC": {
      "precision": 1.0,
      "recall": 0.8947368421052632,
      "f1": 0.9444444444444444,
      "support": 19,
      "sensitivity": 0.8947368421052162,
      "specificity": 0.9999999999999721
    },
    "CHCC": {
      "precision": 0.9444444444444444,
      "recall": 1.0,
      "f1": 0.9714285714285714,
      "support": 17,
      "sensitivity": 0.9999999999999413,
      "specificity": 0.9736842105262902
    }
  }
}