metric,value
Accuracy,0.9464285714285714
Macro-F1,0.9452350485349051
Macro-AUC (OvR),0.9893518518518518
Balanced Accuracy,0.9444444444443939
Precision (HCC),1.0
Recall/Sensitivity (HCC),0.8888888888888395
Specificity (HCC),0.9999999999999737
F1 (HCC),0.9411764705882353
Support (HCC),18.0
Precision (ICC),0.9523809523809523
Recall/Sensitivity (ICC),0.99999999999995
Specificity (ICC),0.9722222222221951
F1 (ICC),0.975609756097561
Support (ICC),20.0
Precision (CHCC),0.8947368421052632
Recall/Sensitivity (CHCC),0.944444444444392
Specificity (CHCC),0.9473684210526065
F1 (CHCC),0.918918918918919
Support (CHCC),18.0
