{
  "accuracy": 0.9464285714285714,
  "f1_macro": 0.9452350485349051,
  "f1_per_class": {
    "HCC": 0.9411764705882353,
    "ICC": 0.975609756097561,
    "CHCC": 0.918918918918919
  },
  "auc_macro_ovr": 0.9893518518518518,
  "balanced_accuracy": 0.9444444444443939,
  "confusion_matrix": [
    [
      16,
      0,
      2
    ],
    [
      0,
      20,
      0
    ],
    [
      0,
      1,
      17
    ]
  ],
  "classification_report": {
    "HCC": {
      "precision": 1.0,
      "recall": 0.8888888888888888,
      "f1-score": 0.9411764705882353,
      "support": 18.0
    },
    "ICC": {
      "precision": 0.9523809523809523,
      "recall": 1.0,
      "f1-score": 0.975609756097561,
      "support": 20.0
    },
    "CHCC": {
      "precision": 0.8947368421052632,
      "recall": 0.9444444444444444,
      "f1-score": 0.918918918918919,
      "support": 18.0
    },
    "accuracy": 0.9464285714285714,
    "macro avg": {
      "precision": 0.9490392648287385,
      "recall": 0.9444444444444443,
      "f1-score": 0.9452350485349051,
      "support": 56.0
    },
    "weighted avg": {
      "precision": 0.9491586108127462,
      "recall": 0.9464285714285714,
      "f1-score": 0.9463198595192857,
      "support": 56.0
    }
  },
  "ci_95": {
    "accuracy": {
      "low": 0.875,
      "high": 1.0
    },
    "f1_macro": {
      "low": 0.8702991275323592,
      "high": 1.0
    },
    "auc_macro_ovr": {
      "low": 0.9651726437043074,
      "high": 1.0
    }
  },
  "classes": [
    "HCC",
    "ICC",
    "CHCC"
  ],
  "per_class_stats": {
    "HCC": {
      "precision": 1.0,
      "recall": 0.8888888888888888,
      "f1": 0.9411764705882353,
      "support": 18,
      "sensitivity": 0.8888888888888395,
      "specificity": 0.9999999999999737
    },
    "ICC": {
      "precision": 0.9523809523809523,
      "recall": 1.0,
      "f1": 0.975609756097561,
      "support": 20,
      "sensitivity": 0.99999999999995,
      "specificity": 0.9722222222221951
    },
    "CHCC": {
      "precision": 0.8947368421052632,
      "recall": 0.9444444444444444,
      "f1": 0.918918918918919,
      "support": 18,
      "sensitivity": 0.944444444444392,
      "specificity": 0.9473684210526065
    }
  }
}