metric,value
Accuracy,0.9636363636363636
Macro-F1,0.9634106634106634
Macro-AUC (OvR),0.9868421052631579
Balanced Accuracy,0.9649122807017018
Precision (HCC),0.95
Recall/Sensitivity (HCC),0.9999999999999475
Specificity (HCC),0.9722222222221951
F1 (HCC),0.9743589743589743
Support (HCC),19.0
Precision (ICC),1.0
Recall/Sensitivity (ICC),0.8947368421052162
Specificity (ICC),0.9999999999999721
F1 (ICC),0.9444444444444444
Support (ICC),19.0
Precision (CHCC),0.9444444444444444
Recall/Sensitivity (CHCC),0.9999999999999413
Specificity (CHCC),0.9736842105262902
F1 (CHCC),0.9714285714285714
Support (CHCC),17.0
