{
  "accuracy": 0.9107142857142857,
  "f1_macro": 0.9161952650324743,
  "f1_per_class": {
    "HCC": 0.8837209302325582,
    "ICC": 0.8648648648648649,
    "CHCC": 1.0
  },
  "auc_macro_ovr": 0.9819444444444446,
  "balanced_accuracy": 0.9166666666666167,
  "confusion_matrix": [
    [
      19,
      1,
      0
    ],
    [
      4,
      16,
      0
    ],
    [
      0,
      0,
      16
    ]
  ],
  "classification_report": {
    "HCC": {
      "precision": 0.8260869565217391,
      "recall": 0.95,
      "f1-score": 0.8837209302325582,
      "support": 20.0
    },
    "ICC": {
      "precision": 0.9411764705882353,
      "recall": 0.8,
      "f1-score": 0.8648648648648649,
      "support": 20.0
    },
    "CHCC": {
      "precision": 1.0,
      "recall": 1.0,
      "f1-score": 1.0,
      "support": 16.0
    },
    "accuracy": 0.9107142857142857,
    "macro avg": {
      "precision": 0.9224211423699914,
      "recall": 0.9166666666666666,
      "f1-score": 0.9161952650324743,
      "support": 56.0
    },
    "weighted avg": {
      "precision": 0.9168797953964195,
      "recall": 0.9107142857142857,
      "f1-score": 0.9102092125347939,
      "support": 56.0
    }
  },
  "ci_95": {
    "accuracy": {
      "low": 0.8214285714285714,
      "high": 0.9821428571428571
    },
    "f1_macro": {
      "low": 0.8394613475503263,
      "high": 0.9819346286788148
    },
    "auc_macro_ovr": {
      "low": 0.9565697344144684,
      "high": 0.9994979499623462
    }
  },
  "classes": [
    "HCC",
    "ICC",
    "CHCC"
  ],
  "per_class_stats": {
    "HCC": {
      "precision": 0.8260869565217391,
      "recall": 0.95,
      "f1": 0.8837209302325582,
      "support": 20,
      "sensitivity": 0.9499999999999525,
      "specificity": 0.8888888888888642
    },
    "ICC": {
      "precision": 0.9411764705882353,
      "recall": 0.8,
      "f1": 0.8648648648648649,
      "support": 20,
      "sensitivity": 0.7999999999999601,
      "specificity": 0.9722222222221951
    },
    "CHCC": {
      "precision": 1.0,
      "recall": 1.0,
      "f1": 1.0,
      "support": 16,
      "sensitivity": 0.9999999999999376,
      "specificity": 0.9999999999999749
    }
  }
}