metric,value
Accuracy,0.9107142857142857
Macro-F1,0.9161952650324743
Macro-AUC (OvR),0.9819444444444446
Balanced Accuracy,0.9166666666666167
Precision (HCC),0.8260869565217391
Recall/Sensitivity (HCC),0.9499999999999525
Specificity (HCC),0.8888888888888642
F1 (HCC),0.8837209302325582
Support (HCC),20.0
Precision (ICC),0.9411764705882353
Recall/Sensitivity (ICC),0.7999999999999601
Specificity (ICC),0.9722222222221951
F1 (ICC),0.8648648648648649
Support (ICC),20.0
Precision (CHCC),1.0
Recall/Sensitivity (CHCC),0.9999999999999376
Specificity (CHCC),0.9999999999999749
F1 (CHCC),1.0
Support (CHCC),16.0
