patient_id,path_C1,path_C2,path_C3,path_P,label,prob_HCC,prob_ICC,prob_CHCC,pred
10,D:\Downloads\ExternalData\ct_scans_1_4_wawtace_09_05_24\10\10_1_scan.nii.gz,D:\Downloads\ExternalData\ct_scans_1_4_wawtace_09_05_24\10\10_2_scan.nii.gz,D:\Downloads\ExternalData\ct_scans_1_4_wawtace_09_05_24\10\10_3_scan.nii.gz,D:\Downloads\ExternalData\ct_scans_1_4_wawtace_09_05_24\10\10_0_scan.nii.gz,HCC,0.3638329,0.44575572,0.19041133,ICC
13,D:\Downloads\ExternalData\ct_scans_1_4_wawtace_09_05_24\13\13_1_scan.nii.gz,D:\Downloads\ExternalData\ct_scans_1_4_wawtace_09_05_24\13\13_2_scan.nii.gz,D:\Downloads\ExternalData\ct_scans_1_4_wawtace_09_05_24\13\13_3_scan.nii.gz,D:\Downloads\ExternalData\ct_scans_1_4_wawtace_09_05_24\13\13_0_scan.nii.gz,HCC,0.53684485,0.38157123,0.08158393,HCC
14,D:\Downloads\ExternalData\ct_scans_1_4_wawtace_09_05_24\14\14_1_scan.nii.gz,D:\Downloads\ExternalData\ct_scans_1_4_wawtace_09_05_24\14\14_2_scan.nii.gz,,D:\Downloads\ExternalData\ct_scans_1_4_wawtace_09_05_24\14\14_0_scan.nii.gz,HCC,0.3400857,0.5446587,0.11525562,ICC
15,D:\Downloads\ExternalData\ct_scans_1_4_wawtace_09_05_24\15\15_1_scan.nii.gz,D:\Downloads\ExternalData\ct_scans_1_4_wawtace_09_05_24\15\15_2_scan.nii.gz,D:\Downloads\ExternalData\ct_scans_1_4_wawtace_09_05_24\15\15_3_scan.nii.gz,D:\Downloads\ExternalData\ct_scans_1_4_wawtace_09_05_24\15\15_0_scan.nii.gz,HCC,0.45346308,0.28786135,0.25867555,HCC
16,D:\Downloads\ExternalData\ct_scans_1_4_wawtace_09_05_24\16\16_1_scan.nii.gz,D:\Downloads\ExternalData\ct_scans_1_4_wawtace_09_05_24\16\16_2_scan.nii.gz,,D:\Downloads\ExternalData\ct_scans_1_4_wawtace_09_05_24\16\16_0_scan.nii.gz,HCC,0.5471286,0.30587354,0.14699781,HCC
18,D:\Downloads\ExternalData\ct_scans_1_4_wawtace_09_05_24\18\18_1_scan.nii.gz,D:\Downloads\ExternalData\ct_scans_1_4_wawtace_09_05_24\18\18_2_scan.nii.gz,D:\Downloads\ExternalData\ct_scans_1_4_wawtace_09_05_24\18\18_3_scan.nii.gz,D:\Downloads\ExternalData\ct_scans_1_4_wawtace_09_05_24\18\18_0_scan.nii.gz,HCC,0.43422833,0.31911555,0.2466561,HCC
19,D:\Downloads\ExternalData\ct_scans_1_4_wawtace_09_05_24\19\19_1_scan.nii.gz,D:\Downloads\ExternalData\ct_scans_1_4_wawtace_09_05_24\19\19_2_scan.nii.gz,D:\Downloads\ExternalData\ct_scans_1_4_wawtace_09_05_24\19\19_3_scan.nii.gz,D:\Downloads\ExternalData\ct_scans_1_4_wawtace_09_05_24\19\19_0_scan.nii.gz,HCC,0.53264767,0.3252132,0.14213915,HCC
2,D:\Downloads\ExternalData\ct_scans_1_4_wawtace_09_05_24\2\2_1_scan.nii.gz,D:\Downloads\ExternalData\ct_scans_1_4_wawtace_09_05_24\2\2_2_scan.nii.gz,D:\Downloads\ExternalData\ct_scans_1_4_wawtace_09_05_24\2\2_3_scan.nii.gz,D:\Downloads\ExternalData\ct_scans_1_4_wawtace_09_05_24\2\2_0_scan.nii.gz,HCC,0.42842865,0.40279275,0.1687786,HCC
20,D:\Downloads\ExternalData\ct_scans_1_4_wawtace_09_05_24\20\20_1_scan.nii.gz,D:\Downloads\ExternalData\ct_scans_1_4_wawtace_09_05_24\20\20_2_scan.nii.gz,D:\Downloads\ExternalData\ct_scans_1_4_wawtace_09_05_24\20\20_3_scan.nii.gz,D:\Downloads\ExternalData\ct_scans_1_4_wawtace_09_05_24\20\20_0_scan.nii.gz,HCC,0.18560353,0.27074063,0.5436559,CHCC
21,D:\Downloads\ExternalData\ct_scans_1_4_wawtace_09_05_24\21\21_1_scan.nii.gz,D:\Downloads\ExternalData\ct_scans_1_4_wawtace_09_05_24\21\21_2_scan.nii.gz,,D:\Downloads\ExternalData\ct_scans_1_4_wawtace_09_05_24\21\21_0_scan.nii.gz,HCC,0.3113232,0.5154068,0.17326999,ICC
23,D:\Downloads\ExternalData\ct_scans_1_4_wawtace_09_05_24\23\23_1_scan.nii.gz,D:\Downloads\ExternalData\ct_scans_1_4_wawtace_09_05_24\23\23_2_scan.nii.gz,D:\Downloads\ExternalData\ct_scans_1_4_wawtace_09_05_24\23\23_3_scan.nii.gz,D:\Downloads\ExternalData\ct_scans_1_4_wawtace_09_05_24\23\23_0_scan.nii.gz,HCC,0.35209146,0.4482573,0.19965127,ICC
24,D:\Downloads\ExternalData\ct_scans_1_4_wawtace_09_05_24\24\24_1_scan.nii.gz,D:\Downloads\ExternalData\ct_scans_1_4_wawtace_09_05_24\24\24_2_scan.nii.gz,,D:\Downloads\ExternalData\ct_scans_1_4_wawtace_09_05_24\24\24_0_scan.nii.gz,HCC,0.4671927,0.37223753,0.16056979,HCC
25,D:\Downloads\ExternalData\ct_scans_1_4_wawtace_09_05_24\25\25_1_scan.nii.gz,D:\Downloads\ExternalData\ct_scans_1_4_wawtace_09_05_24\25\25_2_scan.nii.gz,D:\Downloads\ExternalData\ct_scans_1_4_wawtace_09_05_24\25\25_3_scan.nii.gz,,HCC,0.4305728,0.39544335,0.17398387,HCC
26,D:\Downloads\ExternalData\ct_scans_1_4_wawtace_09_05_24\26\26_1_scan.nii.gz,D:\Downloads\ExternalData\ct_scans_1_4_wawtace_09_05_24\26\26_2_scan.nii.gz,D:\Downloads\ExternalData\ct_scans_1_4_wawtace_09_05_24\26\26_3_scan.nii.gz,,HCC,0.5973066,0.21901174,0.18368164,HCC
27,D:\Downloads\ExternalData\ct_scans_1_4_wawtace_09_05_24\27\27_1_scan.nii.gz,D:\Downloads\ExternalData\ct_scans_1_4_wawtace_09_05_24\27\27_2_scan.nii.gz,D:\Downloads\ExternalData\ct_scans_1_4_wawtace_09_05_24\27\27_3_scan.nii.gz,D:\Downloads\ExternalData\ct_scans_1_4_wawtace_09_05_24\27\27_0_scan.nii.gz,HCC,0.6341081,0.18446943,0.18142244,HCC
28,D:\Downloads\ExternalData\ct_scans_1_4_wawtace_09_05_24\28\28_1_scan.nii.gz,D:\Downloads\ExternalData\ct_scans_1_4_wawtace_09_05_24\28\28_2_scan.nii.gz,,D:\Downloads\ExternalData\ct_scans_1_4_wawtace_09_05_24\28\28_0_scan.nii.gz,HCC,0.21729712,0.32361236,0.45909053,CHCC
29,D:\Downloads\ExternalData\ct_scans_1_4_wawtace_09_05_24\29\29_1_scan.nii.gz,D:\Downloads\ExternalData\ct_scans_1_4_wawtace_09_05_24\29\29_2_scan.nii.gz,D:\Downloads\ExternalData\ct_scans_1_4_wawtace_09_05_24\29\29_3_scan.nii.gz,D:\Downloads\ExternalData\ct_scans_1_4_wawtace_09_05_24\29\29_0_scan.nii.gz,HCC,0.5753155,0.34190363,0.0827809,HCC
3,D:\Downloads\ExternalData\ct_scans_1_4_wawtace_09_05_24\3\3_1_scan.nii.gz,D:\Downloads\ExternalData\ct_scans_1_4_wawtace_09_05_24\3\3_2_scan.nii.gz,D:\Downloads\ExternalData\ct_scans_1_4_wawtace_09_05_24\3\3_3_scan.nii.gz,D:\Downloads\ExternalData\ct_scans_1_4_wawtace_09_05_24\3\3_0_scan.nii.gz,HCC,0.35593042,0.3466986,0.2973709,HCC
31,D:\Downloads\ExternalData\ct_scans_1_4_wawtace_09_05_24\31\31_1_scan.nii.gz,D:\Downloads\ExternalData\ct_scans_1_4_wawtace_09_05_24\31\31_2_scan.nii.gz,D:\Downloads\ExternalData\ct_scans_1_4_wawtace_09_05_24\31\31_3_scan.nii.gz,D:\Downloads\ExternalData\ct_scans_1_4_wawtace_09_05_24\31\31_0_scan.nii.gz,HCC,0.42362,0.16774271,0.40863723,HCC
33,D:\Downloads\ExternalData\ct_scans_1_4_wawtace_09_05_24\33\33_1_scan.nii.gz,D:\Downloads\ExternalData\ct_scans_1_4_wawtace_09_05_24\33\33_2_scan.nii.gz,D:\Downloads\ExternalData\ct_scans_1_4_wawtace_09_05_24\33\33_3_scan.nii.gz,D:\Downloads\ExternalData\ct_scans_1_4_wawtace_09_05_24\33\33_0_scan.nii.gz,HCC,0.49541217,0.2857348,0.21885304,HCC
34,D:\Downloads\ExternalData\ct_scans_1_4_wawtace_09_05_24\34\34_1_scan.nii.gz,D:\Downloads\ExternalData\ct_scans_1_4_wawtace_09_05_24\34\34_2_scan.nii.gz,D:\Downloads\ExternalData\ct_scans_1_4_wawtace_09_05_24\34\34_3_scan.nii.gz,D:\Downloads\ExternalData\ct_scans_1_4_wawtace_09_05_24\34\34_0_scan.nii.gz,HCC,0.5018557,0.26809725,0.23004706,HCC
35,D:\Downloads\ExternalData\ct_scans_1_4_wawtace_09_05_24\35\35_1_scan.nii.gz,D:\Downloads\ExternalData\ct_scans_1_4_wawtace_09_05_24\35\35_2_scan.nii.gz,,D:\Downloads\ExternalData\ct_scans_1_4_wawtace_09_05_24\35\35_0_scan.nii.gz,HCC,0.22417073,0.46825448,0.3075748,ICC
36,D:\Downloads\ExternalData\ct_scans_1_4_wawtace_09_05_24\36\36_1_scan.nii.gz,D:\Downloads\ExternalData\ct_scans_1_4_wawtace_09_05_24\36\36_2_scan.nii.gz,,D:\Downloads\ExternalData\ct_scans_1_4_wawtace_09_05_24\36\36_0_scan.nii.gz,HCC,0.47919387,0.3511422,0.16966394,HCC
37,D:\Downloads\ExternalData\ct_scans_1_4_wawtace_09_05_24\37\37_1_scan.nii.gz,D:\Downloads\ExternalData\ct_scans_1_4_wawtace_09_05_24\37\37_2_scan.nii.gz,D:\Downloads\ExternalData\ct_scans_1_4_wawtace_09_05_24\37\37_3_scan.nii.gz,,HCC,0.51386726,0.27583918,0.21029353,HCC
38,D:\Downloads\ExternalData\ct_scans_1_4_wawtace_09_05_24\38\38_1_scan.nii.gz,D:\Downloads\ExternalData\ct_scans_1_4_wawtace_09_05_24\38\38_2_scan.nii.gz,D:\Downloads\ExternalData\ct_scans_1_4_wawtace_09_05_24\38\38_3_scan.nii.gz,D:\Downloads\ExternalData\ct_scans_1_4_wawtace_09_05_24\38\38_0_scan.nii.gz,HCC,0.65411913,0.20993328,0.13594757,HCC
39,D:\Downloads\ExternalData\ct_scans_1_4_wawtace_09_05_24\39\39_1_scan.nii.gz,D:\Downloads\ExternalData\ct_scans_1_4_wawtace_09_05_24\39\39_2_scan.nii.gz,D:\Downloads\ExternalData\ct_scans_1_4_wawtace_09_05_24\39\39_3_scan.nii.gz,D:\Downloads\ExternalData\ct_scans_1_4_wawtace_09_05_24\39\39_0_scan.nii.gz,HCC,0.4543705,0.15401399,0.3916155,HCC
41,D:\Downloads\ExternalData\ct_scans_1_4_wawtace_09_05_24\41\41_1_scan.nii.gz,D:\Downloads\ExternalData\ct_scans_1_4_wawtace_09_05_24\41\41_2_scan.nii.gz,D:\Downloads\ExternalData\ct_scans_1_4_wawtace_09_05_24\41\41_3_scan.nii.gz,,HCC,0.53449863,0.21611758,0.24938378,HCC
42,D:\Downloads\ExternalData\ct_scans_1_4_wawtace_09_05_24\42\42_1_scan.nii.gz,D:\Downloads\ExternalData\ct_scans_1_4_wawtace_09_05_24\42\42_2_scan.nii.gz,D:\Downloads\ExternalData\ct_scans_1_4_wawtace_09_05_24\42\42_3_scan.nii.gz,D:\Downloads\ExternalData\ct_scans_1_4_wawtace_09_05_24\42\42_0_scan.nii.gz,HCC,0.51527387,0.37157798,0.11314814,HCC
43,D:\Downloads\ExternalData\ct_scans_1_4_wawtace_09_05_24\43\43_1_scan.nii.gz,D:\Downloads\ExternalData\ct_scans_1_4_wawtace_09_05_24\43\43_2_scan.nii.gz,D:\Downloads\ExternalData\ct_scans_1_4_wawtace_09_05_24\43\43_3_scan.nii.gz,,HCC,0.47311884,0.3831985,0.14368269,HCC
44,D:\Downloads\ExternalData\ct_scans_1_4_wawtace_09_05_24\44\44_1_scan.nii.gz,D:\Downloads\ExternalData\ct_scans_1_4_wawtace_09_05_24\44\44_2_scan.nii.gz,D:\Downloads\ExternalData\ct_scans_1_4_wawtace_09_05_24\44\44_3_scan.nii.gz,D:\Downloads\ExternalData\ct_scans_1_4_wawtace_09_05_24\44\44_0_scan.nii.gz,HCC,0.4931348,0.3324601,0.1744051,HCC
45,D:\Downloads\ExternalData\ct_scans_1_4_wawtace_09_05_24\45\45_1_scan.nii.gz,D:\Downloads\ExternalData\ct_scans_1_4_wawtace_09_05_24\45\45_2_scan.nii.gz,D:\Downloads\ExternalData\ct_scans_1_4_wawtace_09_05_24\45\45_3_scan.nii.gz,,HCC,0.4315551,0.41416535,0.15427952,HCC
46,D:\Downloads\ExternalData\ct_scans_1_4_wawtace_09_05_24\46\46_1_scan.nii.gz,D:\Downloads\ExternalData\ct_scans_1_4_wawtace_09_05_24\46\46_2_scan.nii.gz,D:\Downloads\ExternalData\ct_scans_1_4_wawtace_09_05_24\46\46_3_scan.nii.gz,,HCC,0.35697135,0.5644461,0.07858251,ICC
47,D:\Downloads\ExternalData\ct_scans_1_4_wawtace_09_05_24\47\47_1_scan.nii.gz,D:\Downloads\ExternalData\ct_scans_1_4_wawtace_09_05_24\47\47_2_scan.nii.gz,D:\Downloads\ExternalData\ct_scans_1_4_wawtace_09_05_24\47\47_3_scan.nii.gz,,HCC,0.38082594,0.47221154,0.1469625,ICC
48,D:\Downloads\ExternalData\ct_scans_1_4_wawtace_09_05_24\48\48_1_scan.nii.gz,D:\Downloads\ExternalData\ct_scans_1_4_wawtace_09_05_24\48\48_2_scan.nii.gz,,D:\Downloads\ExternalData\ct_scans_1_4_wawtace_09_05_24\48\48_0_scan.nii.gz,HCC,0.34721312,0.2218205,0.43096638,CHCC
5,D:\Downloads\ExternalData\ct_scans_1_4_wawtace_09_05_24\5\5_1_scan.nii.gz,D:\Downloads\ExternalData\ct_scans_1_4_wawtace_09_05_24\5\5_2_scan.nii.gz,D:\Downloads\ExternalData\ct_scans_1_4_wawtace_09_05_24\5\5_3_scan.nii.gz,,HCC,0.27067995,0.6158929,0.11342716,ICC
50,D:\Downloads\ExternalData\ct_scans_1_4_wawtace_09_05_24\50\50_1_scan.nii.gz,D:\Downloads\ExternalData\ct_scans_1_4_wawtace_09_05_24\50\50_2_scan.nii.gz,D:\Downloads\ExternalData\ct_scans_1_4_wawtace_09_05_24\50\50_3_scan.nii.gz,,HCC,0.4252978,0.38499263,0.18970962,HCC
53,D:\Downloads\ExternalData\ct_scans_1_4_wawtace_09_05_24\53\53_1_scan.nii.gz,D:\Downloads\ExternalData\ct_scans_1_4_wawtace_09_05_24\53\53_2_scan.nii.gz,D:\Downloads\ExternalData\ct_scans_1_4_wawtace_09_05_24\53\53_3_scan.nii.gz,D:\Downloads\ExternalData\ct_scans_1_4_wawtace_09_05_24\53\53_0_scan.nii.gz,HCC,0.57956517,0.29209778,0.12833706,HCC
54,D:\Downloads\ExternalData\ct_scans_1_4_wawtace_09_05_24\54\54_1_scan.nii.gz,D:\Downloads\ExternalData\ct_scans_1_4_wawtace_09_05_24\54\54_2_scan.nii.gz,D:\Downloads\ExternalData\ct_scans_1_4_wawtace_09_05_24\54\54_3_scan.nii.gz,D:\Downloads\ExternalData\ct_scans_1_4_wawtace_09_05_24\54\54_0_scan.nii.gz,HCC,0.45185146,0.48597336,0.062175177,ICC
56,D:\Downloads\ExternalData\ct_scans_1_4_wawtace_09_05_24\56\56_1_scan.nii.gz,D:\Downloads\ExternalData\ct_scans_1_4_wawtace_09_05_24\56\56_2_scan.nii.gz,D:\Downloads\ExternalData\ct_scans_1_4_wawtace_09_05_24\56\56_3_scan.nii.gz,D:\Downloads\ExternalData\ct_scans_1_4_wawtace_09_05_24\56\56_0_scan.nii.gz,HCC,0.6948329,0.19265522,0.11251183,HCC
57,D:\Downloads\ExternalData\ct_scans_1_4_wawtace_09_05_24\57\57_1_scan.nii.gz,D:\Downloads\ExternalData\ct_scans_1_4_wawtace_09_05_24\57\57_2_scan.nii.gz,D:\Downloads\ExternalData\ct_scans_1_4_wawtace_09_05_24\57\57_3_scan.nii.gz,D:\Downloads\ExternalData\ct_scans_1_4_wawtace_09_05_24\57\57_0_scan.nii.gz,HCC,0.65702003,0.25197282,0.091007136,HCC
58,D:\Downloads\ExternalData\ct_scans_1_4_wawtace_09_05_24\58\58_1_scan.nii.gz,D:\Downloads\ExternalData\ct_scans_1_4_wawtace_09_05_24\58\58_2_scan.nii.gz,D:\Downloads\ExternalData\ct_scans_1_4_wawtace_09_05_24\58\58_3_scan.nii.gz,D:\Downloads\ExternalData\ct_scans_1_4_wawtace_09_05_24\58\58_0_scan.nii.gz,HCC,0.46365914,0.39577514,0.14056572,HCC
59,D:\Downloads\ExternalData\ct_scans_1_4_wawtace_09_05_24\59\59_1_scan.nii.gz,D:\Downloads\ExternalData\ct_scans_1_4_wawtace_09_05_24\59\59_2_scan.nii.gz,D:\Downloads\ExternalData\ct_scans_1_4_wawtace_09_05_24\59\59_3_scan.nii.gz,D:\Downloads\ExternalData\ct_scans_1_4_wawtace_09_05_24\59\59_0_scan.nii.gz,HCC,0.5228964,0.35794437,0.11915916,HCC
60,D:\Downloads\ExternalData\ct_scans_1_4_wawtace_09_05_24\60\60_1_scan.nii.gz,D:\Downloads\ExternalData\ct_scans_1_4_wawtace_09_05_24\60\60_2_scan.nii.gz,D:\Downloads\ExternalData\ct_scans_1_4_wawtace_09_05_24\60\60_3_scan.nii.gz,D:\Downloads\ExternalData\ct_scans_1_4_wawtace_09_05_24\60\60_0_scan.nii.gz,HCC,0.6262275,0.28765255,0.08611996,HCC
61,D:\Downloads\ExternalData\ct_scans_1_4_wawtace_09_05_24\61\61_1_scan.nii.gz,D:\Downloads\ExternalData\ct_scans_1_4_wawtace_09_05_24\61\61_2_scan.nii.gz,D:\Downloads\ExternalData\ct_scans_1_4_wawtace_09_05_24\61\61_3_scan.nii.gz,D:\Downloads\ExternalData\ct_scans_1_4_wawtace_09_05_24\61\61_0_scan.nii.gz,HCC,0.56068134,0.26275814,0.17656054,HCC
62,D:\Downloads\ExternalData\ct_scans_1_4_wawtace_09_05_24\62\62_1_scan.nii.gz,D:\Downloads\ExternalData\ct_scans_1_4_wawtace_09_05_24\62\62_2_scan.nii.gz,D:\Downloads\ExternalData\ct_scans_1_4_wawtace_09_05_24\62\62_3_scan.nii.gz,D:\Downloads\ExternalData\ct_scans_1_4_wawtace_09_05_24\62\62_0_scan.nii.gz,HCC,0.6017033,0.2405587,0.15773804,HCC
63,D:\Downloads\ExternalData\ct_scans_1_4_wawtace_09_05_24\63\63_1_scan.nii.gz,D:\Downloads\ExternalData\ct_scans_1_4_wawtace_09_05_24\63\63_2_scan.nii.gz,D:\Downloads\ExternalData\ct_scans_1_4_wawtace_09_05_24\63\63_3_scan.nii.gz,D:\Downloads\ExternalData\ct_scans_1_4_wawtace_09_05_24\63\63_0_scan.nii.gz,HCC,0.44340163,0.4652533,0.09134502,ICC
65,D:\Downloads\ExternalData\ct_scans_1_4_wawtace_09_05_24\65\65_1_scan.nii.gz,D:\Downloads\ExternalData\ct_scans_1_4_wawtace_09_05_24\65\65_2_scan.nii.gz,D:\Downloads\ExternalData\ct_scans_1_4_wawtace_09_05_24\65\65_3_scan.nii.gz,D:\Downloads\ExternalData\ct_scans_1_4_wawtace_09_05_24\65\65_0_scan.nii.gz,HCC,0.24242096,0.67131937,0.08625956,ICC
66,D:\Downloads\ExternalData\ct_scans_1_4_wawtace_09_05_24\66\66_1_scan.nii.gz,D:\Downloads\ExternalData\ct_scans_1_4_wawtace_09_05_24\66\66_2_scan.nii.gz,D:\Downloads\ExternalData\ct_scans_1_4_wawtace_09_05_24\66\66_3_scan.nii.gz,D:\Downloads\ExternalData\ct_scans_1_4_wawtace_09_05_24\66\66_0_scan.nii.gz,HCC,0.6908595,0.20914206,0.0999984,HCC
67,D:\Downloads\ExternalData\ct_scans_1_4_wawtace_09_05_24\67\67_1_scan.nii.gz,D:\Downloads\ExternalData\ct_scans_1_4_wawtace_09_05_24\67\67_2_scan.nii.gz,D:\Downloads\ExternalData\ct_scans_1_4_wawtace_09_05_24\67\67_3_scan.nii.gz,D:\Downloads\ExternalData\ct_scans_1_4_wawtace_09_05_24\67\67_0_scan.nii.gz,HCC,0.49050727,0.42451152,0.084981196,HCC
69,D:\Downloads\ExternalData\ct_scans_1_4_wawtace_09_05_24\69\69_1_scan.nii.gz,D:\Downloads\ExternalData\ct_scans_1_4_wawtace_09_05_24\69\69_2_scan.nii.gz,D:\Downloads\ExternalData\ct_scans_1_4_wawtace_09_05_24\69\69_3_scan.nii.gz,D:\Downloads\ExternalData\ct_scans_1_4_wawtace_09_05_24\69\69_0_scan.nii.gz,HCC,0.4875501,0.21760097,0.2948489,HCC
7,D:\Downloads\ExternalData\ct_scans_1_4_wawtace_09_05_24\7\7_1_scan.nii.gz,D:\Downloads\ExternalData\ct_scans_1_4_wawtace_09_05_24\7\7_2_scan.nii.gz,D:\Downloads\ExternalData\ct_scans_1_4_wawtace_09_05_24\7\7_3_scan.nii.gz,D:\Downloads\ExternalData\ct_scans_1_4_wawtace_09_05_24\7\7_0_scan.nii.gz,HCC,0.19004245,0.7322559,0.07770167,ICC
72,D:\Downloads\ExternalData\ct_scans_1_4_wawtace_09_05_24\72\72_1_scan.nii.gz,D:\Downloads\ExternalData\ct_scans_1_4_wawtace_09_05_24\72\72_2_scan.nii.gz,D:\Downloads\ExternalData\ct_scans_1_4_wawtace_09_05_24\72\72_3_scan.nii.gz,D:\Downloads\ExternalData\ct_scans_1_4_wawtace_09_05_24\72\72_0_scan.nii.gz,HCC,0.55879146,0.33490738,0.10630117,HCC
73,D:\Downloads\ExternalData\ct_scans_1_4_wawtace_09_05_24\73\73_1_scan.nii.gz,D:\Downloads\ExternalData\ct_scans_1_4_wawtace_09_05_24\73\73_2_scan.nii.gz,D:\Downloads\ExternalData\ct_scans_1_4_wawtace_09_05_24\73\73_3_scan.nii.gz,D:\Downloads\ExternalData\ct_scans_1_4_wawtace_09_05_24\73\73_0_scan.nii.gz,HCC,0.51045316,0.44515568,0.044391148,HCC
74,D:\Downloads\ExternalData\ct_scans_1_4_wawtace_09_05_24\74\74_1_scan.nii.gz,D:\Downloads\ExternalData\ct_scans_1_4_wawtace_09_05_24\74\74_2_scan.nii.gz,D:\Downloads\ExternalData\ct_scans_1_4_wawtace_09_05_24\74\74_3_scan.nii.gz,D:\Downloads\ExternalData\ct_scans_1_4_wawtace_09_05_24\74\74_0_scan.nii.gz,HCC,0.33195174,0.5821687,0.08587949,ICC
77,D:\Downloads\ExternalData\ct_scans_1_4_wawtace_09_05_24\77\77_1_scan.nii.gz,D:\Downloads\ExternalData\ct_scans_1_4_wawtace_09_05_24\77\77_2_scan.nii.gz,,D:\Downloads\ExternalData\ct_scans_1_4_wawtace_09_05_24\77\77_0_scan.nii.gz,HCC,0.22823516,0.37864342,0.39312142,CHCC
8,D:\Downloads\ExternalData\ct_scans_1_4_wawtace_09_05_24\8\8_1_scan.nii.gz,D:\Downloads\ExternalData\ct_scans_1_4_wawtace_09_05_24\8\8_2_scan.nii.gz,D:\Downloads\ExternalData\ct_scans_1_4_wawtace_09_05_24\8\8_3_scan.nii.gz,D:\Downloads\ExternalData\ct_scans_1_4_wawtace_09_05_24\8\8_0_scan.nii.gz,HCC,0.5726901,0.24545434,0.18185551,HCC
101,D:\Downloads\ExternalData\ct_scans_2_4_wawtace_09_05_24\101\101_1_scan.nii.gz,D:\Downloads\ExternalData\ct_scans_2_4_wawtace_09_05_24\101\101_2_scan.nii.gz,D:\Downloads\ExternalData\ct_scans_2_4_wawtace_09_05_24\101\101_3_scan.nii.gz,D:\Downloads\ExternalData\ct_scans_2_4_wawtace_09_05_24\101\101_0_scan.nii.gz,HCC,0.537709,0.27657485,0.1857162,HCC
102,D:\Downloads\ExternalData\ct_scans_2_4_wawtace_09_05_24\102\102_1_scan.nii.gz,D:\Downloads\ExternalData\ct_scans_2_4_wawtace_09_05_24\102\102_2_scan.nii.gz,D:\Downloads\ExternalData\ct_scans_2_4_wawtace_09_05_24\102\102_3_scan.nii.gz,D:\Downloads\ExternalData\ct_scans_2_4_wawtace_09_05_24\102\102_0_scan.nii.gz,HCC,0.68903714,0.17247827,0.13848457,HCC
103,D:\Downloads\ExternalData\ct_scans_2_4_wawtace_09_05_24\103\103_1_scan.nii.gz,D:\Downloads\ExternalData\ct_scans_2_4_wawtace_09_05_24\103\103_2_scan.nii.gz,D:\Downloads\ExternalData\ct_scans_2_4_wawtace_09_05_24\103\103_3_scan.nii.gz,,HCC,0.48980457,0.3263083,0.18388715,HCC
104,D:\Downloads\ExternalData\ct_scans_2_4_wawtace_09_05_24\104\104_1_scan.nii.gz,D:\Downloads\ExternalData\ct_scans_2_4_wawtace_09_05_24\104\104_2_scan.nii.gz,D:\Downloads\ExternalData\ct_scans_2_4_wawtace_09_05_24\104\104_3_scan.nii.gz,D:\Downloads\ExternalData\ct_scans_2_4_wawtace_09_05_24\104\104_0_scan.nii.gz,HCC,0.2824745,0.48996744,0.22755806,ICC
108,D:\Downloads\ExternalData\ct_scans_2_4_wawtace_09_05_24\108\108_1_scan.nii.gz,D:\Downloads\ExternalData\ct_scans_2_4_wawtace_09_05_24\108\108_2_scan.nii.gz,D:\Downloads\ExternalData\ct_scans_2_4_wawtace_09_05_24\108\108_3_scan.nii.gz,D:\Downloads\ExternalData\ct_scans_2_4_wawtace_09_05_24\108\108_0_scan.nii.gz,HCC,0.5719937,0.28503737,0.14296892,HCC
111,D:\Downloads\ExternalData\ct_scans_2_4_wawtace_09_05_24\111\111_1_scan.nii.gz,D:\Downloads\ExternalData\ct_scans_2_4_wawtace_09_05_24\111\111_2_scan.nii.gz,,D:\Downloads\ExternalData\ct_scans_2_4_wawtace_09_05_24\111\111_0_scan.nii.gz,HCC,0.3632348,0.37424502,0.26252016,ICC
112,D:\Downloads\ExternalData\ct_scans_2_4_wawtace_09_05_24\112\112_1_scan.nii.gz,D:\Downloads\ExternalData\ct_scans_2_4_wawtace_09_05_24\112\112_2_scan.nii.gz,D:\Downloads\ExternalData\ct_scans_2_4_wawtace_09_05_24\112\112_3_scan.nii.gz,D:\Downloads\ExternalData\ct_scans_2_4_wawtace_09_05_24\112\112_0_scan.nii.gz,HCC,0.30310598,0.16459535,0.53229874,CHCC
114,D:\Downloads\ExternalData\ct_scans_2_4_wawtace_09_05_24\114\114_1_scan.nii.gz,D:\Downloads\ExternalData\ct_scans_2_4_wawtace_09_05_24\114\114_2_scan.nii.gz,D:\Downloads\ExternalData\ct_scans_2_4_wawtace_09_05_24\114\114_3_scan.nii.gz,,HCC,0.18471305,0.668179,0.14710794,ICC
115,D:\Downloads\ExternalData\ct_scans_2_4_wawtace_09_05_24\115\115_1_scan.nii.gz,D:\Downloads\ExternalData\ct_scans_2_4_wawtace_09_05_24\115\115_2_scan.nii.gz,D:\Downloads\ExternalData\ct_scans_2_4_wawtace_09_05_24\115\115_3_scan.nii.gz,D:\Downloads\ExternalData\ct_scans_2_4_wawtace_09_05_24\115\115_0_scan.nii.gz,HCC,0.6385745,0.21951011,0.14191546,HCC
116,D:\Downloads\ExternalData\ct_scans_2_4_wawtace_09_05_24\116\116_1_scan.nii.gz,D:\Downloads\ExternalData\ct_scans_2_4_wawtace_09_05_24\116\116_2_scan.nii.gz,D:\Downloads\ExternalData\ct_scans_2_4_wawtace_09_05_24\116\116_3_scan.nii.gz,D:\Downloads\ExternalData\ct_scans_2_4_wawtace_09_05_24\116\116_0_scan.nii.gz,HCC,0.7239965,0.14489278,0.13111065,HCC
118,D:\Downloads\ExternalData\ct_scans_2_4_wawtace_09_05_24\118\118_1_scan.nii.gz,D:\Downloads\ExternalData\ct_scans_2_4_wawtace_09_05_24\118\118_2_scan.nii.gz,D:\Downloads\ExternalData\ct_scans_2_4_wawtace_09_05_24\118\118_3_scan.nii.gz,D:\Downloads\ExternalData\ct_scans_2_4_wawtace_09_05_24\118\118_0_scan.nii.gz,HCC,0.10277592,0.26641992,0.6308042,CHCC
119,D:\Downloads\ExternalData\ct_scans_2_4_wawtace_09_05_24\119\119_1_scan.nii.gz,D:\Downloads\ExternalData\ct_scans_2_4_wawtace_09_05_24\119\119_2_scan.nii.gz,D:\Downloads\ExternalData\ct_scans_2_4_wawtace_09_05_24\119\119_3_scan.nii.gz,D:\Downloads\ExternalData\ct_scans_2_4_wawtace_09_05_24\119\119_0_scan.nii.gz,HCC,0.41075557,0.38856238,0.200682,HCC
121,D:\Downloads\ExternalData\ct_scans_2_4_wawtace_09_05_24\121\121_1_scan.nii.gz,D:\Downloads\ExternalData\ct_scans_2_4_wawtace_09_05_24\121\121_2_scan.nii.gz,D:\Downloads\ExternalData\ct_scans_2_4_wawtace_09_05_24\121\121_3_scan.nii.gz,D:\Downloads\ExternalData\ct_scans_2_4_wawtace_09_05_24\121\121_0_scan.nii.gz,HCC,0.5830246,0.28738254,0.1295928,HCC
125,D:\Downloads\ExternalData\ct_scans_2_4_wawtace_09_05_24\125\125_1_scan.nii.gz,D:\Downloads\ExternalData\ct_scans_2_4_wawtace_09_05_24\125\125_2_scan.nii.gz,D:\Downloads\ExternalData\ct_scans_2_4_wawtace_09_05_24\125\125_3_scan.nii.gz,D:\Downloads\ExternalData\ct_scans_2_4_wawtace_09_05_24\125\125_0_scan.nii.gz,HCC,0.38949558,0.4146053,0.19589908,ICC
126,D:\Downloads\ExternalData\ct_scans_2_4_wawtace_09_05_24\126\126_1_scan.nii.gz,D:\Downloads\ExternalData\ct_scans_2_4_wawtace_09_05_24\126\126_2_scan.nii.gz,D:\Downloads\ExternalData\ct_scans_2_4_wawtace_09_05_24\126\126_3_scan.nii.gz,D:\Downloads\ExternalData\ct_scans_2_4_wawtace_09_05_24\126\126_0_scan.nii.gz,HCC,0.45560655,0.21832904,0.3260644,HCC
127,D:\Downloads\ExternalData\ct_scans_2_4_wawtace_09_05_24\127\127_1_scan.nii.gz,D:\Downloads\ExternalData\ct_scans_2_4_wawtace_09_05_24\127\127_2_scan.nii.gz,D:\Downloads\ExternalData\ct_scans_2_4_wawtace_09_05_24\127\127_3_scan.nii.gz,,HCC,0.5704771,0.34132156,0.08820137,HCC
134,D:\Downloads\ExternalData\ct_scans_2_4_wawtace_09_05_24\134\134_1_scan.nii.gz,D:\Downloads\ExternalData\ct_scans_2_4_wawtace_09_05_24\134\134_2_scan.nii.gz,D:\Downloads\ExternalData\ct_scans_2_4_wawtace_09_05_24\134\134_3_scan.nii.gz,,HCC,0.60912716,0.20378518,0.18708768,HCC
135,D:\Downloads\ExternalData\ct_scans_2_4_wawtace_09_05_24\135\135_1_scan.nii.gz,D:\Downloads\ExternalData\ct_scans_2_4_wawtace_09_05_24\135\135_2_scan.nii.gz,,D:\Downloads\ExternalData\ct_scans_2_4_wawtace_09_05_24\135\135_0_scan.nii.gz,HCC,0.4305696,0.38594475,0.18348567,HCC
139,D:\Downloads\ExternalData\ct_scans_2_4_wawtace_09_05_24\139\139_1_scan.nii.gz,D:\Downloads\ExternalData\ct_scans_2_4_wawtace_09_05_24\139\139_2_scan.nii.gz,D:\Downloads\ExternalData\ct_scans_2_4_wawtace_09_05_24\139\139_3_scan.nii.gz,D:\Downloads\ExternalData\ct_scans_2_4_wawtace_09_05_24\139\139_0_scan.nii.gz,HCC,0.26954633,0.33930734,0.39114633,CHCC
142,D:\Downloads\ExternalData\ct_scans_2_4_wawtace_09_05_24\142\142_1_scan.nii.gz,D:\Downloads\ExternalData\ct_scans_2_4_wawtace_09_05_24\142\142_2_scan.nii.gz,D:\Downloads\ExternalData\ct_scans_2_4_wawtace_09_05_24\142\142_3_scan.nii.gz,D:\Downloads\ExternalData\ct_scans_2_4_wawtace_09_05_24\142\142_0_scan.nii.gz,HCC,0.55026233,0.35218006,0.09755759,HCC
144,D:\Downloads\ExternalData\ct_scans_2_4_wawtace_09_05_24\144\144_1_scan.nii.gz,D:\Downloads\ExternalData\ct_scans_2_4_wawtace_09_05_24\144\144_2_scan.nii.gz,D:\Downloads\ExternalData\ct_scans_2_4_wawtace_09_05_24\144\144_3_scan.nii.gz,D:\Downloads\ExternalData\ct_scans_2_4_wawtace_09_05_24\144\144_0_scan.nii.gz,HCC,0.24695882,0.64807355,0.10496763,ICC
146,D:\Downloads\ExternalData\ct_scans_2_4_wawtace_09_05_24\146\146_1_scan.nii.gz,D:\Downloads\ExternalData\ct_scans_2_4_wawtace_09_05_24\146\146_2_scan.nii.gz,D:\Downloads\ExternalData\ct_scans_2_4_wawtace_09_05_24\146\146_3_scan.nii.gz,,HCC,0.4007712,0.49344665,0.105782196,ICC
149,D:\Downloads\ExternalData\ct_scans_2_4_wawtace_09_05_24\149\149_1_scan.nii.gz,D:\Downloads\ExternalData\ct_scans_2_4_wawtace_09_05_24\149\149_2_scan.nii.gz,D:\Downloads\ExternalData\ct_scans_2_4_wawtace_09_05_24\149\149_3_scan.nii.gz,D:\Downloads\ExternalData\ct_scans_2_4_wawtace_09_05_24\149\149_0_scan.nii.gz,HCC,0.39196151,0.48952588,0.11851257,ICC
150,D:\Downloads\ExternalData\ct_scans_2_4_wawtace_09_05_24\150\150_1_scan.nii.gz,D:\Downloads\ExternalData\ct_scans_2_4_wawtace_09_05_24\150\150_2_scan.nii.gz,D:\Downloads\ExternalData\ct_scans_2_4_wawtace_09_05_24\150\150_3_scan.nii.gz,D:\Downloads\ExternalData\ct_scans_2_4_wawtace_09_05_24\150\150_0_scan.nii.gz,HCC,0.47609568,0.27842057,0.24548379,HCC
158,D:\Downloads\ExternalData\ct_scans_2_4_wawtace_09_05_24\158\158_1_scan.nii.gz,D:\Downloads\ExternalData\ct_scans_2_4_wawtace_09_05_24\158\158_2_scan.nii.gz,D:\Downloads\ExternalData\ct_scans_2_4_wawtace_09_05_24\158\158_3_scan.nii.gz,D:\Downloads\ExternalData\ct_scans_2_4_wawtace_09_05_24\158\158_0_scan.nii.gz,HCC,0.64406204,0.19220844,0.1637295,HCC
165,D:\Downloads\ExternalData\ct_scans_2_4_wawtace_09_05_24\165\165_1_scan.nii.gz,D:\Downloads\ExternalData\ct_scans_2_4_wawtace_09_05_24\165\165_2_scan.nii.gz,D:\Downloads\ExternalData\ct_scans_2_4_wawtace_09_05_24\165\165_3_scan.nii.gz,D:\Downloads\ExternalData\ct_scans_2_4_wawtace_09_05_24\165\165_0_scan.nii.gz,HCC,0.3467292,0.41565365,0.23761714,ICC
167,D:\Downloads\ExternalData\ct_scans_2_4_wawtace_09_05_24\167\167_1_scan.nii.gz,D:\Downloads\ExternalData\ct_scans_2_4_wawtace_09_05_24\167\167_2_scan.nii.gz,D:\Downloads\ExternalData\ct_scans_2_4_wawtace_09_05_24\167\167_3_scan.nii.gz,D:\Downloads\ExternalData\ct_scans_2_4_wawtace_09_05_24\167\167_0_scan.nii.gz,HCC,0.5124798,0.23631337,0.25120682,HCC
168,D:\Downloads\ExternalData\ct_scans_2_4_wawtace_09_05_24\168\168_1_scan.nii.gz,D:\Downloads\ExternalData\ct_scans_2_4_wawtace_09_05_24\168\168_2_scan.nii.gz,D:\Downloads\ExternalData\ct_scans_2_4_wawtace_09_05_24\168\168_3_scan.nii.gz,D:\Downloads\ExternalData\ct_scans_2_4_wawtace_09_05_24\168\168_0_scan.nii.gz,HCC,0.53589344,0.3637684,0.10033818,HCC
169,D:\Downloads\ExternalData\ct_scans_2_4_wawtace_09_05_24\169\169_1_scan.nii.gz,D:\Downloads\ExternalData\ct_scans_2_4_wawtace_09_05_24\169\169_2_scan.nii.gz,D:\Downloads\ExternalData\ct_scans_2_4_wawtace_09_05_24\169\169_3_scan.nii.gz,D:\Downloads\ExternalData\ct_scans_2_4_wawtace_09_05_24\169\169_0_scan.nii.gz,HCC,0.62923175,0.20483775,0.16593048,HCC
171,D:\Downloads\ExternalData\ct_scans_2_4_wawtace_09_05_24\171\171_1_scan.nii.gz,D:\Downloads\ExternalData\ct_scans_2_4_wawtace_09_05_24\171\171_2_scan.nii.gz,D:\Downloads\ExternalData\ct_scans_2_4_wawtace_09_05_24\171\171_3_scan.nii.gz,D:\Downloads\ExternalData\ct_scans_2_4_wawtace_09_05_24\171\171_0_scan.nii.gz,HCC,0.24231657,0.34745222,0.41023126,CHCC
179,D:\Downloads\ExternalData\ct_scans_2_4_wawtace_09_05_24\179\179_1_scan.nii.gz,D:\Downloads\ExternalData\ct_scans_2_4_wawtace_09_05_24\179\179_2_scan.nii.gz,D:\Downloads\ExternalData\ct_scans_2_4_wawtace_09_05_24\179\179_3_scan.nii.gz,,HCC,0.43126264,0.38656366,0.18217371,HCC
184,D:\Downloads\ExternalData\ct_scans_2_4_wawtace_09_05_24\184\184_1_scan.nii.gz,D:\Downloads\ExternalData\ct_scans_2_4_wawtace_09_05_24\184\184_2_scan.nii.gz,D:\Downloads\ExternalData\ct_scans_2_4_wawtace_09_05_24\184\184_3_scan.nii.gz,D:\Downloads\ExternalData\ct_scans_2_4_wawtace_09_05_24\184\184_0_scan.nii.gz,HCC,0.7397078,0.14661184,0.113680385,HCC
188,D:\Downloads\ExternalData\ct_scans_2_4_wawtace_09_05_24\188\188_1_scan.nii.gz,D:\Downloads\ExternalData\ct_scans_2_4_wawtace_09_05_24\188\188_2_scan.nii.gz,D:\Downloads\ExternalData\ct_scans_2_4_wawtace_09_05_24\188\188_3_scan.nii.gz,D:\Downloads\ExternalData\ct_scans_2_4_wawtace_09_05_24\188\188_0_scan.nii.gz,HCC,0.6189353,0.14265685,0.23840785,HCC
190,D:\Downloads\ExternalData\ct_scans_2_4_wawtace_09_05_24\190\190_1_scan.nii.gz,D:\Downloads\ExternalData\ct_scans_2_4_wawtace_09_05_24\190\190_2_scan.nii.gz,D:\Downloads\ExternalData\ct_scans_2_4_wawtace_09_05_24\190\190_3_scan.nii.gz,D:\Downloads\ExternalData\ct_scans_2_4_wawtace_09_05_24\190\190_0_scan.nii.gz,HCC,0.6016011,0.28677413,0.11162476,HCC
192,D:\Downloads\ExternalData\ct_scans_2_4_wawtace_09_05_24\192\192_1_scan.nii.gz,D:\Downloads\ExternalData\ct_scans_2_4_wawtace_09_05_24\192\192_2_scan.nii.gz,D:\Downloads\ExternalData\ct_scans_2_4_wawtace_09_05_24\192\192_3_scan.nii.gz,D:\Downloads\ExternalData\ct_scans_2_4_wawtace_09_05_24\192\192_0_scan.nii.gz,HCC,0.3036367,0.50663483,0.18972847,ICC
193,D:\Downloads\ExternalData\ct_scans_2_4_wawtace_09_05_24\193\193_1_scan.nii.gz,D:\Downloads\ExternalData\ct_scans_2_4_wawtace_09_05_24\193\193_2_scan.nii.gz,D:\Downloads\ExternalData\ct_scans_2_4_wawtace_09_05_24\193\193_3_scan.nii.gz,D:\Downloads\ExternalData\ct_scans_2_4_wawtace_09_05_24\193\193_0_scan.nii.gz,HCC,0.4271322,0.33933973,0.2335281,HCC
197,D:\Downloads\ExternalData\ct_scans_2_4_wawtace_09_05_24\197\197_1_scan.nii.gz,D:\Downloads\ExternalData\ct_scans_2_4_wawtace_09_05_24\197\197_2_scan.nii.gz,,D:\Downloads\ExternalData\ct_scans_2_4_wawtace_09_05_24\197\197_0_scan.nii.gz,HCC,0.2240073,0.62035024,0.15564243,ICC
198,D:\Downloads\ExternalData\ct_scans_2_4_wawtace_09_05_24\198\198_1_scan.nii.gz,D:\Downloads\ExternalData\ct_scans_2_4_wawtace_09_05_24\198\198_2_scan.nii.gz,D:\Downloads\ExternalData\ct_scans_2_4_wawtace_09_05_24\198\198_3_scan.nii.gz,,HCC,0.68886393,0.19082974,0.1203063,HCC
79,D:\Downloads\ExternalData\ct_scans_2_4_wawtace_09_05_24\79\79_1_scan.nii.gz,D:\Downloads\ExternalData\ct_scans_2_4_wawtace_09_05_24\79\79_2_scan.nii.gz,,D:\Downloads\ExternalData\ct_scans_2_4_wawtace_09_05_24\79\79_0_scan.nii.gz,HCC,0.18831266,0.54153204,0.27015525,ICC
80,D:\Downloads\ExternalData\ct_scans_2_4_wawtace_09_05_24\80\80_1_scan.nii.gz,D:\Downloads\ExternalData\ct_scans_2_4_wawtace_09_05_24\80\80_2_scan.nii.gz,D:\Downloads\ExternalData\ct_scans_2_4_wawtace_09_05_24\80\80_3_scan.nii.gz,D:\Downloads\ExternalData\ct_scans_2_4_wawtace_09_05_24\80\80_0_scan.nii.gz,HCC,0.54423034,0.28588244,0.1698872,HCC
81,D:\Downloads\ExternalData\ct_scans_2_4_wawtace_09_05_24\81\81_1_scan.nii.gz,D:\Downloads\ExternalData\ct_scans_2_4_wawtace_09_05_24\81\81_2_scan.nii.gz,D:\Downloads\ExternalData\ct_scans_2_4_wawtace_09_05_24\81\81_3_scan.nii.gz,,HCC,0.51815975,0.34520283,0.1366374,HCC
83,D:\Downloads\ExternalData\ct_scans_2_4_wawtace_09_05_24\83\83_1_scan.nii.gz,D:\Downloads\ExternalData\ct_scans_2_4_wawtace_09_05_24\83\83_2_scan.nii.gz,D:\Downloads\ExternalData\ct_scans_2_4_wawtace_09_05_24\83\83_3_scan.nii.gz,,HCC,0.43938953,0.49867812,0.061932333,ICC
84,D:\Downloads\ExternalData\ct_scans_2_4_wawtace_09_05_24\84\84_1_scan.nii.gz,D:\Downloads\ExternalData\ct_scans_2_4_wawtace_09_05_24\84\84_2_scan.nii.gz,,D:\Downloads\ExternalData\ct_scans_2_4_wawtace_09_05_24\84\84_0_scan.nii.gz,HCC,0.32405722,0.5674822,0.10846056,ICC
85,D:\Downloads\ExternalData\ct_scans_2_4_wawtace_09_05_24\85\85_1_scan.nii.gz,D:\Downloads\ExternalData\ct_scans_2_4_wawtace_09_05_24\85\85_2_scan.nii.gz,D:\Downloads\ExternalData\ct_scans_2_4_wawtace_09_05_24\85\85_3_scan.nii.gz,,HCC,0.2186739,0.61623234,0.16509373,ICC
86,D:\Downloads\ExternalData\ct_scans_2_4_wawtace_09_05_24\86\86_1_scan.nii.gz,D:\Downloads\ExternalData\ct_scans_2_4_wawtace_09_05_24\86\86_2_scan.nii.gz,D:\Downloads\ExternalData\ct_scans_2_4_wawtace_09_05_24\86\86_3_scan.nii.gz,,HCC,0.17073205,0.5933322,0.23593578,ICC
87,D:\Downloads\ExternalData\ct_scans_2_4_wawtace_09_05_24\87\87_1_scan.nii.gz,D:\Downloads\ExternalData\ct_scans_2_4_wawtace_09_05_24\87\87_2_scan.nii.gz,D:\Downloads\ExternalData\ct_scans_2_4_wawtace_09_05_24\87\87_3_scan.nii.gz,,HCC,0.33702278,0.5773966,0.08558064,ICC
88,D:\Downloads\ExternalData\ct_scans_2_4_wawtace_09_05_24\88\88_1_scan.nii.gz,D:\Downloads\ExternalData\ct_scans_2_4_wawtace_09_05_24\88\88_2_scan.nii.gz,,,HCC,0.1413779,0.5203879,0.33823422,ICC
89,D:\Downloads\ExternalData\ct_scans_2_4_wawtace_09_05_24\89\89_1_scan.nii.gz,D:\Downloads\ExternalData\ct_scans_2_4_wawtace_09_05_24\89\89_2_scan.nii.gz,D:\Downloads\ExternalData\ct_scans_2_4_wawtace_09_05_24\89\89_3_scan.nii.gz,,HCC,0.23463102,0.7239806,0.04138839,ICC
90,D:\Downloads\ExternalData\ct_scans_2_4_wawtace_09_05_24\90\90_1_scan.nii.gz,D:\Downloads\ExternalData\ct_scans_2_4_wawtace_09_05_24\90\90_2_scan.nii.gz,D:\Downloads\ExternalData\ct_scans_2_4_wawtace_09_05_24\90\90_3_scan.nii.gz,D:\Downloads\ExternalData\ct_scans_2_4_wawtace_09_05_24\90\90_0_scan.nii.gz,HCC,0.5585425,0.26393205,0.17752552,HCC
91,D:\Downloads\ExternalData\ct_scans_2_4_wawtace_09_05_24\91\91_1_scan.nii.gz,D:\Downloads\ExternalData\ct_scans_2_4_wawtace_09_05_24\91\91_2_scan.nii.gz,D:\Downloads\ExternalData\ct_scans_2_4_wawtace_09_05_24\91\91_3_scan.nii.gz,D:\Downloads\ExternalData\ct_scans_2_4_wawtace_09_05_24\91\91_0_scan.nii.gz,HCC,0.44114703,0.35113618,0.20771678,HCC
92,D:\Downloads\ExternalData\ct_scans_2_4_wawtace_09_05_24\92\92_1_scan.nii.gz,D:\Downloads\ExternalData\ct_scans_2_4_wawtace_09_05_24\92\92_2_scan.nii.gz,D:\Downloads\ExternalData\ct_scans_2_4_wawtace_09_05_24\92\92_3_scan.nii.gz,D:\Downloads\ExternalData\ct_scans_2_4_wawtace_09_05_24\92\92_0_scan.nii.gz,HCC,0.4698028,0.44358006,0.08661713,HCC
93,D:\Downloads\ExternalData\ct_scans_2_4_wawtace_09_05_24\93\93_1_scan.nii.gz,D:\Downloads\ExternalData\ct_scans_2_4_wawtace_09_05_24\93\93_2_scan.nii.gz,,D:\Downloads\ExternalData\ct_scans_2_4_wawtace_09_05_24\93\93_0_scan.nii.gz,HCC,0.5627235,0.1822021,0.25507435,HCC
94,D:\Downloads\ExternalData\ct_scans_2_4_wawtace_09_05_24\94\94_1_scan.nii.gz,D:\Downloads\ExternalData\ct_scans_2_4_wawtace_09_05_24\94\94_2_scan.nii.gz,D:\Downloads\ExternalData\ct_scans_2_4_wawtace_09_05_24\94\94_3_scan.nii.gz,D:\Downloads\ExternalData\ct_scans_2_4_wawtace_09_05_24\94\94_0_scan.nii.gz,HCC,0.251301,0.35000277,0.39869624,CHCC
95,D:\Downloads\ExternalData\ct_scans_2_4_wawtace_09_05_24\95\95_1_scan.nii.gz,D:\Downloads\ExternalData\ct_scans_2_4_wawtace_09_05_24\95\95_2_scan.nii.gz,D:\Downloads\ExternalData\ct_scans_2_4_wawtace_09_05_24\95\95_3_scan.nii.gz,D:\Downloads\ExternalData\ct_scans_2_4_wawtace_09_05_24\95\95_0_scan.nii.gz,HCC,0.3556386,0.30934227,0.33501917,HCC
96,D:\Downloads\ExternalData\ct_scans_2_4_wawtace_09_05_24\96\96_1_scan.nii.gz,D:\Downloads\ExternalData\ct_scans_2_4_wawtace_09_05_24\96\96_2_scan.nii.gz,D:\Downloads\ExternalData\ct_scans_2_4_wawtace_09_05_24\96\96_3_scan.nii.gz,D:\Downloads\ExternalData\ct_scans_2_4_wawtace_09_05_24\96\96_0_scan.nii.gz,HCC,0.34947294,0.5843233,0.06620377,ICC
98,D:\Downloads\ExternalData\ct_scans_2_4_wawtace_09_05_24\98\98_1_scan.nii.gz,D:\Downloads\ExternalData\ct_scans_2_4_wawtace_09_05_24\98\98_2_scan.nii.gz,D:\Downloads\ExternalData\ct_scans_2_4_wawtace_09_05_24\98\98_3_scan.nii.gz,D:\Downloads\ExternalData\ct_scans_2_4_wawtace_09_05_24\98\98_0_scan.nii.gz,HCC,0.68888664,0.13689157,0.17422175,HCC
99,D:\Downloads\ExternalData\ct_scans_2_4_wawtace_09_05_24\99\99_1_scan.nii.gz,D:\Downloads\ExternalData\ct_scans_2_4_wawtace_09_05_24\99\99_2_scan.nii.gz,D:\Downloads\ExternalData\ct_scans_2_4_wawtace_09_05_24\99\99_3_scan.nii.gz,,HCC,0.61091197,0.18299237,0.20609567,HCC
303,D:\Downloads\ExternalData\ct_scans_3_4_wawtace_09_05_24\303\303_1_scan.nii.gz,D:\Downloads\ExternalData\ct_scans_3_4_wawtace_09_05_24\303\303_2_scan.nii.gz,,D:\Downloads\ExternalData\ct_scans_3_4_wawtace_09_05_24\303\303_0_scan.nii.gz,HCC,0.3577017,0.50410575,0.1381925,ICC
304,D:\Downloads\ExternalData\ct_scans_3_4_wawtace_09_05_24\304\304_1_scan.nii.gz,D:\Downloads\ExternalData\ct_scans_3_4_wawtace_09_05_24\304\304_2_scan.nii.gz,D:\Downloads\ExternalData\ct_scans_3_4_wawtace_09_05_24\304\304_3_scan.nii.gz,D:\Downloads\ExternalData\ct_scans_3_4_wawtace_09_05_24\304\304_0_scan.nii.gz,HCC,0.17783113,0.6687496,0.15341923,ICC
310,D:\Downloads\ExternalData\ct_scans_3_4_wawtace_09_05_24\310\310_1_scan.nii.gz,D:\Downloads\ExternalData\ct_scans_3_4_wawtace_09_05_24\310\310_2_scan.nii.gz,,D:\Downloads\ExternalData\ct_scans_3_4_wawtace_09_05_24\310\310_0_scan.nii.gz,HCC,0.29547876,0.37591535,0.32860586,ICC
315,D:\Downloads\ExternalData\ct_scans_3_4_wawtace_09_05_24\315\315_1_scan.nii.gz,D:\Downloads\ExternalData\ct_scans_3_4_wawtace_09_05_24\315\315_2_scan.nii.gz,D:\Downloads\ExternalData\ct_scans_3_4_wawtace_09_05_24\315\315_3_scan.nii.gz,D:\Downloads\ExternalData\ct_scans_3_4_wawtace_09_05_24\315\315_0_scan.nii.gz,HCC,0.25282866,0.4773057,0.26986566,ICC
318,D:\Downloads\ExternalData\ct_scans_3_4_wawtace_09_05_24\318\318_1_scan.nii.gz,D:\Downloads\ExternalData\ct_scans_3_4_wawtace_09_05_24\318\318_2_scan.nii.gz,,,HCC,0.1971685,0.6644156,0.13841592,ICC
319,D:\Downloads\ExternalData\ct_scans_3_4_wawtace_09_05_24\319\319_1_scan.nii.gz,D:\Downloads\ExternalData\ct_scans_3_4_wawtace_09_05_24\319\319_2_scan.nii.gz,D:\Downloads\ExternalData\ct_scans_3_4_wawtace_09_05_24\319\319_3_scan.nii.gz,D:\Downloads\ExternalData\ct_scans_3_4_wawtace_09_05_24\319\319_0_scan.nii.gz,HCC,0.16268912,0.56601757,0.27129334,ICC
324,D:\Downloads\ExternalData\ct_scans_3_4_wawtace_09_05_24\324\324_1_scan.nii.gz,D:\Downloads\ExternalData\ct_scans_3_4_wawtace_09_05_24\324\324_2_scan.nii.gz,D:\Downloads\ExternalData\ct_scans_3_4_wawtace_09_05_24\324\324_3_scan.nii.gz,D:\Downloads\ExternalData\ct_scans_3_4_wawtace_09_05_24\324\324_0_scan.nii.gz,HCC,0.55211544,0.28206196,0.16582265,HCC
325,D:\Downloads\ExternalData\ct_scans_3_4_wawtace_09_05_24\325\325_1_scan.nii.gz,D:\Downloads\ExternalData\ct_scans_3_4_wawtace_09_05_24\325\325_2_scan.nii.gz,,D:\Downloads\ExternalData\ct_scans_3_4_wawtace_09_05_24\325\325_0_scan.nii.gz,HCC,0.19987647,0.6567947,0.14332879,ICC
326,D:\Downloads\ExternalData\ct_scans_3_4_wawtace_09_05_24\326\326_1_scan.nii.gz,D:\Downloads\ExternalData\ct_scans_3_4_wawtace_09_05_24\326\326_2_scan.nii.gz,D:\Downloads\ExternalData\ct_scans_3_4_wawtace_09_05_24\326\326_3_scan.nii.gz,D:\Downloads\ExternalData\ct_scans_3_4_wawtace_09_05_24\326\326_0_scan.nii.gz,HCC,0.8029007,0.13388298,0.06321633,HCC
327,D:\Downloads\ExternalData\ct_scans_3_4_wawtace_09_05_24\327\327_1_scan.nii.gz,D:\Downloads\ExternalData\ct_scans_3_4_wawtace_09_05_24\327\327_2_scan.nii.gz,D:\Downloads\ExternalData\ct_scans_3_4_wawtace_09_05_24\327\327_3_scan.nii.gz,D:\Downloads\ExternalData\ct_scans_3_4_wawtace_09_05_24\327\327_0_scan.nii.gz,HCC,0.40373945,0.4359323,0.16032821,ICC
328,D:\Downloads\ExternalData\ct_scans_3_4_wawtace_09_05_24\328\328_1_scan.nii.gz,D:\Downloads\ExternalData\ct_scans_3_4_wawtace_09_05_24\328\328_2_scan.nii.gz,D:\Downloads\ExternalData\ct_scans_3_4_wawtace_09_05_24\328\328_3_scan.nii.gz,D:\Downloads\ExternalData\ct_scans_3_4_wawtace_09_05_24\328\328_0_scan.nii.gz,HCC,0.20684958,0.4130078,0.3801427,ICC
330,D:\Downloads\ExternalData\ct_scans_3_4_wawtace_09_05_24\330\330_1_scan.nii.gz,D:\Downloads\ExternalData\ct_scans_3_4_wawtace_09_05_24\330\330_2_scan.nii.gz,D:\Downloads\ExternalData\ct_scans_3_4_wawtace_09_05_24\330\330_3_scan.nii.gz,D:\Downloads\ExternalData\ct_scans_3_4_wawtace_09_05_24\330\330_0_scan.nii.gz,HCC,0.08228176,0.7281064,0.1896119,ICC
332,D:\Downloads\ExternalData\ct_scans_3_4_wawtace_09_05_24\332\332_1_scan.nii.gz,D:\Downloads\ExternalData\ct_scans_3_4_wawtace_09_05_24\332\332_2_scan.nii.gz,D:\Downloads\ExternalData\ct_scans_3_4_wawtace_09_05_24\332\332_3_scan.nii.gz,D:\Downloads\ExternalData\ct_scans_3_4_wawtace_09_05_24\332\332_0_scan.nii.gz,HCC,0.7388789,0.12222408,0.138897,HCC
333,D:\Downloads\ExternalData\ct_scans_3_4_wawtace_09_05_24\333\333_1_scan.nii.gz,D:\Downloads\ExternalData\ct_scans_3_4_wawtace_09_05_24\333\333_2_scan.nii.gz,D:\Downloads\ExternalData\ct_scans_3_4_wawtace_09_05_24\333\333_3_scan.nii.gz,D:\Downloads\ExternalData\ct_scans_3_4_wawtace_09_05_24\333\333_0_scan.nii.gz,HCC,0.5830733,0.32921094,0.08771579,HCC
334,D:\Downloads\ExternalData\ct_scans_3_4_wawtace_09_05_24\334\334_1_scan.nii.gz,D:\Downloads\ExternalData\ct_scans_3_4_wawtace_09_05_24\334\334_2_scan.nii.gz,D:\Downloads\ExternalData\ct_scans_3_4_wawtace_09_05_24\334\334_3_scan.nii.gz,D:\Downloads\ExternalData\ct_scans_3_4_wawtace_09_05_24\334\334_0_scan.nii.gz,HCC,0.454573,0.40732345,0.13810351,HCC
335,D:\Downloads\ExternalData\ct_scans_3_4_wawtace_09_05_24\335\335_1_scan.nii.gz,D:\Downloads\ExternalData\ct_scans_3_4_wawtace_09_05_24\335\335_2_scan.nii.gz,D:\Downloads\ExternalData\ct_scans_3_4_wawtace_09_05_24\335\335_3_scan.nii.gz,D:\Downloads\ExternalData\ct_scans_3_4_wawtace_09_05_24\335\335_0_scan.nii.gz,HCC,0.58488965,0.2887565,0.1263539,HCC
336,D:\Downloads\ExternalData\ct_scans_3_4_wawtace_09_05_24\336\336_1_scan.nii.gz,D:\Downloads\ExternalData\ct_scans_3_4_wawtace_09_05_24\336\336_2_scan.nii.gz,D:\Downloads\ExternalData\ct_scans_3_4_wawtace_09_05_24\336\336_3_scan.nii.gz,D:\Downloads\ExternalData\ct_scans_3_4_wawtace_09_05_24\336\336_0_scan.nii.gz,HCC,0.4497065,0.36049873,0.18979475,HCC
337,D:\Downloads\ExternalData\ct_scans_3_4_wawtace_09_05_24\337\337_1_scan.nii.gz,D:\Downloads\ExternalData\ct_scans_3_4_wawtace_09_05_24\337\337_2_scan.nii.gz,D:\Downloads\ExternalData\ct_scans_3_4_wawtace_09_05_24\337\337_3_scan.nii.gz,D:\Downloads\ExternalData\ct_scans_3_4_wawtace_09_05_24\337\337_0_scan.nii.gz,HCC,0.5067652,0.3009881,0.19224675,HCC
338,D:\Downloads\ExternalData\ct_scans_3_4_wawtace_09_05_24\338\338_1_scan.nii.gz,D:\Downloads\ExternalData\ct_scans_3_4_wawtace_09_05_24\338\338_2_scan.nii.gz,D:\Downloads\ExternalData\ct_scans_3_4_wawtace_09_05_24\338\338_3_scan.nii.gz,D:\Downloads\ExternalData\ct_scans_3_4_wawtace_09_05_24\338\338_0_scan.nii.gz,HCC,0.7394273,0.16945526,0.091117494,HCC
339,D:\Downloads\ExternalData\ct_scans_3_4_wawtace_09_05_24\339\339_1_scan.nii.gz,D:\Downloads\ExternalData\ct_scans_3_4_wawtace_09_05_24\339\339_2_scan.nii.gz,,D:\Downloads\ExternalData\ct_scans_3_4_wawtace_09_05_24\339\339_0_scan.nii.gz,HCC,0.20736495,0.44596964,0.34666544,ICC
342,D:\Downloads\ExternalData\ct_scans_3_4_wawtace_09_05_24\342\342_1_scan.nii.gz,D:\Downloads\ExternalData\ct_scans_3_4_wawtace_09_05_24\342\342_2_scan.nii.gz,D:\Downloads\ExternalData\ct_scans_3_4_wawtace_09_05_24\342\342_3_scan.nii.gz,D:\Downloads\ExternalData\ct_scans_3_4_wawtace_09_05_24\342\342_0_scan.nii.gz,HCC,0.5806134,0.13639455,0.28299206,HCC
343,D:\Downloads\ExternalData\ct_scans_3_4_wawtace_09_05_24\343\343_1_scan.nii.gz,D:\Downloads\ExternalData\ct_scans_3_4_wawtace_09_05_24\343\343_2_scan.nii.gz,D:\Downloads\ExternalData\ct_scans_3_4_wawtace_09_05_24\343\343_3_scan.nii.gz,D:\Downloads\ExternalData\ct_scans_3_4_wawtace_09_05_24\343\343_0_scan.nii.gz,HCC,0.64675725,0.22565098,0.12759177,HCC
344,D:\Downloads\ExternalData\ct_scans_3_4_wawtace_09_05_24\344\344_1_scan.nii.gz,D:\Downloads\ExternalData\ct_scans_3_4_wawtace_09_05_24\344\344_2_scan.nii.gz,D:\Downloads\ExternalData\ct_scans_3_4_wawtace_09_05_24\344\344_3_scan.nii.gz,D:\Downloads\ExternalData\ct_scans_3_4_wawtace_09_05_24\344\344_0_scan.nii.gz,HCC,0.46127805,0.40588146,0.13284047,HCC
345,D:\Downloads\ExternalData\ct_scans_3_4_wawtace_09_05_24\345\345_1_scan.nii.gz,D:\Downloads\ExternalData\ct_scans_3_4_wawtace_09_05_24\345\345_2_scan.nii.gz,D:\Downloads\ExternalData\ct_scans_3_4_wawtace_09_05_24\345\345_3_scan.nii.gz,D:\Downloads\ExternalData\ct_scans_3_4_wawtace_09_05_24\345\345_0_scan.nii.gz,HCC,0.59400284,0.20984104,0.19615611,HCC
347,D:\Downloads\ExternalData\ct_scans_3_4_wawtace_09_05_24\347\347_1_scan.nii.gz,D:\Downloads\ExternalData\ct_scans_3_4_wawtace_09_05_24\347\347_2_scan.nii.gz,D:\Downloads\ExternalData\ct_scans_3_4_wawtace_09_05_24\347\347_3_scan.nii.gz,D:\Downloads\ExternalData\ct_scans_3_4_wawtace_09_05_24\347\347_0_scan.nii.gz,HCC,0.38365313,0.41763496,0.19871186,ICC
349,D:\Downloads\ExternalData\ct_scans_3_4_wawtace_09_05_24\349\349_1_scan.nii.gz,D:\Downloads\ExternalData\ct_scans_3_4_wawtace_09_05_24\349\349_2_scan.nii.gz,D:\Downloads\ExternalData\ct_scans_3_4_wawtace_09_05_24\349\349_3_scan.nii.gz,D:\Downloads\ExternalData\ct_scans_3_4_wawtace_09_05_24\349\349_0_scan.nii.gz,HCC,0.3289331,0.21183336,0.45923352,CHCC
350,D:\Downloads\ExternalData\ct_scans_3_4_wawtace_09_05_24\350\350_1_scan.nii.gz,D:\Downloads\ExternalData\ct_scans_3_4_wawtace_09_05_24\350\350_2_scan.nii.gz,D:\Downloads\ExternalData\ct_scans_3_4_wawtace_09_05_24\350\350_3_scan.nii.gz,D:\Downloads\ExternalData\ct_scans_3_4_wawtace_09_05_24\350\350_0_scan.nii.gz,HCC,0.8072876,0.148826,0.043886382,HCC
351,D:\Downloads\ExternalData\ct_scans_3_4_wawtace_09_05_24\351\351_1_scan.nii.gz,D:\Downloads\ExternalData\ct_scans_3_4_wawtace_09_05_24\351\351_2_scan.nii.gz,D:\Downloads\ExternalData\ct_scans_3_4_wawtace_09_05_24\351\351_3_scan.nii.gz,D:\Downloads\ExternalData\ct_scans_3_4_wawtace_09_05_24\351\351_0_scan.nii.gz,HCC,0.24142766,0.15631464,0.60225767,CHCC
353,D:\Downloads\ExternalData\ct_scans_3_4_wawtace_09_05_24\353\353_1_scan.nii.gz,D:\Downloads\ExternalData\ct_scans_3_4_wawtace_09_05_24\353\353_2_scan.nii.gz,D:\Downloads\ExternalData\ct_scans_3_4_wawtace_09_05_24\353\353_3_scan.nii.gz,D:\Downloads\ExternalData\ct_scans_3_4_wawtace_09_05_24\353\353_0_scan.nii.gz,HCC,0.20472558,0.53988224,0.2553922,ICC
354,D:\Downloads\ExternalData\ct_scans_3_4_wawtace_09_05_24\354\354_1_scan.nii.gz,D:\Downloads\ExternalData\ct_scans_3_4_wawtace_09_05_24\354\354_2_scan.nii.gz,,D:\Downloads\ExternalData\ct_scans_3_4_wawtace_09_05_24\354\354_0_scan.nii.gz,HCC,0.3568984,0.40168852,0.24141307,ICC
356,D:\Downloads\ExternalData\ct_scans_3_4_wawtace_09_05_24\356\356_1_scan.nii.gz,D:\Downloads\ExternalData\ct_scans_3_4_wawtace_09_05_24\356\356_2_scan.nii.gz,D:\Downloads\ExternalData\ct_scans_3_4_wawtace_09_05_24\356\356_3_scan.nii.gz,D:\Downloads\ExternalData\ct_scans_3_4_wawtace_09_05_24\356\356_0_scan.nii.gz,HCC,0.3988237,0.45106888,0.1501074,ICC
358,D:\Downloads\ExternalData\ct_scans_3_4_wawtace_09_05_24\358\358_1_scan.nii.gz,D:\Downloads\ExternalData\ct_scans_3_4_wawtace_09_05_24\358\358_2_scan.nii.gz,D:\Downloads\ExternalData\ct_scans_3_4_wawtace_09_05_24\358\358_3_scan.nii.gz,D:\Downloads\ExternalData\ct_scans_3_4_wawtace_09_05_24\358\358_0_scan.nii.gz,HCC,0.77989703,0.15168314,0.0684198,HCC
360,D:\Downloads\ExternalData\ct_scans_3_4_wawtace_09_05_24\360\360_1_scan.nii.gz,D:\Downloads\ExternalData\ct_scans_3_4_wawtace_09_05_24\360\360_2_scan.nii.gz,,D:\Downloads\ExternalData\ct_scans_3_4_wawtace_09_05_24\360\360_0_scan.nii.gz,HCC,0.18125585,0.68637514,0.13236901,ICC
363,D:\Downloads\ExternalData\ct_scans_3_4_wawtace_09_05_24\363\363_1_scan.nii.gz,D:\Downloads\ExternalData\ct_scans_3_4_wawtace_09_05_24\363\363_2_scan.nii.gz,,D:\Downloads\ExternalData\ct_scans_3_4_wawtace_09_05_24\363\363_0_scan.nii.gz,HCC,0.58190477,0.33926502,0.078830205,HCC
366,D:\Downloads\ExternalData\ct_scans_3_4_wawtace_09_05_24\366\366_1_scan.nii.gz,D:\Downloads\ExternalData\ct_scans_3_4_wawtace_09_05_24\366\366_2_scan.nii.gz,D:\Downloads\ExternalData\ct_scans_3_4_wawtace_09_05_24\366\366_3_scan.nii.gz,D:\Downloads\ExternalData\ct_scans_3_4_wawtace_09_05_24\366\366_0_scan.nii.gz,HCC,0.3311396,0.6039448,0.064915575,ICC
367,D:\Downloads\ExternalData\ct_scans_3_4_wawtace_09_05_24\367\367_1_scan.nii.gz,D:\Downloads\ExternalData\ct_scans_3_4_wawtace_09_05_24\367\367_2_scan.nii.gz,D:\Downloads\ExternalData\ct_scans_3_4_wawtace_09_05_24\367\367_3_scan.nii.gz,D:\Downloads\ExternalData\ct_scans_3_4_wawtace_09_05_24\367\367_0_scan.nii.gz,HCC,0.37931815,0.53242075,0.08826111,ICC
368,,D:\Downloads\ExternalData\ct_scans_3_4_wawtace_09_05_24\368\368_2_scan.nii.gz,D:\Downloads\ExternalData\ct_scans_3_4_wawtace_09_05_24\368\368_3_scan.nii.gz,,HCC,0.47505015,0.25960994,0.2653399,HCC
369,D:\Downloads\ExternalData\ct_scans_3_4_wawtace_09_05_24\369\369_1_scan.nii.gz,D:\Downloads\ExternalData\ct_scans_3_4_wawtace_09_05_24\369\369_2_scan.nii.gz,D:\Downloads\ExternalData\ct_scans_3_4_wawtace_09_05_24\369\369_3_scan.nii.gz,D:\Downloads\ExternalData\ct_scans_3_4_wawtace_09_05_24\369\369_0_scan.nii.gz,HCC,0.59648025,0.21448934,0.18903045,HCC
370,D:\Downloads\ExternalData\ct_scans_3_4_wawtace_09_05_24\370\370_1_scan.nii.gz,D:\Downloads\ExternalData\ct_scans_3_4_wawtace_09_05_24\370\370_2_scan.nii.gz,D:\Downloads\ExternalData\ct_scans_3_4_wawtace_09_05_24\370\370_3_scan.nii.gz,D:\Downloads\ExternalData\ct_scans_3_4_wawtace_09_05_24\370\370_0_scan.nii.gz,HCC,0.7065935,0.13464387,0.15876266,HCC
371,D:\Downloads\ExternalData\ct_scans_3_4_wawtace_09_05_24\371\371_1_scan.nii.gz,D:\Downloads\ExternalData\ct_scans_3_4_wawtace_09_05_24\371\371_2_scan.nii.gz,,D:\Downloads\ExternalData\ct_scans_3_4_wawtace_09_05_24\371\371_0_scan.nii.gz,HCC,0.35839733,0.41735905,0.22424361,ICC
372,D:\Downloads\ExternalData\ct_scans_3_4_wawtace_09_05_24\372\372_1_scan.nii.gz,D:\Downloads\ExternalData\ct_scans_3_4_wawtace_09_05_24\372\372_2_scan.nii.gz,D:\Downloads\ExternalData\ct_scans_3_4_wawtace_09_05_24\372\372_3_scan.nii.gz,D:\Downloads\ExternalData\ct_scans_3_4_wawtace_09_05_24\372\372_0_scan.nii.gz,HCC,0.5492922,0.37427297,0.07643481,HCC
373,D:\Downloads\ExternalData\ct_scans_3_4_wawtace_09_05_24\373\373_1_scan.nii.gz,D:\Downloads\ExternalData\ct_scans_3_4_wawtace_09_05_24\373\373_2_scan.nii.gz,D:\Downloads\ExternalData\ct_scans_3_4_wawtace_09_05_24\373\373_3_scan.nii.gz,D:\Downloads\ExternalData\ct_scans_3_4_wawtace_09_05_24\373\373_0_scan.nii.gz,HCC,0.47453308,0.33574206,0.18972488,HCC
374,D:\Downloads\ExternalData\ct_scans_3_4_wawtace_09_05_24\374\374_1_scan.nii.gz,,,D:\Downloads\ExternalData\ct_scans_3_4_wawtace_09_05_24\374\374_0_scan.nii.gz,HCC,0.20255962,0.47556743,0.32187292,ICC
375,D:\Downloads\ExternalData\ct_scans_3_4_wawtace_09_05_24\375\375_1_scan.nii.gz,D:\Downloads\ExternalData\ct_scans_3_4_wawtace_09_05_24\375\375_2_scan.nii.gz,D:\Downloads\ExternalData\ct_scans_3_4_wawtace_09_05_24\375\375_3_scan.nii.gz,D:\Downloads\ExternalData\ct_scans_3_4_wawtace_09_05_24\375\375_0_scan.nii.gz,HCC,0.32775873,0.5026222,0.16961911,ICC
378,,,D:\Downloads\ExternalData\ct_scans_3_4_wawtace_09_05_24\378\378_3_scan.nii.gz,,HCC,0.35139534,0.5281562,0.12044841,ICC
379,D:\Downloads\ExternalData\ct_scans_3_4_wawtace_09_05_24\379\379_1_scan.nii.gz,D:\Downloads\ExternalData\ct_scans_3_4_wawtace_09_05_24\379\379_2_scan.nii.gz,D:\Downloads\ExternalData\ct_scans_3_4_wawtace_09_05_24\379\379_3_scan.nii.gz,D:\Downloads\ExternalData\ct_scans_3_4_wawtace_09_05_24\379\379_0_scan.nii.gz,HCC,0.6428454,0.16682474,0.1903299,HCC
380,D:\Downloads\ExternalData\ct_scans_3_4_wawtace_09_05_24\380\380_1_scan.nii.gz,D:\Downloads\ExternalData\ct_scans_3_4_wawtace_09_05_24\380\380_2_scan.nii.gz,D:\Downloads\ExternalData\ct_scans_3_4_wawtace_09_05_24\380\380_3_scan.nii.gz,D:\Downloads\ExternalData\ct_scans_3_4_wawtace_09_05_24\380\380_0_scan.nii.gz,HCC,0.52749544,0.37120613,0.10129844,HCC
381,D:\Downloads\ExternalData\ct_scans_3_4_wawtace_09_05_24\381\381_1_scan.nii.gz,D:\Downloads\ExternalData\ct_scans_3_4_wawtace_09_05_24\381\381_2_scan.nii.gz,D:\Downloads\ExternalData\ct_scans_3_4_wawtace_09_05_24\381\381_3_scan.nii.gz,D:\Downloads\ExternalData\ct_scans_3_4_wawtace_09_05_24\381\381_0_scan.nii.gz,HCC,0.50896084,0.3969521,0.09408707,HCC
382,D:\Downloads\ExternalData\ct_scans_3_4_wawtace_09_05_24\382\382_1_scan.nii.gz,D:\Downloads\ExternalData\ct_scans_3_4_wawtace_09_05_24\382\382_2_scan.nii.gz,D:\Downloads\ExternalData\ct_scans_3_4_wawtace_09_05_24\382\382_3_scan.nii.gz,D:\Downloads\ExternalData\ct_scans_3_4_wawtace_09_05_24\382\382_0_scan.nii.gz,HCC,0.33478278,0.55045146,0.1147657,ICC
383,D:\Downloads\ExternalData\ct_scans_3_4_wawtace_09_05_24\383\383_1_scan.nii.gz,D:\Downloads\ExternalData\ct_scans_3_4_wawtace_09_05_24\383\383_2_scan.nii.gz,D:\Downloads\ExternalData\ct_scans_3_4_wawtace_09_05_24\383\383_3_scan.nii.gz,D:\Downloads\ExternalData\ct_scans_3_4_wawtace_09_05_24\383\383_0_scan.nii.gz,HCC,0.6003293,0.31465924,0.0850115,HCC
385,D:\Downloads\ExternalData\ct_scans_3_4_wawtace_09_05_24\385\385_1_scan.nii.gz,D:\Downloads\ExternalData\ct_scans_3_4_wawtace_09_05_24\385\385_2_scan.nii.gz,D:\Downloads\ExternalData\ct_scans_3_4_wawtace_09_05_24\385\385_3_scan.nii.gz,D:\Downloads\ExternalData\ct_scans_3_4_wawtace_09_05_24\385\385_0_scan.nii.gz,HCC,0.5230099,0.15089127,0.32609883,HCC
388,D:\Downloads\ExternalData\ct_scans_3_4_wawtace_09_05_24\388\388_1_scan.nii.gz,D:\Downloads\ExternalData\ct_scans_3_4_wawtace_09_05_24\388\388_2_scan.nii.gz,D:\Downloads\ExternalData\ct_scans_3_4_wawtace_09_05_24\388\388_3_scan.nii.gz,D:\Downloads\ExternalData\ct_scans_3_4_wawtace_09_05_24\388\388_0_scan.nii.gz,HCC,0.59983903,0.2491692,0.15099177,HCC
390,D:\Downloads\ExternalData\ct_scans_3_4_wawtace_09_05_24\390\390_1_scan.nii.gz,D:\Downloads\ExternalData\ct_scans_3_4_wawtace_09_05_24\390\390_2_scan.nii.gz,D:\Downloads\ExternalData\ct_scans_3_4_wawtace_09_05_24\390\390_3_scan.nii.gz,D:\Downloads\ExternalData\ct_scans_3_4_wawtace_09_05_24\390\390_0_scan.nii.gz,HCC,0.6046401,0.2613986,0.13396135,HCC
393,D:\Downloads\ExternalData\ct_scans_3_4_wawtace_09_05_24\393\393_1_scan.nii.gz,D:\Downloads\ExternalData\ct_scans_3_4_wawtace_09_05_24\393\393_2_scan.nii.gz,D:\Downloads\ExternalData\ct_scans_3_4_wawtace_09_05_24\393\393_3_scan.nii.gz,,HCC,0.5041157,0.23223992,0.26364446,HCC
394,D:\Downloads\ExternalData\ct_scans_3_4_wawtace_09_05_24\394\394_1_scan.nii.gz,D:\Downloads\ExternalData\ct_scans_3_4_wawtace_09_05_24\394\394_2_scan.nii.gz,,D:\Downloads\ExternalData\ct_scans_3_4_wawtace_09_05_24\394\394_0_scan.nii.gz,HCC,0.47400695,0.17558871,0.35040435,HCC
396,D:\Downloads\ExternalData\ct_scans_3_4_wawtace_09_05_24\396\396_1_scan.nii.gz,D:\Downloads\ExternalData\ct_scans_3_4_wawtace_09_05_24\396\396_2_scan.nii.gz,D:\Downloads\ExternalData\ct_scans_3_4_wawtace_09_05_24\396\396_3_scan.nii.gz,,HCC,0.4839468,0.3142075,0.20184572,HCC
399,D:\Downloads\ExternalData\ct_scans_3_4_wawtace_09_05_24\399\399_1_scan.nii.gz,D:\Downloads\ExternalData\ct_scans_3_4_wawtace_09_05_24\399\399_2_scan.nii.gz,D:\Downloads\ExternalData\ct_scans_3_4_wawtace_09_05_24\399\399_3_scan.nii.gz,D:\Downloads\ExternalData\ct_scans_3_4_wawtace_09_05_24\399\399_0_scan.nii.gz,HCC,0.65652525,0.18590449,0.15757027,HCC
404,D:\Downloads\ExternalData\ct_scans_4_4_wawtace_09_05_24\404\404_1_scan.nii.gz,D:\Downloads\ExternalData\ct_scans_4_4_wawtace_09_05_24\404\404_2_scan.nii.gz,D:\Downloads\ExternalData\ct_scans_4_4_wawtace_09_05_24\404\404_3_scan.nii.gz,D:\Downloads\ExternalData\ct_scans_4_4_wawtace_09_05_24\404\404_0_scan.nii.gz,HCC,0.4707327,0.45521158,0.07405572,HCC
405,D:\Downloads\ExternalData\ct_scans_4_4_wawtace_09_05_24\405\405_1_scan.nii.gz,D:\Downloads\ExternalData\ct_scans_4_4_wawtace_09_05_24\405\405_2_scan.nii.gz,D:\Downloads\ExternalData\ct_scans_4_4_wawtace_09_05_24\405\405_3_scan.nii.gz,D:\Downloads\ExternalData\ct_scans_4_4_wawtace_09_05_24\405\405_0_scan.nii.gz,HCC,0.64679563,0.14996557,0.20323873,HCC
434,D:\Downloads\ExternalData\ct_scans_4_4_wawtace_09_05_24\434\434_1_scan.nii.gz,D:\Downloads\ExternalData\ct_scans_4_4_wawtace_09_05_24\434\434_2_scan.nii.gz,D:\Downloads\ExternalData\ct_scans_4_4_wawtace_09_05_24\434\434_3_scan.nii.gz,D:\Downloads\ExternalData\ct_scans_4_4_wawtace_09_05_24\434\434_0_scan.nii.gz,HCC,0.5476238,0.377175,0.0752012,HCC
436,D:\Downloads\ExternalData\ct_scans_4_4_wawtace_09_05_24\436\436_1_scan.nii.gz,D:\Downloads\ExternalData\ct_scans_4_4_wawtace_09_05_24\436\436_2_scan.nii.gz,D:\Downloads\ExternalData\ct_scans_4_4_wawtace_09_05_24\436\436_3_scan.nii.gz,D:\Downloads\ExternalData\ct_scans_4_4_wawtace_09_05_24\436\436_0_scan.nii.gz,HCC,0.2978674,0.61423033,0.08790226,ICC
437,D:\Downloads\ExternalData\ct_scans_4_4_wawtace_09_05_24\437\437_1_scan.nii.gz,D:\Downloads\ExternalData\ct_scans_4_4_wawtace_09_05_24\437\437_2_scan.nii.gz,D:\Downloads\ExternalData\ct_scans_4_4_wawtace_09_05_24\437\437_3_scan.nii.gz,D:\Downloads\ExternalData\ct_scans_4_4_wawtace_09_05_24\437\437_0_scan.nii.gz,HCC,0.17929105,0.26866817,0.5520408,CHCC
438,D:\Downloads\ExternalData\ct_scans_4_4_wawtace_09_05_24\438\438_1_scan.nii.gz,D:\Downloads\ExternalData\ct_scans_4_4_wawtace_09_05_24\438\438_2_scan.nii.gz,D:\Downloads\ExternalData\ct_scans_4_4_wawtace_09_05_24\438\438_3_scan.nii.gz,D:\Downloads\ExternalData\ct_scans_4_4_wawtace_09_05_24\438\438_0_scan.nii.gz,HCC,0.56559485,0.12995386,0.30445126,HCC
439,D:\Downloads\ExternalData\ct_scans_4_4_wawtace_09_05_24\439\439_1_scan.nii.gz,D:\Downloads\ExternalData\ct_scans_4_4_wawtace_09_05_24\439\439_2_scan.nii.gz,D:\Downloads\ExternalData\ct_scans_4_4_wawtace_09_05_24\439\439_3_scan.nii.gz,,HCC,0.51332366,0.33392403,0.15275232,HCC
440,D:\Downloads\ExternalData\ct_scans_4_4_wawtace_09_05_24\440\440_1_scan.nii.gz,D:\Downloads\ExternalData\ct_scans_4_4_wawtace_09_05_24\440\440_2_scan.nii.gz,D:\Downloads\ExternalData\ct_scans_4_4_wawtace_09_05_24\440\440_3_scan.nii.gz,D:\Downloads\ExternalData\ct_scans_4_4_wawtace_09_05_24\440\440_0_scan.nii.gz,HCC,0.5326984,0.33803758,0.129264,HCC
442,D:\Downloads\ExternalData\ct_scans_4_4_wawtace_09_05_24\442\442_1_scan.nii.gz,D:\Downloads\ExternalData\ct_scans_4_4_wawtace_09_05_24\442\442_2_scan.nii.gz,,D:\Downloads\ExternalData\ct_scans_4_4_wawtace_09_05_24\442\442_0_scan.nii.gz,HCC,0.3007137,0.5456346,0.1536517,ICC
443,D:\Downloads\ExternalData\ct_scans_4_4_wawtace_09_05_24\443\443_1_scan.nii.gz,D:\Downloads\ExternalData\ct_scans_4_4_wawtace_09_05_24\443\443_2_scan.nii.gz,D:\Downloads\ExternalData\ct_scans_4_4_wawtace_09_05_24\443\443_3_scan.nii.gz,D:\Downloads\ExternalData\ct_scans_4_4_wawtace_09_05_24\443\443_0_scan.nii.gz,HCC,0.5383793,0.38701114,0.07460952,HCC
446,D:\Downloads\ExternalData\ct_scans_4_4_wawtace_09_05_24\446\446_1_scan.nii.gz,D:\Downloads\ExternalData\ct_scans_4_4_wawtace_09_05_24\446\446_2_scan.nii.gz,D:\Downloads\ExternalData\ct_scans_4_4_wawtace_09_05_24\446\446_3_scan.nii.gz,D:\Downloads\ExternalData\ct_scans_4_4_wawtace_09_05_24\446\446_0_scan.nii.gz,HCC,0.536391,0.36177582,0.10183315,HCC
447,D:\Downloads\ExternalData\ct_scans_4_4_wawtace_09_05_24\447\447_1_scan.nii.gz,D:\Downloads\ExternalData\ct_scans_4_4_wawtace_09_05_24\447\447_2_scan.nii.gz,D:\Downloads\ExternalData\ct_scans_4_4_wawtace_09_05_24\447\447_3_scan.nii.gz,D:\Downloads\ExternalData\ct_scans_4_4_wawtace_09_05_24\447\447_0_scan.nii.gz,HCC,0.41557893,0.32258704,0.26183406,HCC
450,D:\Downloads\ExternalData\ct_scans_4_4_wawtace_09_05_24\450\450_1_scan.nii.gz,D:\Downloads\ExternalData\ct_scans_4_4_wawtace_09_05_24\450\450_2_scan.nii.gz,D:\Downloads\ExternalData\ct_scans_4_4_wawtace_09_05_24\450\450_3_scan.nii.gz,D:\Downloads\ExternalData\ct_scans_4_4_wawtace_09_05_24\450\450_0_scan.nii.gz,HCC,0.38130042,0.5411233,0.07757633,ICC
451,D:\Downloads\ExternalData\ct_scans_4_4_wawtace_09_05_24\451\451_1_scan.nii.gz,D:\Downloads\ExternalData\ct_scans_4_4_wawtace_09_05_24\451\451_2_scan.nii.gz,D:\Downloads\ExternalData\ct_scans_4_4_wawtace_09_05_24\451\451_3_scan.nii.gz,D:\Downloads\ExternalData\ct_scans_4_4_wawtace_09_05_24\451\451_0_scan.nii.gz,HCC,0.48388538,0.3500372,0.16607736,HCC
452,D:\Downloads\ExternalData\ct_scans_4_4_wawtace_09_05_24\452\452_1_scan.nii.gz,D:\Downloads\ExternalData\ct_scans_4_4_wawtace_09_05_24\452\452_2_scan.nii.gz,D:\Downloads\ExternalData\ct_scans_4_4_wawtace_09_05_24\452\452_3_scan.nii.gz,D:\Downloads\ExternalData\ct_scans_4_4_wawtace_09_05_24\452\452_0_scan.nii.gz,HCC,0.35266283,0.291033,0.35630417,CHCC
453,D:\Downloads\ExternalData\ct_scans_4_4_wawtace_09_05_24\453\453_1_scan.nii.gz,D:\Downloads\ExternalData\ct_scans_4_4_wawtace_09_05_24\453\453_2_scan.nii.gz,D:\Downloads\ExternalData\ct_scans_4_4_wawtace_09_05_24\453\453_3_scan.nii.gz,D:\Downloads\ExternalData\ct_scans_4_4_wawtace_09_05_24\453\453_0_scan.nii.gz,HCC,0.5813432,0.30248958,0.116167225,HCC
455,D:\Downloads\ExternalData\ct_scans_4_4_wawtace_09_05_24\455\455_1_scan.nii.gz,D:\Downloads\ExternalData\ct_scans_4_4_wawtace_09_05_24\455\455_2_scan.nii.gz,D:\Downloads\ExternalData\ct_scans_4_4_wawtace_09_05_24\455\455_3_scan.nii.gz,D:\Downloads\ExternalData\ct_scans_4_4_wawtace_09_05_24\455\455_0_scan.nii.gz,HCC,0.48995847,0.39694518,0.11309631,HCC
456,D:\Downloads\ExternalData\ct_scans_4_4_wawtace_09_05_24\456\456_1_scan.nii.gz,D:\Downloads\ExternalData\ct_scans_4_4_wawtace_09_05_24\456\456_2_scan.nii.gz,D:\Downloads\ExternalData\ct_scans_4_4_wawtace_09_05_24\456\456_3_scan.nii.gz,D:\Downloads\ExternalData\ct_scans_4_4_wawtace_09_05_24\456\456_0_scan.nii.gz,HCC,0.389448,0.49528003,0.115272,ICC
457,D:\Downloads\ExternalData\ct_scans_4_4_wawtace_09_05_24\457\457_1_scan.nii.gz,D:\Downloads\ExternalData\ct_scans_4_4_wawtace_09_05_24\457\457_2_scan.nii.gz,,D:\Downloads\ExternalData\ct_scans_4_4_wawtace_09_05_24\457\457_0_scan.nii.gz,HCC,0.4287796,0.31936044,0.25185996,HCC
458,,D:\Downloads\ExternalData\ct_scans_4_4_wawtace_09_05_24\458\458_2_scan.nii.gz,,D:\Downloads\ExternalData\ct_scans_4_4_wawtace_09_05_24\458\458_0_scan.nii.gz,HCC,0.22657609,0.19679289,0.57663107,CHCC
460,D:\Downloads\ExternalData\ct_scans_4_4_wawtace_09_05_24\460\460_1_scan.nii.gz,D:\Downloads\ExternalData\ct_scans_4_4_wawtace_09_05_24\460\460_2_scan.nii.gz,D:\Downloads\ExternalData\ct_scans_4_4_wawtace_09_05_24\460\460_3_scan.nii.gz,D:\Downloads\ExternalData\ct_scans_4_4_wawtace_09_05_24\460\460_0_scan.nii.gz,HCC,0.59467685,0.25979784,0.14552526,HCC
462,D:\Downloads\ExternalData\ct_scans_4_4_wawtace_09_05_24\462\462_1_scan.nii.gz,D:\Downloads\ExternalData\ct_scans_4_4_wawtace_09_05_24\462\462_2_scan.nii.gz,D:\Downloads\ExternalData\ct_scans_4_4_wawtace_09_05_24\462\462_3_scan.nii.gz,D:\Downloads\ExternalData\ct_scans_4_4_wawtace_09_05_24\462\462_0_scan.nii.gz,HCC,0.7032864,0.155194,0.14151964,HCC
463,D:\Downloads\ExternalData\ct_scans_4_4_wawtace_09_05_24\463\463_1_scan.nii.gz,D:\Downloads\ExternalData\ct_scans_4_4_wawtace_09_05_24\463\463_2_scan.nii.gz,D:\Downloads\ExternalData\ct_scans_4_4_wawtace_09_05_24\463\463_3_scan.nii.gz,D:\Downloads\ExternalData\ct_scans_4_4_wawtace_09_05_24\463\463_0_scan.nii.gz,HCC,0.30376294,0.62276477,0.07347233,ICC
465,D:\Downloads\ExternalData\ct_scans_4_4_wawtace_09_05_24\465\465_1_scan.nii.gz,D:\Downloads\ExternalData\ct_scans_4_4_wawtace_09_05_24\465\465_2_scan.nii.gz,D:\Downloads\ExternalData\ct_scans_4_4_wawtace_09_05_24\465\465_3_scan.nii.gz,D:\Downloads\ExternalData\ct_scans_4_4_wawtace_09_05_24\465\465_0_scan.nii.gz,HCC,0.5806134,0.13639455,0.28299206,HCC
466,D:\Downloads\ExternalData\ct_scans_4_4_wawtace_09_05_24\466\466_1_scan.nii.gz,D:\Downloads\ExternalData\ct_scans_4_4_wawtace_09_05_24\466\466_2_scan.nii.gz,,,HCC,0.19201095,0.5506415,0.25734752,ICC
469,D:\Downloads\ExternalData\ct_scans_4_4_wawtace_09_05_24\469\469_1_scan.nii.gz,D:\Downloads\ExternalData\ct_scans_4_4_wawtace_09_05_24\469\469_2_scan.nii.gz,,D:\Downloads\ExternalData\ct_scans_4_4_wawtace_09_05_24\469\469_0_scan.nii.gz,HCC,0.20652285,0.7056604,0.08781677,ICC
474,D:\Downloads\ExternalData\ct_scans_4_4_wawtace_09_05_24\474\474_1_scan.nii.gz,D:\Downloads\ExternalData\ct_scans_4_4_wawtace_09_05_24\474\474_2_scan.nii.gz,D:\Downloads\ExternalData\ct_scans_4_4_wawtace_09_05_24\474\474_3_scan.nii.gz,D:\Downloads\ExternalData\ct_scans_4_4_wawtace_09_05_24\474\474_0_scan.nii.gz,HCC,0.23900655,0.5103828,0.25061068,ICC
477,D:\Downloads\ExternalData\ct_scans_4_4_wawtace_09_05_24\477\477_1_scan.nii.gz,D:\Downloads\ExternalData\ct_scans_4_4_wawtace_09_05_24\477\477_2_scan.nii.gz,D:\Downloads\ExternalData\ct_scans_4_4_wawtace_09_05_24\477\477_3_scan.nii.gz,D:\Downloads\ExternalData\ct_scans_4_4_wawtace_09_05_24\477\477_0_scan.nii.gz,HCC,0.59331644,0.3070666,0.099617,HCC
483,D:\Downloads\ExternalData\ct_scans_4_4_wawtace_09_05_24\483\483_1_scan.nii.gz,D:\Downloads\ExternalData\ct_scans_4_4_wawtace_09_05_24\483\483_2_scan.nii.gz,D:\Downloads\ExternalData\ct_scans_4_4_wawtace_09_05_24\483\483_3_scan.nii.gz,D:\Downloads\ExternalData\ct_scans_4_4_wawtace_09_05_24\483\483_0_scan.nii.gz,HCC,0.4204131,0.34568277,0.23390417,HCC
484,D:\Downloads\ExternalData\ct_scans_4_4_wawtace_09_05_24\484\484_1_scan.nii.gz,D:\Downloads\ExternalData\ct_scans_4_4_wawtace_09_05_24\484\484_2_scan.nii.gz,,D:\Downloads\ExternalData\ct_scans_4_4_wawtace_09_05_24\484\484_0_scan.nii.gz,HCC,0.17952259,0.6690844,0.15139303,ICC
485,D:\Downloads\ExternalData\ct_scans_4_4_wawtace_09_05_24\485\485_1_scan.nii.gz,D:\Downloads\ExternalData\ct_scans_4_4_wawtace_09_05_24\485\485_2_scan.nii.gz,D:\Downloads\ExternalData\ct_scans_4_4_wawtace_09_05_24\485\485_3_scan.nii.gz,D:\Downloads\ExternalData\ct_scans_4_4_wawtace_09_05_24\485\485_0_scan.nii.gz,HCC,0.4723856,0.22423527,0.30337915,HCC
486,D:\Downloads\ExternalData\ct_scans_4_4_wawtace_09_05_24\486\486_1_scan.nii.gz,D:\Downloads\ExternalData\ct_scans_4_4_wawtace_09_05_24\486\486_2_scan.nii.gz,,,HCC,0.62917215,0.12777185,0.24305606,HCC
487,D:\Downloads\ExternalData\ct_scans_4_4_wawtace_09_05_24\487\487_1_scan.nii.gz,D:\Downloads\ExternalData\ct_scans_4_4_wawtace_09_05_24\487\487_2_scan.nii.gz,,D:\Downloads\ExternalData\ct_scans_4_4_wawtace_09_05_24\487\487_0_scan.nii.gz,HCC,0.20591345,0.5004107,0.29367584,ICC
490,D:\Downloads\ExternalData\ct_scans_4_4_wawtace_09_05_24\490\490_1_scan.nii.gz,D:\Downloads\ExternalData\ct_scans_4_4_wawtace_09_05_24\490\490_2_scan.nii.gz,D:\Downloads\ExternalData\ct_scans_4_4_wawtace_09_05_24\490\490_3_scan.nii.gz,D:\Downloads\ExternalData\ct_scans_4_4_wawtace_09_05_24\490\490_0_scan.nii.gz,HCC,0.52454555,0.24144156,0.23401289,HCC
491,D:\Downloads\ExternalData\ct_scans_4_4_wawtace_09_05_24\491\491_1_scan.nii.gz,D:\Downloads\ExternalData\ct_scans_4_4_wawtace_09_05_24\491\491_2_scan.nii.gz,D:\Downloads\ExternalData\ct_scans_4_4_wawtace_09_05_24\491\491_3_scan.nii.gz,D:\Downloads\ExternalData\ct_scans_4_4_wawtace_09_05_24\491\491_0_scan.nii.gz,HCC,0.12665053,0.21235578,0.6609937,CHCC
492,D:\Downloads\ExternalData\ct_scans_4_4_wawtace_09_05_24\492\492_1_scan.nii.gz,D:\Downloads\ExternalData\ct_scans_4_4_wawtace_09_05_24\492\492_2_scan.nii.gz,D:\Downloads\ExternalData\ct_scans_4_4_wawtace_09_05_24\492\492_3_scan.nii.gz,D:\Downloads\ExternalData\ct_scans_4_4_wawtace_09_05_24\492\492_0_scan.nii.gz,HCC,0.18569589,0.47650465,0.33779946,ICC
493,D:\Downloads\ExternalData\ct_scans_4_4_wawtace_09_05_24\493\493_1_scan.nii.gz,D:\Downloads\ExternalData\ct_scans_4_4_wawtace_09_05_24\493\493_2_scan.nii.gz,D:\Downloads\ExternalData\ct_scans_4_4_wawtace_09_05_24\493\493_3_scan.nii.gz,D:\Downloads\ExternalData\ct_scans_4_4_wawtace_09_05_24\493\493_0_scan.nii.gz,HCC,0.3568438,0.34800726,0.29514894,HCC
494,D:\Downloads\ExternalData\ct_scans_4_4_wawtace_09_05_24\494\494_1_scan.nii.gz,D:\Downloads\ExternalData\ct_scans_4_4_wawtace_09_05_24\494\494_2_scan.nii.gz,D:\Downloads\ExternalData\ct_scans_4_4_wawtace_09_05_24\494\494_3_scan.nii.gz,D:\Downloads\ExternalData\ct_scans_4_4_wawtace_09_05_24\494\494_0_scan.nii.gz,HCC,0.15496367,0.8060931,0.038943224,ICC
496,D:\Downloads\ExternalData\ct_scans_4_4_wawtace_09_05_24\496\496_1_scan.nii.gz,D:\Downloads\ExternalData\ct_scans_4_4_wawtace_09_05_24\496\496_2_scan.nii.gz,,D:\Downloads\ExternalData\ct_scans_4_4_wawtace_09_05_24\496\496_0_scan.nii.gz,HCC,0.4299276,0.27508166,0.29499078,HCC
498,D:\Downloads\ExternalData\ct_scans_4_4_wawtace_09_05_24\498\498_1_scan.nii.gz,D:\Downloads\ExternalData\ct_scans_4_4_wawtace_09_05_24\498\498_2_scan.nii.gz,,D:\Downloads\ExternalData\ct_scans_4_4_wawtace_09_05_24\498\498_0_scan.nii.gz,HCC,0.30449486,0.5428887,0.1526165,ICC
500,D:\Downloads\ExternalData\ct_scans_4_4_wawtace_09_05_24\500\500_1_scan.nii.gz,D:\Downloads\ExternalData\ct_scans_4_4_wawtace_09_05_24\500\500_2_scan.nii.gz,,D:\Downloads\ExternalData\ct_scans_4_4_wawtace_09_05_24\500\500_0_scan.nii.gz,HCC,0.17930666,0.7354372,0.08525615,ICC
501,D:\Downloads\ExternalData\ct_scans_4_4_wawtace_09_05_24\501\501_1_scan.nii.gz,D:\Downloads\ExternalData\ct_scans_4_4_wawtace_09_05_24\501\501_2_scan.nii.gz,D:\Downloads\ExternalData\ct_scans_4_4_wawtace_09_05_24\501\501_3_scan.nii.gz,D:\Downloads\ExternalData\ct_scans_4_4_wawtace_09_05_24\501\501_0_scan.nii.gz,HCC,0.23337641,0.5986129,0.1680107,ICC
502,D:\Downloads\ExternalData\ct_scans_4_4_wawtace_09_05_24\502\502_1_scan.nii.gz,D:\Downloads\ExternalData\ct_scans_4_4_wawtace_09_05_24\502\502_2_scan.nii.gz,D:\Downloads\ExternalData\ct_scans_4_4_wawtace_09_05_24\502\502_3_scan.nii.gz,D:\Downloads\ExternalData\ct_scans_4_4_wawtace_09_05_24\502\502_0_scan.nii.gz,HCC,0.5104195,0.40564364,0.08393692,HCC
503,D:\Downloads\ExternalData\ct_scans_4_4_wawtace_09_05_24\503\503_1_scan.nii.gz,D:\Downloads\ExternalData\ct_scans_4_4_wawtace_09_05_24\503\503_2_scan.nii.gz,D:\Downloads\ExternalData\ct_scans_4_4_wawtace_09_05_24\503\503_3_scan.nii.gz,D:\Downloads\ExternalData\ct_scans_4_4_wawtace_09_05_24\503\503_0_scan.nii.gz,HCC,0.5118324,0.38321954,0.10494801,HCC
508,D:\Downloads\ExternalData\ct_scans_4_4_wawtace_09_05_24\508\508_1_scan.nii.gz,D:\Downloads\ExternalData\ct_scans_4_4_wawtace_09_05_24\508\508_2_scan.nii.gz,D:\Downloads\ExternalData\ct_scans_4_4_wawtace_09_05_24\508\508_3_scan.nii.gz,D:\Downloads\ExternalData\ct_scans_4_4_wawtace_09_05_24\508\508_0_scan.nii.gz,HCC,0.18817031,0.5521604,0.25966936,ICC
510,D:\Downloads\ExternalData\ct_scans_4_4_wawtace_09_05_24\510\510_1_scan.nii.gz,D:\Downloads\ExternalData\ct_scans_4_4_wawtace_09_05_24\510\510_2_scan.nii.gz,,D:\Downloads\ExternalData\ct_scans_4_4_wawtace_09_05_24\510\510_0_scan.nii.gz,HCC,0.42833677,0.3233937,0.24826951,HCC
512,D:\Downloads\ExternalData\ct_scans_4_4_wawtace_09_05_24\512\512_1_scan.nii.gz,D:\Downloads\ExternalData\ct_scans_4_4_wawtace_09_05_24\512\512_2_scan.nii.gz,D:\Downloads\ExternalData\ct_scans_4_4_wawtace_09_05_24\512\512_3_scan.nii.gz,D:\Downloads\ExternalData\ct_scans_4_4_wawtace_09_05_24\512\512_0_scan.nii.gz,HCC,0.5075269,0.30248588,0.18998721,HCC
514,D:\Downloads\ExternalData\ct_scans_4_4_wawtace_09_05_24\514\514_1_scan.nii.gz,D:\Downloads\ExternalData\ct_scans_4_4_wawtace_09_05_24\514\514_2_scan.nii.gz,,D:\Downloads\ExternalData\ct_scans_4_4_wawtace_09_05_24\514\514_0_scan.nii.gz,HCC,0.23660728,0.31402174,0.449371,CHCC
515,D:\Downloads\ExternalData\ct_scans_4_4_wawtace_09_05_24\515\515_1_scan.nii.gz,D:\Downloads\ExternalData\ct_scans_4_4_wawtace_09_05_24\515\515_2_scan.nii.gz,D:\Downloads\ExternalData\ct_scans_4_4_wawtace_09_05_24\515\515_3_scan.nii.gz,D:\Downloads\ExternalData\ct_scans_4_4_wawtace_09_05_24\515\515_0_scan.nii.gz,HCC,0.4884378,0.35066962,0.16089259,HCC
517,D:\Downloads\ExternalData\ct_scans_4_4_wawtace_09_05_24\517\517_1_scan.nii.gz,D:\Downloads\ExternalData\ct_scans_4_4_wawtace_09_05_24\517\517_2_scan.nii.gz,D:\Downloads\ExternalData\ct_scans_4_4_wawtace_09_05_24\517\517_3_scan.nii.gz,D:\Downloads\ExternalData\ct_scans_4_4_wawtace_09_05_24\517\517_0_scan.nii.gz,HCC,0.45461187,0.34808135,0.19730675,HCC
518,D:\Downloads\ExternalData\ct_scans_4_4_wawtace_09_05_24\518\518_1_scan.nii.gz,D:\Downloads\ExternalData\ct_scans_4_4_wawtace_09_05_24\518\518_2_scan.nii.gz,D:\Downloads\ExternalData\ct_scans_4_4_wawtace_09_05_24\518\518_3_scan.nii.gz,D:\Downloads\ExternalData\ct_scans_4_4_wawtace_09_05_24\518\518_0_scan.nii.gz,HCC,0.37883016,0.16266105,0.4585088,CHCC
519,D:\Downloads\ExternalData\ct_scans_4_4_wawtace_09_05_24\519\519_1_scan.nii.gz,D:\Downloads\ExternalData\ct_scans_4_4_wawtace_09_05_24\519\519_2_scan.nii.gz,D:\Downloads\ExternalData\ct_scans_4_4_wawtace_09_05_24\519\519_3_scan.nii.gz,D:\Downloads\ExternalData\ct_scans_4_4_wawtace_09_05_24\519\519_0_scan.nii.gz,HCC,0.42734164,0.28380686,0.28885156,HCC
521,D:\Downloads\ExternalData\ct_scans_4_4_wawtace_09_05_24\521\521_1_scan.nii.gz,D:\Downloads\ExternalData\ct_scans_4_4_wawtace_09_05_24\521\521_2_scan.nii.gz,D:\Downloads\ExternalData\ct_scans_4_4_wawtace_09_05_24\521\521_3_scan.nii.gz,D:\Downloads\ExternalData\ct_scans_4_4_wawtace_09_05_24\521\521_0_scan.nii.gz,HCC,0.4377417,0.50196505,0.06029321,ICC
522,D:\Downloads\ExternalData\ct_scans_4_4_wawtace_09_05_24\522\522_1_scan.nii.gz,D:\Downloads\ExternalData\ct_scans_4_4_wawtace_09_05_24\522\522_2_scan.nii.gz,D:\Downloads\ExternalData\ct_scans_4_4_wawtace_09_05_24\522\522_3_scan.nii.gz,D:\Downloads\ExternalData\ct_scans_4_4_wawtace_09_05_24\522\522_0_scan.nii.gz,HCC,0.3329957,0.30648443,0.3605199,CHCC
524,D:\Downloads\ExternalData\ct_scans_4_4_wawtace_09_05_24\524\524_1_scan.nii.gz,D:\Downloads\ExternalData\ct_scans_4_4_wawtace_09_05_24\524\524_2_scan.nii.gz,D:\Downloads\ExternalData\ct_scans_4_4_wawtace_09_05_24\524\524_3_scan.nii.gz,D:\Downloads\ExternalData\ct_scans_4_4_wawtace_09_05_24\524\524_0_scan.nii.gz,HCC,0.41535568,0.5087234,0.075920925,ICC
525,D:\Downloads\ExternalData\ct_scans_4_4_wawtace_09_05_24\525\525_1_scan.nii.gz,D:\Downloads\ExternalData\ct_scans_4_4_wawtace_09_05_24\525\525_2_scan.nii.gz,D:\Downloads\ExternalData\ct_scans_4_4_wawtace_09_05_24\525\525_3_scan.nii.gz,D:\Downloads\ExternalData\ct_scans_4_4_wawtace_09_05_24\525\525_0_scan.nii.gz,HCC,0.44798452,0.44511446,0.10690101,HCC
527,D:\Downloads\ExternalData\ct_scans_4_4_wawtace_09_05_24\527\527_1_scan.nii.gz,D:\Downloads\ExternalData\ct_scans_4_4_wawtace_09_05_24\527\527_2_scan.nii.gz,D:\Downloads\ExternalData\ct_scans_4_4_wawtace_09_05_24\527\527_3_scan.nii.gz,D:\Downloads\ExternalData\ct_scans_4_4_wawtace_09_05_24\527\527_0_scan.nii.gz,HCC,0.13332753,0.12198158,0.74469084,CHCC
531,D:\Downloads\ExternalData\ct_scans_4_4_wawtace_09_05_24\531\531_1_scan.nii.gz,D:\Downloads\ExternalData\ct_scans_4_4_wawtace_09_05_24\531\531_2_scan.nii.gz,D:\Downloads\ExternalData\ct_scans_4_4_wawtace_09_05_24\531\531_3_scan.nii.gz,D:\Downloads\ExternalData\ct_scans_4_4_wawtace_09_05_24\531\531_0_scan.nii.gz,HCC,0.6966264,0.15062965,0.15274389,HCC
533,D:\Downloads\ExternalData\ct_scans_4_4_wawtace_09_05_24\533\533_1_scan.nii.gz,D:\Downloads\ExternalData\ct_scans_4_4_wawtace_09_05_24\533\533_2_scan.nii.gz,D:\Downloads\ExternalData\ct_scans_4_4_wawtace_09_05_24\533\533_3_scan.nii.gz,D:\Downloads\ExternalData\ct_scans_4_4_wawtace_09_05_24\533\533_0_scan.nii.gz,HCC,0.17789477,0.5975434,0.22456178,ICC
537,D:\Downloads\ExternalData\ct_scans_4_4_wawtace_09_05_24\537\537_1_scan.nii.gz,D:\Downloads\ExternalData\ct_scans_4_4_wawtace_09_05_24\537\537_2_scan.nii.gz,D:\Downloads\ExternalData\ct_scans_4_4_wawtace_09_05_24\537\537_3_scan.nii.gz,D:\Downloads\ExternalData\ct_scans_4_4_wawtace_09_05_24\537\537_0_scan.nii.gz,HCC,0.3661467,0.43005103,0.2038022,ICC
539,D:\Downloads\ExternalData\ct_scans_4_4_wawtace_09_05_24\539\539_1_scan.nii.gz,D:\Downloads\ExternalData\ct_scans_4_4_wawtace_09_05_24\539\539_2_scan.nii.gz,D:\Downloads\ExternalData\ct_scans_4_4_wawtace_09_05_24\539\539_3_scan.nii.gz,D:\Downloads\ExternalData\ct_scans_4_4_wawtace_09_05_24\539\539_0_scan.nii.gz,HCC,0.6308339,0.21022514,0.15894096,HCC
540,D:\Downloads\ExternalData\ct_scans_4_4_wawtace_09_05_24\540\540_1_scan.nii.gz,D:\Downloads\ExternalData\ct_scans_4_4_wawtace_09_05_24\540\540_2_scan.nii.gz,D:\Downloads\ExternalData\ct_scans_4_4_wawtace_09_05_24\540\540_3_scan.nii.gz,D:\Downloads\ExternalData\ct_scans_4_4_wawtace_09_05_24\540\540_0_scan.nii.gz,HCC,0.4458856,0.33755127,0.2165631,HCC
543,D:\Downloads\ExternalData\ct_scans_4_4_wawtace_09_05_24\543\543_1_scan.nii.gz,D:\Downloads\ExternalData\ct_scans_4_4_wawtace_09_05_24\543\543_2_scan.nii.gz,D:\Downloads\ExternalData\ct_scans_4_4_wawtace_09_05_24\543\543_3_scan.nii.gz,D:\Downloads\ExternalData\ct_scans_4_4_wawtace_09_05_24\543\543_0_scan.nii.gz,HCC,0.6871084,0.11080947,0.20208207,HCC
