patient_id,path_C1,path_C2,path_C3,path_P,label,prob_HCC,prob_ICC,prob_CHCC,pred
10,D:\Downloads\ExternalData\ct_scans_1_4_wawtace_09_05_24\10\10_1_scan.nii.gz,D:\Downloads\ExternalData\ct_scans_1_4_wawtace_09_05_24\10\10_2_scan.nii.gz,D:\Downloads\ExternalData\ct_scans_1_4_wawtace_09_05_24\10\10_3_scan.nii.gz,D:\Downloads\ExternalData\ct_scans_1_4_wawtace_09_05_24\10\10_0_scan.nii.gz,HCC,0.6362468,0.110671744,0.2530814,HCC
13,D:\Downloads\ExternalData\ct_scans_1_4_wawtace_09_05_24\13\13_1_scan.nii.gz,D:\Downloads\ExternalData\ct_scans_1_4_wawtace_09_05_24\13\13_2_scan.nii.gz,D:\Downloads\ExternalData\ct_scans_1_4_wawtace_09_05_24\13\13_3_scan.nii.gz,D:\Downloads\ExternalData\ct_scans_1_4_wawtace_09_05_24\13\13_0_scan.nii.gz,HCC,0.5407647,0.2459588,0.21327655,HCC
14,D:\Downloads\ExternalData\ct_scans_1_4_wawtace_09_05_24\14\14_1_scan.nii.gz,D:\Downloads\ExternalData\ct_scans_1_4_wawtace_09_05_24\14\14_2_scan.nii.gz,,D:\Downloads\ExternalData\ct_scans_1_4_wawtace_09_05_24\14\14_0_scan.nii.gz,HCC,0.29789892,0.4349083,0.26719275,ICC
15,D:\Downloads\ExternalData\ct_scans_1_4_wawtace_09_05_24\15\15_1_scan.nii.gz,D:\Downloads\ExternalData\ct_scans_1_4_wawtace_09_05_24\15\15_2_scan.nii.gz,D:\Downloads\ExternalData\ct_scans_1_4_wawtace_09_05_24\15\15_3_scan.nii.gz,D:\Downloads\ExternalData\ct_scans_1_4_wawtace_09_05_24\15\15_0_scan.nii.gz,HCC,0.39080936,0.22251625,0.38667437,HCC
16,D:\Downloads\ExternalData\ct_scans_1_4_wawtace_09_05_24\16\16_1_scan.nii.gz,D:\Downloads\ExternalData\ct_scans_1_4_wawtace_09_05_24\16\16_2_scan.nii.gz,,D:\Downloads\ExternalData\ct_scans_1_4_wawtace_09_05_24\16\16_0_scan.nii.gz,HCC,0.43585795,0.27759328,0.28654873,HCC
18,D:\Downloads\ExternalData\ct_scans_1_4_wawtace_09_05_24\18\18_1_scan.nii.gz,D:\Downloads\ExternalData\ct_scans_1_4_wawtace_09_05_24\18\18_2_scan.nii.gz,D:\Downloads\ExternalData\ct_scans_1_4_wawtace_09_05_24\18\18_3_scan.nii.gz,D:\Downloads\ExternalData\ct_scans_1_4_wawtace_09_05_24\18\18_0_scan.nii.gz,HCC,0.41372886,0.23769042,0.34858075,HCC
19,D:\Downloads\ExternalData\ct_scans_1_4_wawtace_09_05_24\19\19_1_scan.nii.gz,D:\Downloads\ExternalData\ct_scans_1_4_wawtace_09_05_24\19\19_2_scan.nii.gz,D:\Downloads\ExternalData\ct_scans_1_4_wawtace_09_05_24\19\19_3_scan.nii.gz,D:\Downloads\ExternalData\ct_scans_1_4_wawtace_09_05_24\19\19_0_scan.nii.gz,HCC,0.6737784,0.19998553,0.12623602,HCC
2,D:\Downloads\ExternalData\ct_scans_1_4_wawtace_09_05_24\2\2_1_scan.nii.gz,D:\Downloads\ExternalData\ct_scans_1_4_wawtace_09_05_24\2\2_2_scan.nii.gz,D:\Downloads\ExternalData\ct_scans_1_4_wawtace_09_05_24\2\2_3_scan.nii.gz,D:\Downloads\ExternalData\ct_scans_1_4_wawtace_09_05_24\2\2_0_scan.nii.gz,HCC,0.47222733,0.30222756,0.22554512,HCC
20,D:\Downloads\ExternalData\ct_scans_1_4_wawtace_09_05_24\20\20_1_scan.nii.gz,D:\Downloads\ExternalData\ct_scans_1_4_wawtace_09_05_24\20\20_2_scan.nii.gz,D:\Downloads\ExternalData\ct_scans_1_4_wawtace_09_05_24\20\20_3_scan.nii.gz,D:\Downloads\ExternalData\ct_scans_1_4_wawtace_09_05_24\20\20_0_scan.nii.gz,HCC,0.14871831,0.2054234,0.6458583,CHCC
21,D:\Downloads\ExternalData\ct_scans_1_4_wawtace_09_05_24\21\21_1_scan.nii.gz,D:\Downloads\ExternalData\ct_scans_1_4_wawtace_09_05_24\21\21_2_scan.nii.gz,,D:\Downloads\ExternalData\ct_scans_1_4_wawtace_09_05_24\21\21_0_scan.nii.gz,HCC,0.34093142,0.41746578,0.24160278,ICC
23,D:\Downloads\ExternalData\ct_scans_1_4_wawtace_09_05_24\23\23_1_scan.nii.gz,D:\Downloads\ExternalData\ct_scans_1_4_wawtace_09_05_24\23\23_2_scan.nii.gz,D:\Downloads\ExternalData\ct_scans_1_4_wawtace_09_05_24\23\23_3_scan.nii.gz,D:\Downloads\ExternalData\ct_scans_1_4_wawtace_09_05_24\23\23_0_scan.nii.gz,HCC,0.45274797,0.34650567,0.20074634,HCC
24,D:\Downloads\ExternalData\ct_scans_1_4_wawtace_09_05_24\24\24_1_scan.nii.gz,D:\Downloads\ExternalData\ct_scans_1_4_wawtace_09_05_24\24\24_2_scan.nii.gz,,D:\Downloads\ExternalData\ct_scans_1_4_wawtace_09_05_24\24\24_0_scan.nii.gz,HCC,0.570619,0.13618122,0.29319975,HCC
25,D:\Downloads\ExternalData\ct_scans_1_4_wawtace_09_05_24\25\25_1_scan.nii.gz,D:\Downloads\ExternalData\ct_scans_1_4_wawtace_09_05_24\25\25_2_scan.nii.gz,D:\Downloads\ExternalData\ct_scans_1_4_wawtace_09_05_24\25\25_3_scan.nii.gz,,HCC,0.33395523,0.43389502,0.23214975,ICC
26,D:\Downloads\ExternalData\ct_scans_1_4_wawtace_09_05_24\26\26_1_scan.nii.gz,D:\Downloads\ExternalData\ct_scans_1_4_wawtace_09_05_24\26\26_2_scan.nii.gz,D:\Downloads\ExternalData\ct_scans_1_4_wawtace_09_05_24\26\26_3_scan.nii.gz,,HCC,0.3918248,0.241738,0.36643714,HCC
27,D:\Downloads\ExternalData\ct_scans_1_4_wawtace_09_05_24\27\27_1_scan.nii.gz,D:\Downloads\ExternalData\ct_scans_1_4_wawtace_09_05_24\27\27_2_scan.nii.gz,D:\Downloads\ExternalData\ct_scans_1_4_wawtace_09_05_24\27\27_3_scan.nii.gz,D:\Downloads\ExternalData\ct_scans_1_4_wawtace_09_05_24\27\27_0_scan.nii.gz,HCC,0.738238,0.14875916,0.113002874,HCC
28,D:\Downloads\ExternalData\ct_scans_1_4_wawtace_09_05_24\28\28_1_scan.nii.gz,D:\Downloads\ExternalData\ct_scans_1_4_wawtace_09_05_24\28\28_2_scan.nii.gz,,D:\Downloads\ExternalData\ct_scans_1_4_wawtace_09_05_24\28\28_0_scan.nii.gz,HCC,0.21482697,0.3361315,0.44904155,CHCC
29,D:\Downloads\ExternalData\ct_scans_1_4_wawtace_09_05_24\29\29_1_scan.nii.gz,D:\Downloads\ExternalData\ct_scans_1_4_wawtace_09_05_24\29\29_2_scan.nii.gz,D:\Downloads\ExternalData\ct_scans_1_4_wawtace_09_05_24\29\29_3_scan.nii.gz,D:\Downloads\ExternalData\ct_scans_1_4_wawtace_09_05_24\29\29_0_scan.nii.gz,HCC,0.4999177,0.36320466,0.13687766,HCC
3,D:\Downloads\ExternalData\ct_scans_1_4_wawtace_09_05_24\3\3_1_scan.nii.gz,D:\Downloads\ExternalData\ct_scans_1_4_wawtace_09_05_24\3\3_2_scan.nii.gz,D:\Downloads\ExternalData\ct_scans_1_4_wawtace_09_05_24\3\3_3_scan.nii.gz,D:\Downloads\ExternalData\ct_scans_1_4_wawtace_09_05_24\3\3_0_scan.nii.gz,HCC,0.2894275,0.38915038,0.3214221,ICC
31,D:\Downloads\ExternalData\ct_scans_1_4_wawtace_09_05_24\31\31_1_scan.nii.gz,D:\Downloads\ExternalData\ct_scans_1_4_wawtace_09_05_24\31\31_2_scan.nii.gz,D:\Downloads\ExternalData\ct_scans_1_4_wawtace_09_05_24\31\31_3_scan.nii.gz,D:\Downloads\ExternalData\ct_scans_1_4_wawtace_09_05_24\31\31_0_scan.nii.gz,HCC,0.1196626,0.2815429,0.5987946,CHCC
33,D:\Downloads\ExternalData\ct_scans_1_4_wawtace_09_05_24\33\33_1_scan.nii.gz,D:\Downloads\ExternalData\ct_scans_1_4_wawtace_09_05_24\33\33_2_scan.nii.gz,D:\Downloads\ExternalData\ct_scans_1_4_wawtace_09_05_24\33\33_3_scan.nii.gz,D:\Downloads\ExternalData\ct_scans_1_4_wawtace_09_05_24\33\33_0_scan.nii.gz,HCC,0.47894058,0.2936542,0.22740524,HCC
34,D:\Downloads\ExternalData\ct_scans_1_4_wawtace_09_05_24\34\34_1_scan.nii.gz,D:\Downloads\ExternalData\ct_scans_1_4_wawtace_09_05_24\34\34_2_scan.nii.gz,D:\Downloads\ExternalData\ct_scans_1_4_wawtace_09_05_24\34\34_3_scan.nii.gz,D:\Downloads\ExternalData\ct_scans_1_4_wawtace_09_05_24\34\34_0_scan.nii.gz,HCC,0.46911067,0.27455038,0.25633895,HCC
35,D:\Downloads\ExternalData\ct_scans_1_4_wawtace_09_05_24\35\35_1_scan.nii.gz,D:\Downloads\ExternalData\ct_scans_1_4_wawtace_09_05_24\35\35_2_scan.nii.gz,,D:\Downloads\ExternalData\ct_scans_1_4_wawtace_09_05_24\35\35_0_scan.nii.gz,HCC,0.17329895,0.56682336,0.25987768,ICC
36,D:\Downloads\ExternalData\ct_scans_1_4_wawtace_09_05_24\36\36_1_scan.nii.gz,D:\Downloads\ExternalData\ct_scans_1_4_wawtace_09_05_24\36\36_2_scan.nii.gz,,D:\Downloads\ExternalData\ct_scans_1_4_wawtace_09_05_24\36\36_0_scan.nii.gz,HCC,0.41438428,0.39623103,0.1893847,HCC
37,D:\Downloads\ExternalData\ct_scans_1_4_wawtace_09_05_24\37\37_1_scan.nii.gz,D:\Downloads\ExternalData\ct_scans_1_4_wawtace_09_05_24\37\37_2_scan.nii.gz,D:\Downloads\ExternalData\ct_scans_1_4_wawtace_09_05_24\37\37_3_scan.nii.gz,,HCC,0.44041157,0.30482367,0.25476477,HCC
38,D:\Downloads\ExternalData\ct_scans_1_4_wawtace_09_05_24\38\38_1_scan.nii.gz,D:\Downloads\ExternalData\ct_scans_1_4_wawtace_09_05_24\38\38_2_scan.nii.gz,D:\Downloads\ExternalData\ct_scans_1_4_wawtace_09_05_24\38\38_3_scan.nii.gz,D:\Downloads\ExternalData\ct_scans_1_4_wawtace_09_05_24\38\38_0_scan.nii.gz,HCC,0.61574554,0.2002482,0.18400624,HCC
39,D:\Downloads\ExternalData\ct_scans_1_4_wawtace_09_05_24\39\39_1_scan.nii.gz,D:\Downloads\ExternalData\ct_scans_1_4_wawtace_09_05_24\39\39_2_scan.nii.gz,D:\Downloads\ExternalData\ct_scans_1_4_wawtace_09_05_24\39\39_3_scan.nii.gz,D:\Downloads\ExternalData\ct_scans_1_4_wawtace_09_05_24\39\39_0_scan.nii.gz,HCC,0.532983,0.123102725,0.3439143,HCC
41,D:\Downloads\ExternalData\ct_scans_1_4_wawtace_09_05_24\41\41_1_scan.nii.gz,D:\Downloads\ExternalData\ct_scans_1_4_wawtace_09_05_24\41\41_2_scan.nii.gz,D:\Downloads\ExternalData\ct_scans_1_4_wawtace_09_05_24\41\41_3_scan.nii.gz,,HCC,0.354005,0.36504695,0.280948,ICC
42,D:\Downloads\ExternalData\ct_scans_1_4_wawtace_09_05_24\42\42_1_scan.nii.gz,D:\Downloads\ExternalData\ct_scans_1_4_wawtace_09_05_24\42\42_2_scan.nii.gz,D:\Downloads\ExternalData\ct_scans_1_4_wawtace_09_05_24\42\42_3_scan.nii.gz,D:\Downloads\ExternalData\ct_scans_1_4_wawtace_09_05_24\42\42_0_scan.nii.gz,HCC,0.6716552,0.17287359,0.15547124,HCC
43,D:\Downloads\ExternalData\ct_scans_1_4_wawtace_09_05_24\43\43_1_scan.nii.gz,D:\Downloads\ExternalData\ct_scans_1_4_wawtace_09_05_24\43\43_2_scan.nii.gz,D:\Downloads\ExternalData\ct_scans_1_4_wawtace_09_05_24\43\43_3_scan.nii.gz,,HCC,0.5463525,0.22733393,0.22631355,HCC
44,D:\Downloads\ExternalData\ct_scans_1_4_wawtace_09_05_24\44\44_1_scan.nii.gz,D:\Downloads\ExternalData\ct_scans_1_4_wawtace_09_05_24\44\44_2_scan.nii.gz,D:\Downloads\ExternalData\ct_scans_1_4_wawtace_09_05_24\44\44_3_scan.nii.gz,D:\Downloads\ExternalData\ct_scans_1_4_wawtace_09_05_24\44\44_0_scan.nii.gz,HCC,0.6105281,0.15641007,0.23306179,HCC
45,D:\Downloads\ExternalData\ct_scans_1_4_wawtace_09_05_24\45\45_1_scan.nii.gz,D:\Downloads\ExternalData\ct_scans_1_4_wawtace_09_05_24\45\45_2_scan.nii.gz,D:\Downloads\ExternalData\ct_scans_1_4_wawtace_09_05_24\45\45_3_scan.nii.gz,,HCC,0.33621198,0.46735734,0.1964307,ICC
46,D:\Downloads\ExternalData\ct_scans_1_4_wawtace_09_05_24\46\46_1_scan.nii.gz,D:\Downloads\ExternalData\ct_scans_1_4_wawtace_09_05_24\46\46_2_scan.nii.gz,D:\Downloads\ExternalData\ct_scans_1_4_wawtace_09_05_24\46\46_3_scan.nii.gz,,HCC,0.25479248,0.5775862,0.16762128,ICC
47,D:\Downloads\ExternalData\ct_scans_1_4_wawtace_09_05_24\47\47_1_scan.nii.gz,D:\Downloads\ExternalData\ct_scans_1_4_wawtace_09_05_24\47\47_2_scan.nii.gz,D:\Downloads\ExternalData\ct_scans_1_4_wawtace_09_05_24\47\47_3_scan.nii.gz,,HCC,0.29416,0.48494616,0.22089389,ICC
48,D:\Downloads\ExternalData\ct_scans_1_4_wawtace_09_05_24\48\48_1_scan.nii.gz,D:\Downloads\ExternalData\ct_scans_1_4_wawtace_09_05_24\48\48_2_scan.nii.gz,,D:\Downloads\ExternalData\ct_scans_1_4_wawtace_09_05_24\48\48_0_scan.nii.gz,HCC,0.30164632,0.32556614,0.3727875,CHCC
5,D:\Downloads\ExternalData\ct_scans_1_4_wawtace_09_05_24\5\5_1_scan.nii.gz,D:\Downloads\ExternalData\ct_scans_1_4_wawtace_09_05_24\5\5_2_scan.nii.gz,D:\Downloads\ExternalData\ct_scans_1_4_wawtace_09_05_24\5\5_3_scan.nii.gz,,HCC,0.31953502,0.5248647,0.15560034,ICC
50,D:\Downloads\ExternalData\ct_scans_1_4_wawtace_09_05_24\50\50_1_scan.nii.gz,D:\Downloads\ExternalData\ct_scans_1_4_wawtace_09_05_24\50\50_2_scan.nii.gz,D:\Downloads\ExternalData\ct_scans_1_4_wawtace_09_05_24\50\50_3_scan.nii.gz,,HCC,0.6296849,0.20234624,0.16796884,HCC
53,D:\Downloads\ExternalData\ct_scans_1_4_wawtace_09_05_24\53\53_1_scan.nii.gz,D:\Downloads\ExternalData\ct_scans_1_4_wawtace_09_05_24\53\53_2_scan.nii.gz,D:\Downloads\ExternalData\ct_scans_1_4_wawtace_09_05_24\53\53_3_scan.nii.gz,D:\Downloads\ExternalData\ct_scans_1_4_wawtace_09_05_24\53\53_0_scan.nii.gz,HCC,0.46583733,0.3617613,0.17240138,HCC
54,D:\Downloads\ExternalData\ct_scans_1_4_wawtace_09_05_24\54\54_1_scan.nii.gz,D:\Downloads\ExternalData\ct_scans_1_4_wawtace_09_05_24\54\54_2_scan.nii.gz,D:\Downloads\ExternalData\ct_scans_1_4_wawtace_09_05_24\54\54_3_scan.nii.gz,D:\Downloads\ExternalData\ct_scans_1_4_wawtace_09_05_24\54\54_0_scan.nii.gz,HCC,0.4017733,0.4175485,0.18067822,ICC
56,D:\Downloads\ExternalData\ct_scans_1_4_wawtace_09_05_24\56\56_1_scan.nii.gz,D:\Downloads\ExternalData\ct_scans_1_4_wawtace_09_05_24\56\56_2_scan.nii.gz,D:\Downloads\ExternalData\ct_scans_1_4_wawtace_09_05_24\56\56_3_scan.nii.gz,D:\Downloads\ExternalData\ct_scans_1_4_wawtace_09_05_24\56\56_0_scan.nii.gz,HCC,0.720925,0.13816749,0.14090756,HCC
57,D:\Downloads\ExternalData\ct_scans_1_4_wawtace_09_05_24\57\57_1_scan.nii.gz,D:\Downloads\ExternalData\ct_scans_1_4_wawtace_09_05_24\57\57_2_scan.nii.gz,D:\Downloads\ExternalData\ct_scans_1_4_wawtace_09_05_24\57\57_3_scan.nii.gz,D:\Downloads\ExternalData\ct_scans_1_4_wawtace_09_05_24\57\57_0_scan.nii.gz,HCC,0.534577,0.24040465,0.22501838,HCC
58,D:\Downloads\ExternalData\ct_scans_1_4_wawtace_09_05_24\58\58_1_scan.nii.gz,D:\Downloads\ExternalData\ct_scans_1_4_wawtace_09_05_24\58\58_2_scan.nii.gz,D:\Downloads\ExternalData\ct_scans_1_4_wawtace_09_05_24\58\58_3_scan.nii.gz,D:\Downloads\ExternalData\ct_scans_1_4_wawtace_09_05_24\58\58_0_scan.nii.gz,HCC,0.6206137,0.1892015,0.19018476,HCC
59,D:\Downloads\ExternalData\ct_scans_1_4_wawtace_09_05_24\59\59_1_scan.nii.gz,D:\Downloads\ExternalData\ct_scans_1_4_wawtace_09_05_24\59\59_2_scan.nii.gz,D:\Downloads\ExternalData\ct_scans_1_4_wawtace_09_05_24\59\59_3_scan.nii.gz,D:\Downloads\ExternalData\ct_scans_1_4_wawtace_09_05_24\59\59_0_scan.nii.gz,HCC,0.3454712,0.3776815,0.2768473,ICC
60,D:\Downloads\ExternalData\ct_scans_1_4_wawtace_09_05_24\60\60_1_scan.nii.gz,D:\Downloads\ExternalData\ct_scans_1_4_wawtace_09_05_24\60\60_2_scan.nii.gz,D:\Downloads\ExternalData\ct_scans_1_4_wawtace_09_05_24\60\60_3_scan.nii.gz,D:\Downloads\ExternalData\ct_scans_1_4_wawtace_09_05_24\60\60_0_scan.nii.gz,HCC,0.5466548,0.28798336,0.16536184,HCC
61,D:\Downloads\ExternalData\ct_scans_1_4_wawtace_09_05_24\61\61_1_scan.nii.gz,D:\Downloads\ExternalData\ct_scans_1_4_wawtace_09_05_24\61\61_2_scan.nii.gz,D:\Downloads\ExternalData\ct_scans_1_4_wawtace_09_05_24\61\61_3_scan.nii.gz,D:\Downloads\ExternalData\ct_scans_1_4_wawtace_09_05_24\61\61_0_scan.nii.gz,HCC,0.3341134,0.38186246,0.28402415,ICC
62,D:\Downloads\ExternalData\ct_scans_1_4_wawtace_09_05_24\62\62_1_scan.nii.gz,D:\Downloads\ExternalData\ct_scans_1_4_wawtace_09_05_24\62\62_2_scan.nii.gz,D:\Downloads\ExternalData\ct_scans_1_4_wawtace_09_05_24\62\62_3_scan.nii.gz,D:\Downloads\ExternalData\ct_scans_1_4_wawtace_09_05_24\62\62_0_scan.nii.gz,HCC,0.44926673,0.20494297,0.34579033,HCC
63,D:\Downloads\ExternalData\ct_scans_1_4_wawtace_09_05_24\63\63_1_scan.nii.gz,D:\Downloads\ExternalData\ct_scans_1_4_wawtace_09_05_24\63\63_2_scan.nii.gz,D:\Downloads\ExternalData\ct_scans_1_4_wawtace_09_05_24\63\63_3_scan.nii.gz,D:\Downloads\ExternalData\ct_scans_1_4_wawtace_09_05_24\63\63_0_scan.nii.gz,HCC,0.4786684,0.42005414,0.101277456,HCC
65,D:\Downloads\ExternalData\ct_scans_1_4_wawtace_09_05_24\65\65_1_scan.nii.gz,D:\Downloads\ExternalData\ct_scans_1_4_wawtace_09_05_24\65\65_2_scan.nii.gz,D:\Downloads\ExternalData\ct_scans_1_4_wawtace_09_05_24\65\65_3_scan.nii.gz,D:\Downloads\ExternalData\ct_scans_1_4_wawtace_09_05_24\65\65_0_scan.nii.gz,HCC,0.26589495,0.62776136,0.10634367,ICC
66,D:\Downloads\ExternalData\ct_scans_1_4_wawtace_09_05_24\66\66_1_scan.nii.gz,D:\Downloads\ExternalData\ct_scans_1_4_wawtace_09_05_24\66\66_2_scan.nii.gz,D:\Downloads\ExternalData\ct_scans_1_4_wawtace_09_05_24\66\66_3_scan.nii.gz,D:\Downloads\ExternalData\ct_scans_1_4_wawtace_09_05_24\66\66_0_scan.nii.gz,HCC,0.6303155,0.22888203,0.14080246,HCC
67,D:\Downloads\ExternalData\ct_scans_1_4_wawtace_09_05_24\67\67_1_scan.nii.gz,D:\Downloads\ExternalData\ct_scans_1_4_wawtace_09_05_24\67\67_2_scan.nii.gz,D:\Downloads\ExternalData\ct_scans_1_4_wawtace_09_05_24\67\67_3_scan.nii.gz,D:\Downloads\ExternalData\ct_scans_1_4_wawtace_09_05_24\67\67_0_scan.nii.gz,HCC,0.3467583,0.48251304,0.17072865,ICC
69,D:\Downloads\ExternalData\ct_scans_1_4_wawtace_09_05_24\69\69_1_scan.nii.gz,D:\Downloads\ExternalData\ct_scans_1_4_wawtace_09_05_24\69\69_2_scan.nii.gz,D:\Downloads\ExternalData\ct_scans_1_4_wawtace_09_05_24\69\69_3_scan.nii.gz,D:\Downloads\ExternalData\ct_scans_1_4_wawtace_09_05_24\69\69_0_scan.nii.gz,HCC,0.4703146,0.15677902,0.3729064,HCC
7,D:\Downloads\ExternalData\ct_scans_1_4_wawtace_09_05_24\7\7_1_scan.nii.gz,D:\Downloads\ExternalData\ct_scans_1_4_wawtace_09_05_24\7\7_2_scan.nii.gz,D:\Downloads\ExternalData\ct_scans_1_4_wawtace_09_05_24\7\7_3_scan.nii.gz,D:\Downloads\ExternalData\ct_scans_1_4_wawtace_09_05_24\7\7_0_scan.nii.gz,HCC,0.3068662,0.5688947,0.12423913,ICC
72,D:\Downloads\ExternalData\ct_scans_1_4_wawtace_09_05_24\72\72_1_scan.nii.gz,D:\Downloads\ExternalData\ct_scans_1_4_wawtace_09_05_24\72\72_2_scan.nii.gz,D:\Downloads\ExternalData\ct_scans_1_4_wawtace_09_05_24\72\72_3_scan.nii.gz,D:\Downloads\ExternalData\ct_scans_1_4_wawtace_09_05_24\72\72_0_scan.nii.gz,HCC,0.52284515,0.2794302,0.19772467,HCC
73,D:\Downloads\ExternalData\ct_scans_1_4_wawtace_09_05_24\73\73_1_scan.nii.gz,D:\Downloads\ExternalData\ct_scans_1_4_wawtace_09_05_24\73\73_2_scan.nii.gz,D:\Downloads\ExternalData\ct_scans_1_4_wawtace_09_05_24\73\73_3_scan.nii.gz,D:\Downloads\ExternalData\ct_scans_1_4_wawtace_09_05_24\73\73_0_scan.nii.gz,HCC,0.35708243,0.39694363,0.24597394,ICC
74,D:\Downloads\ExternalData\ct_scans_1_4_wawtace_09_05_24\74\74_1_scan.nii.gz,D:\Downloads\ExternalData\ct_scans_1_4_wawtace_09_05_24\74\74_2_scan.nii.gz,D:\Downloads\ExternalData\ct_scans_1_4_wawtace_09_05_24\74\74_3_scan.nii.gz,D:\Downloads\ExternalData\ct_scans_1_4_wawtace_09_05_24\74\74_0_scan.nii.gz,HCC,0.37261355,0.41149345,0.21589306,ICC
77,D:\Downloads\ExternalData\ct_scans_1_4_wawtace_09_05_24\77\77_1_scan.nii.gz,D:\Downloads\ExternalData\ct_scans_1_4_wawtace_09_05_24\77\77_2_scan.nii.gz,,D:\Downloads\ExternalData\ct_scans_1_4_wawtace_09_05_24\77\77_0_scan.nii.gz,HCC,0.14798495,0.19986299,0.6521521,CHCC
8,D:\Downloads\ExternalData\ct_scans_1_4_wawtace_09_05_24\8\8_1_scan.nii.gz,D:\Downloads\ExternalData\ct_scans_1_4_wawtace_09_05_24\8\8_2_scan.nii.gz,D:\Downloads\ExternalData\ct_scans_1_4_wawtace_09_05_24\8\8_3_scan.nii.gz,D:\Downloads\ExternalData\ct_scans_1_4_wawtace_09_05_24\8\8_0_scan.nii.gz,HCC,0.45054498,0.22057071,0.3288843,HCC
101,D:\Downloads\ExternalData\ct_scans_2_4_wawtace_09_05_24\101\101_1_scan.nii.gz,D:\Downloads\ExternalData\ct_scans_2_4_wawtace_09_05_24\101\101_2_scan.nii.gz,D:\Downloads\ExternalData\ct_scans_2_4_wawtace_09_05_24\101\101_3_scan.nii.gz,D:\Downloads\ExternalData\ct_scans_2_4_wawtace_09_05_24\101\101_0_scan.nii.gz,HCC,0.5311297,0.17414528,0.2947251,HCC
102,D:\Downloads\ExternalData\ct_scans_2_4_wawtace_09_05_24\102\102_1_scan.nii.gz,D:\Downloads\ExternalData\ct_scans_2_4_wawtace_09_05_24\102\102_2_scan.nii.gz,D:\Downloads\ExternalData\ct_scans_2_4_wawtace_09_05_24\102\102_3_scan.nii.gz,D:\Downloads\ExternalData\ct_scans_2_4_wawtace_09_05_24\102\102_0_scan.nii.gz,HCC,0.52293575,0.2736564,0.20340788,HCC
103,D:\Downloads\ExternalData\ct_scans_2_4_wawtace_09_05_24\103\103_1_scan.nii.gz,D:\Downloads\ExternalData\ct_scans_2_4_wawtace_09_05_24\103\103_2_scan.nii.gz,D:\Downloads\ExternalData\ct_scans_2_4_wawtace_09_05_24\103\103_3_scan.nii.gz,,HCC,0.47587767,0.29591078,0.22821155,HCC
104,D:\Downloads\ExternalData\ct_scans_2_4_wawtace_09_05_24\104\104_1_scan.nii.gz,D:\Downloads\ExternalData\ct_scans_2_4_wawtace_09_05_24\104\104_2_scan.nii.gz,D:\Downloads\ExternalData\ct_scans_2_4_wawtace_09_05_24\104\104_3_scan.nii.gz,D:\Downloads\ExternalData\ct_scans_2_4_wawtace_09_05_24\104\104_0_scan.nii.gz,HCC,0.30112237,0.25168237,0.44719523,CHCC
108,D:\Downloads\ExternalData\ct_scans_2_4_wawtace_09_05_24\108\108_1_scan.nii.gz,D:\Downloads\ExternalData\ct_scans_2_4_wawtace_09_05_24\108\108_2_scan.nii.gz,D:\Downloads\ExternalData\ct_scans_2_4_wawtace_09_05_24\108\108_3_scan.nii.gz,D:\Downloads\ExternalData\ct_scans_2_4_wawtace_09_05_24\108\108_0_scan.nii.gz,HCC,0.4600647,0.30770403,0.2322313,HCC
111,D:\Downloads\ExternalData\ct_scans_2_4_wawtace_09_05_24\111\111_1_scan.nii.gz,D:\Downloads\ExternalData\ct_scans_2_4_wawtace_09_05_24\111\111_2_scan.nii.gz,,D:\Downloads\ExternalData\ct_scans_2_4_wawtace_09_05_24\111\111_0_scan.nii.gz,HCC,0.33680493,0.32705718,0.33613792,HCC
112,D:\Downloads\ExternalData\ct_scans_2_4_wawtace_09_05_24\112\112_1_scan.nii.gz,D:\Downloads\ExternalData\ct_scans_2_4_wawtace_09_05_24\112\112_2_scan.nii.gz,D:\Downloads\ExternalData\ct_scans_2_4_wawtace_09_05_24\112\112_3_scan.nii.gz,D:\Downloads\ExternalData\ct_scans_2_4_wawtace_09_05_24\112\112_0_scan.nii.gz,HCC,0.2153718,0.20654067,0.57808757,CHCC
114,D:\Downloads\ExternalData\ct_scans_2_4_wawtace_09_05_24\114\114_1_scan.nii.gz,D:\Downloads\ExternalData\ct_scans_2_4_wawtace_09_05_24\114\114_2_scan.nii.gz,D:\Downloads\ExternalData\ct_scans_2_4_wawtace_09_05_24\114\114_3_scan.nii.gz,,HCC,0.334294,0.4532115,0.21249454,ICC
115,D:\Downloads\ExternalData\ct_scans_2_4_wawtace_09_05_24\115\115_1_scan.nii.gz,D:\Downloads\ExternalData\ct_scans_2_4_wawtace_09_05_24\115\115_2_scan.nii.gz,D:\Downloads\ExternalData\ct_scans_2_4_wawtace_09_05_24\115\115_3_scan.nii.gz,D:\Downloads\ExternalData\ct_scans_2_4_wawtace_09_05_24\115\115_0_scan.nii.gz,HCC,0.4418239,0.3569715,0.20120457,HCC
116,D:\Downloads\ExternalData\ct_scans_2_4_wawtace_09_05_24\116\116_1_scan.nii.gz,D:\Downloads\ExternalData\ct_scans_2_4_wawtace_09_05_24\116\116_2_scan.nii.gz,D:\Downloads\ExternalData\ct_scans_2_4_wawtace_09_05_24\116\116_3_scan.nii.gz,D:\Downloads\ExternalData\ct_scans_2_4_wawtace_09_05_24\116\116_0_scan.nii.gz,HCC,0.73285675,0.13018212,0.13696118,HCC
118,D:\Downloads\ExternalData\ct_scans_2_4_wawtace_09_05_24\118\118_1_scan.nii.gz,D:\Downloads\ExternalData\ct_scans_2_4_wawtace_09_05_24\118\118_2_scan.nii.gz,D:\Downloads\ExternalData\ct_scans_2_4_wawtace_09_05_24\118\118_3_scan.nii.gz,D:\Downloads\ExternalData\ct_scans_2_4_wawtace_09_05_24\118\118_0_scan.nii.gz,HCC,0.05679106,0.19644383,0.74676514,CHCC
119,D:\Downloads\ExternalData\ct_scans_2_4_wawtace_09_05_24\119\119_1_scan.nii.gz,D:\Downloads\ExternalData\ct_scans_2_4_wawtace_09_05_24\119\119_2_scan.nii.gz,D:\Downloads\ExternalData\ct_scans_2_4_wawtace_09_05_24\119\119_3_scan.nii.gz,D:\Downloads\ExternalData\ct_scans_2_4_wawtace_09_05_24\119\119_0_scan.nii.gz,HCC,0.2738556,0.29837647,0.42776793,CHCC
121,D:\Downloads\ExternalData\ct_scans_2_4_wawtace_09_05_24\121\121_1_scan.nii.gz,D:\Downloads\ExternalData\ct_scans_2_4_wawtace_09_05_24\121\121_2_scan.nii.gz,D:\Downloads\ExternalData\ct_scans_2_4_wawtace_09_05_24\121\121_3_scan.nii.gz,D:\Downloads\ExternalData\ct_scans_2_4_wawtace_09_05_24\121\121_0_scan.nii.gz,HCC,0.57557154,0.23941,0.18501845,HCC
125,D:\Downloads\ExternalData\ct_scans_2_4_wawtace_09_05_24\125\125_1_scan.nii.gz,D:\Downloads\ExternalData\ct_scans_2_4_wawtace_09_05_24\125\125_2_scan.nii.gz,D:\Downloads\ExternalData\ct_scans_2_4_wawtace_09_05_24\125\125_3_scan.nii.gz,D:\Downloads\ExternalData\ct_scans_2_4_wawtace_09_05_24\125\125_0_scan.nii.gz,HCC,0.5690508,0.2364392,0.19451,HCC
126,D:\Downloads\ExternalData\ct_scans_2_4_wawtace_09_05_24\126\126_1_scan.nii.gz,D:\Downloads\ExternalData\ct_scans_2_4_wawtace_09_05_24\126\126_2_scan.nii.gz,D:\Downloads\ExternalData\ct_scans_2_4_wawtace_09_05_24\126\126_3_scan.nii.gz,D:\Downloads\ExternalData\ct_scans_2_4_wawtace_09_05_24\126\126_0_scan.nii.gz,HCC,0.28389302,0.13015388,0.5859531,CHCC
127,D:\Downloads\ExternalData\ct_scans_2_4_wawtace_09_05_24\127\127_1_scan.nii.gz,D:\Downloads\ExternalData\ct_scans_2_4_wawtace_09_05_24\127\127_2_scan.nii.gz,D:\Downloads\ExternalData\ct_scans_2_4_wawtace_09_05_24\127\127_3_scan.nii.gz,,HCC,0.49763075,0.3524695,0.14989977,HCC
134,D:\Downloads\ExternalData\ct_scans_2_4_wawtace_09_05_24\134\134_1_scan.nii.gz,D:\Downloads\ExternalData\ct_scans_2_4_wawtace_09_05_24\134\134_2_scan.nii.gz,D:\Downloads\ExternalData\ct_scans_2_4_wawtace_09_05_24\134\134_3_scan.nii.gz,,HCC,0.5035924,0.23625176,0.26015595,HCC
135,D:\Downloads\ExternalData\ct_scans_2_4_wawtace_09_05_24\135\135_1_scan.nii.gz,D:\Downloads\ExternalData\ct_scans_2_4_wawtace_09_05_24\135\135_2_scan.nii.gz,,D:\Downloads\ExternalData\ct_scans_2_4_wawtace_09_05_24\135\135_0_scan.nii.gz,HCC,0.43559355,0.19758007,0.3668264,HCC
139,D:\Downloads\ExternalData\ct_scans_2_4_wawtace_09_05_24\139\139_1_scan.nii.gz,D:\Downloads\ExternalData\ct_scans_2_4_wawtace_09_05_24\139\139_2_scan.nii.gz,D:\Downloads\ExternalData\ct_scans_2_4_wawtace_09_05_24\139\139_3_scan.nii.gz,D:\Downloads\ExternalData\ct_scans_2_4_wawtace_09_05_24\139\139_0_scan.nii.gz,HCC,0.20091853,0.26251295,0.5365685,CHCC
142,D:\Downloads\ExternalData\ct_scans_2_4_wawtace_09_05_24\142\142_1_scan.nii.gz,D:\Downloads\ExternalData\ct_scans_2_4_wawtace_09_05_24\142\142_2_scan.nii.gz,D:\Downloads\ExternalData\ct_scans_2_4_wawtace_09_05_24\142\142_3_scan.nii.gz,D:\Downloads\ExternalData\ct_scans_2_4_wawtace_09_05_24\142\142_0_scan.nii.gz,HCC,0.6407646,0.24519226,0.11404319,HCC
144,D:\Downloads\ExternalData\ct_scans_2_4_wawtace_09_05_24\144\144_1_scan.nii.gz,D:\Downloads\ExternalData\ct_scans_2_4_wawtace_09_05_24\144\144_2_scan.nii.gz,D:\Downloads\ExternalData\ct_scans_2_4_wawtace_09_05_24\144\144_3_scan.nii.gz,D:\Downloads\ExternalData\ct_scans_2_4_wawtace_09_05_24\144\144_0_scan.nii.gz,HCC,0.51903224,0.31619936,0.16476841,HCC
146,D:\Downloads\ExternalData\ct_scans_2_4_wawtace_09_05_24\146\146_1_scan.nii.gz,D:\Downloads\ExternalData\ct_scans_2_4_wawtace_09_05_24\146\146_2_scan.nii.gz,D:\Downloads\ExternalData\ct_scans_2_4_wawtace_09_05_24\146\146_3_scan.nii.gz,,HCC,0.23325257,0.56980515,0.1969423,ICC
149,D:\Downloads\ExternalData\ct_scans_2_4_wawtace_09_05_24\149\149_1_scan.nii.gz,D:\Downloads\ExternalData\ct_scans_2_4_wawtace_09_05_24\149\149_2_scan.nii.gz,D:\Downloads\ExternalData\ct_scans_2_4_wawtace_09_05_24\149\149_3_scan.nii.gz,D:\Downloads\ExternalData\ct_scans_2_4_wawtace_09_05_24\149\149_0_scan.nii.gz,HCC,0.36662567,0.30611816,0.3272562,HCC
150,D:\Downloads\ExternalData\ct_scans_2_4_wawtace_09_05_24\150\150_1_scan.nii.gz,D:\Downloads\ExternalData\ct_scans_2_4_wawtace_09_05_24\150\150_2_scan.nii.gz,D:\Downloads\ExternalData\ct_scans_2_4_wawtace_09_05_24\150\150_3_scan.nii.gz,D:\Downloads\ExternalData\ct_scans_2_4_wawtace_09_05_24\150\150_0_scan.nii.gz,HCC,0.49738723,0.2887023,0.21391046,HCC
158,D:\Downloads\ExternalData\ct_scans_2_4_wawtace_09_05_24\158\158_1_scan.nii.gz,D:\Downloads\ExternalData\ct_scans_2_4_wawtace_09_05_24\158\158_2_scan.nii.gz,D:\Downloads\ExternalData\ct_scans_2_4_wawtace_09_05_24\158\158_3_scan.nii.gz,D:\Downloads\ExternalData\ct_scans_2_4_wawtace_09_05_24\158\158_0_scan.nii.gz,HCC,0.41536093,0.31802976,0.26660928,HCC
165,D:\Downloads\ExternalData\ct_scans_2_4_wawtace_09_05_24\165\165_1_scan.nii.gz,D:\Downloads\ExternalData\ct_scans_2_4_wawtace_09_05_24\165\165_2_scan.nii.gz,D:\Downloads\ExternalData\ct_scans_2_4_wawtace_09_05_24\165\165_3_scan.nii.gz,D:\Downloads\ExternalData\ct_scans_2_4_wawtace_09_05_24\165\165_0_scan.nii.gz,HCC,0.3913086,0.30321854,0.30547288,HCC
167,D:\Downloads\ExternalData\ct_scans_2_4_wawtace_09_05_24\167\167_1_scan.nii.gz,D:\Downloads\ExternalData\ct_scans_2_4_wawtace_09_05_24\167\167_2_scan.nii.gz,D:\Downloads\ExternalData\ct_scans_2_4_wawtace_09_05_24\167\167_3_scan.nii.gz,D:\Downloads\ExternalData\ct_scans_2_4_wawtace_09_05_24\167\167_0_scan.nii.gz,HCC,0.6502985,0.17120507,0.17849639,HCC
168,D:\Downloads\ExternalData\ct_scans_2_4_wawtace_09_05_24\168\168_1_scan.nii.gz,D:\Downloads\ExternalData\ct_scans_2_4_wawtace_09_05_24\168\168_2_scan.nii.gz,D:\Downloads\ExternalData\ct_scans_2_4_wawtace_09_05_24\168\168_3_scan.nii.gz,D:\Downloads\ExternalData\ct_scans_2_4_wawtace_09_05_24\168\168_0_scan.nii.gz,HCC,0.47039622,0.33872575,0.19087803,HCC
169,D:\Downloads\ExternalData\ct_scans_2_4_wawtace_09_05_24\169\169_1_scan.nii.gz,D:\Downloads\ExternalData\ct_scans_2_4_wawtace_09_05_24\169\169_2_scan.nii.gz,D:\Downloads\ExternalData\ct_scans_2_4_wawtace_09_05_24\169\169_3_scan.nii.gz,D:\Downloads\ExternalData\ct_scans_2_4_wawtace_09_05_24\169\169_0_scan.nii.gz,HCC,0.59984046,0.22229008,0.17786945,HCC
171,D:\Downloads\ExternalData\ct_scans_2_4_wawtace_09_05_24\171\171_1_scan.nii.gz,D:\Downloads\ExternalData\ct_scans_2_4_wawtace_09_05_24\171\171_2_scan.nii.gz,D:\Downloads\ExternalData\ct_scans_2_4_wawtace_09_05_24\171\171_3_scan.nii.gz,D:\Downloads\ExternalData\ct_scans_2_4_wawtace_09_05_24\171\171_0_scan.nii.gz,HCC,0.14688651,0.52284074,0.33027273,ICC
179,D:\Downloads\ExternalData\ct_scans_2_4_wawtace_09_05_24\179\179_1_scan.nii.gz,D:\Downloads\ExternalData\ct_scans_2_4_wawtace_09_05_24\179\179_2_scan.nii.gz,D:\Downloads\ExternalData\ct_scans_2_4_wawtace_09_05_24\179\179_3_scan.nii.gz,,HCC,0.30579025,0.474145,0.22006473,ICC
184,D:\Downloads\ExternalData\ct_scans_2_4_wawtace_09_05_24\184\184_1_scan.nii.gz,D:\Downloads\ExternalData\ct_scans_2_4_wawtace_09_05_24\184\184_2_scan.nii.gz,D:\Downloads\ExternalData\ct_scans_2_4_wawtace_09_05_24\184\184_3_scan.nii.gz,D:\Downloads\ExternalData\ct_scans_2_4_wawtace_09_05_24\184\184_0_scan.nii.gz,HCC,0.7830147,0.09761937,0.119365886,HCC
188,D:\Downloads\ExternalData\ct_scans_2_4_wawtace_09_05_24\188\188_1_scan.nii.gz,D:\Downloads\ExternalData\ct_scans_2_4_wawtace_09_05_24\188\188_2_scan.nii.gz,D:\Downloads\ExternalData\ct_scans_2_4_wawtace_09_05_24\188\188_3_scan.nii.gz,D:\Downloads\ExternalData\ct_scans_2_4_wawtace_09_05_24\188\188_0_scan.nii.gz,HCC,0.6317431,0.16202503,0.20623188,HCC
190,D:\Downloads\ExternalData\ct_scans_2_4_wawtace_09_05_24\190\190_1_scan.nii.gz,D:\Downloads\ExternalData\ct_scans_2_4_wawtace_09_05_24\190\190_2_scan.nii.gz,D:\Downloads\ExternalData\ct_scans_2_4_wawtace_09_05_24\190\190_3_scan.nii.gz,D:\Downloads\ExternalData\ct_scans_2_4_wawtace_09_05_24\190\190_0_scan.nii.gz,HCC,0.44194347,0.3188092,0.23924728,HCC
192,D:\Downloads\ExternalData\ct_scans_2_4_wawtace_09_05_24\192\192_1_scan.nii.gz,D:\Downloads\ExternalData\ct_scans_2_4_wawtace_09_05_24\192\192_2_scan.nii.gz,D:\Downloads\ExternalData\ct_scans_2_4_wawtace_09_05_24\192\192_3_scan.nii.gz,D:\Downloads\ExternalData\ct_scans_2_4_wawtace_09_05_24\192\192_0_scan.nii.gz,HCC,0.17778711,0.57900274,0.24321012,ICC
193,D:\Downloads\ExternalData\ct_scans_2_4_wawtace_09_05_24\193\193_1_scan.nii.gz,D:\Downloads\ExternalData\ct_scans_2_4_wawtace_09_05_24\193\193_2_scan.nii.gz,D:\Downloads\ExternalData\ct_scans_2_4_wawtace_09_05_24\193\193_3_scan.nii.gz,D:\Downloads\ExternalData\ct_scans_2_4_wawtace_09_05_24\193\193_0_scan.nii.gz,HCC,0.5267934,0.18120223,0.2920043,HCC
197,D:\Downloads\ExternalData\ct_scans_2_4_wawtace_09_05_24\197\197_1_scan.nii.gz,D:\Downloads\ExternalData\ct_scans_2_4_wawtace_09_05_24\197\197_2_scan.nii.gz,,D:\Downloads\ExternalData\ct_scans_2_4_wawtace_09_05_24\197\197_0_scan.nii.gz,HCC,0.19546352,0.61338633,0.19115013,ICC
198,D:\Downloads\ExternalData\ct_scans_2_4_wawtace_09_05_24\198\198_1_scan.nii.gz,D:\Downloads\ExternalData\ct_scans_2_4_wawtace_09_05_24\198\198_2_scan.nii.gz,D:\Downloads\ExternalData\ct_scans_2_4_wawtace_09_05_24\198\198_3_scan.nii.gz,,HCC,0.4468077,0.32849762,0.22469464,HCC
79,D:\Downloads\ExternalData\ct_scans_2_4_wawtace_09_05_24\79\79_1_scan.nii.gz,D:\Downloads\ExternalData\ct_scans_2_4_wawtace_09_05_24\79\79_2_scan.nii.gz,,D:\Downloads\ExternalData\ct_scans_2_4_wawtace_09_05_24\79\79_0_scan.nii.gz,HCC,0.20630231,0.48211294,0.31158477,ICC
80,D:\Downloads\ExternalData\ct_scans_2_4_wawtace_09_05_24\80\80_1_scan.nii.gz,D:\Downloads\ExternalData\ct_scans_2_4_wawtace_09_05_24\80\80_2_scan.nii.gz,D:\Downloads\ExternalData\ct_scans_2_4_wawtace_09_05_24\80\80_3_scan.nii.gz,D:\Downloads\ExternalData\ct_scans_2_4_wawtace_09_05_24\80\80_0_scan.nii.gz,HCC,0.487485,0.20350346,0.30901158,HCC
81,D:\Downloads\ExternalData\ct_scans_2_4_wawtace_09_05_24\81\81_1_scan.nii.gz,D:\Downloads\ExternalData\ct_scans_2_4_wawtace_09_05_24\81\81_2_scan.nii.gz,D:\Downloads\ExternalData\ct_scans_2_4_wawtace_09_05_24\81\81_3_scan.nii.gz,,HCC,0.32271022,0.50521576,0.17207403,ICC
83,D:\Downloads\ExternalData\ct_scans_2_4_wawtace_09_05_24\83\83_1_scan.nii.gz,D:\Downloads\ExternalData\ct_scans_2_4_wawtace_09_05_24\83\83_2_scan.nii.gz,D:\Downloads\ExternalData\ct_scans_2_4_wawtace_09_05_24\83\83_3_scan.nii.gz,,HCC,0.4036321,0.4466292,0.14973868,ICC
84,D:\Downloads\ExternalData\ct_scans_2_4_wawtace_09_05_24\84\84_1_scan.nii.gz,D:\Downloads\ExternalData\ct_scans_2_4_wawtace_09_05_24\84\84_2_scan.nii.gz,,D:\Downloads\ExternalData\ct_scans_2_4_wawtace_09_05_24\84\84_0_scan.nii.gz,HCC,0.18790375,0.66890407,0.14319214,ICC
85,D:\Downloads\ExternalData\ct_scans_2_4_wawtace_09_05_24\85\85_1_scan.nii.gz,D:\Downloads\ExternalData\ct_scans_2_4_wawtace_09_05_24\85\85_2_scan.nii.gz,D:\Downloads\ExternalData\ct_scans_2_4_wawtace_09_05_24\85\85_3_scan.nii.gz,,HCC,0.18420462,0.5650946,0.25070077,ICC
86,D:\Downloads\ExternalData\ct_scans_2_4_wawtace_09_05_24\86\86_1_scan.nii.gz,D:\Downloads\ExternalData\ct_scans_2_4_wawtace_09_05_24\86\86_2_scan.nii.gz,D:\Downloads\ExternalData\ct_scans_2_4_wawtace_09_05_24\86\86_3_scan.nii.gz,,HCC,0.14811526,0.5808859,0.27099887,ICC
87,D:\Downloads\ExternalData\ct_scans_2_4_wawtace_09_05_24\87\87_1_scan.nii.gz,D:\Downloads\ExternalData\ct_scans_2_4_wawtace_09_05_24\87\87_2_scan.nii.gz,D:\Downloads\ExternalData\ct_scans_2_4_wawtace_09_05_24\87\87_3_scan.nii.gz,,HCC,0.2836474,0.49776125,0.21859136,ICC
88,D:\Downloads\ExternalData\ct_scans_2_4_wawtace_09_05_24\88\88_1_scan.nii.gz,D:\Downloads\ExternalData\ct_scans_2_4_wawtace_09_05_24\88\88_2_scan.nii.gz,,,HCC,0.17987224,0.5960399,0.22408788,ICC
89,D:\Downloads\ExternalData\ct_scans_2_4_wawtace_09_05_24\89\89_1_scan.nii.gz,D:\Downloads\ExternalData\ct_scans_2_4_wawtace_09_05_24\89\89_2_scan.nii.gz,D:\Downloads\ExternalData\ct_scans_2_4_wawtace_09_05_24\89\89_3_scan.nii.gz,,HCC,0.2597257,0.639804,0.100470304,ICC
90,D:\Downloads\ExternalData\ct_scans_2_4_wawtace_09_05_24\90\90_1_scan.nii.gz,D:\Downloads\ExternalData\ct_scans_2_4_wawtace_09_05_24\90\90_2_scan.nii.gz,D:\Downloads\ExternalData\ct_scans_2_4_wawtace_09_05_24\90\90_3_scan.nii.gz,D:\Downloads\ExternalData\ct_scans_2_4_wawtace_09_05_24\90\90_0_scan.nii.gz,HCC,0.4336025,0.3753259,0.1910716,HCC
91,D:\Downloads\ExternalData\ct_scans_2_4_wawtace_09_05_24\91\91_1_scan.nii.gz,D:\Downloads\ExternalData\ct_scans_2_4_wawtace_09_05_24\91\91_2_scan.nii.gz,D:\Downloads\ExternalData\ct_scans_2_4_wawtace_09_05_24\91\91_3_scan.nii.gz,D:\Downloads\ExternalData\ct_scans_2_4_wawtace_09_05_24\91\91_0_scan.nii.gz,HCC,0.62340605,0.18294153,0.19365239,HCC
92,D:\Downloads\ExternalData\ct_scans_2_4_wawtace_09_05_24\92\92_1_scan.nii.gz,D:\Downloads\ExternalData\ct_scans_2_4_wawtace_09_05_24\92\92_2_scan.nii.gz,D:\Downloads\ExternalData\ct_scans_2_4_wawtace_09_05_24\92\92_3_scan.nii.gz,D:\Downloads\ExternalData\ct_scans_2_4_wawtace_09_05_24\92\92_0_scan.nii.gz,HCC,0.51918995,0.31488553,0.16592452,HCC
93,D:\Downloads\ExternalData\ct_scans_2_4_wawtace_09_05_24\93\93_1_scan.nii.gz,D:\Downloads\ExternalData\ct_scans_2_4_wawtace_09_05_24\93\93_2_scan.nii.gz,,D:\Downloads\ExternalData\ct_scans_2_4_wawtace_09_05_24\93\93_0_scan.nii.gz,HCC,0.44303322,0.16745123,0.3895155,HCC
94,D:\Downloads\ExternalData\ct_scans_2_4_wawtace_09_05_24\94\94_1_scan.nii.gz,D:\Downloads\ExternalData\ct_scans_2_4_wawtace_09_05_24\94\94_2_scan.nii.gz,D:\Downloads\ExternalData\ct_scans_2_4_wawtace_09_05_24\94\94_3_scan.nii.gz,D:\Downloads\ExternalData\ct_scans_2_4_wawtace_09_05_24\94\94_0_scan.nii.gz,HCC,0.27596277,0.22654665,0.49749058,CHCC
95,D:\Downloads\ExternalData\ct_scans_2_4_wawtace_09_05_24\95\95_1_scan.nii.gz,D:\Downloads\ExternalData\ct_scans_2_4_wawtace_09_05_24\95\95_2_scan.nii.gz,D:\Downloads\ExternalData\ct_scans_2_4_wawtace_09_05_24\95\95_3_scan.nii.gz,D:\Downloads\ExternalData\ct_scans_2_4_wawtace_09_05_24\95\95_0_scan.nii.gz,HCC,0.39212042,0.3091543,0.2987253,HCC
96,D:\Downloads\ExternalData\ct_scans_2_4_wawtace_09_05_24\96\96_1_scan.nii.gz,D:\Downloads\ExternalData\ct_scans_2_4_wawtace_09_05_24\96\96_2_scan.nii.gz,D:\Downloads\ExternalData\ct_scans_2_4_wawtace_09_05_24\96\96_3_scan.nii.gz,D:\Downloads\ExternalData\ct_scans_2_4_wawtace_09_05_24\96\96_0_scan.nii.gz,HCC,0.4776028,0.32657272,0.19582447,HCC
98,D:\Downloads\ExternalData\ct_scans_2_4_wawtace_09_05_24\98\98_1_scan.nii.gz,D:\Downloads\ExternalData\ct_scans_2_4_wawtace_09_05_24\98\98_2_scan.nii.gz,D:\Downloads\ExternalData\ct_scans_2_4_wawtace_09_05_24\98\98_3_scan.nii.gz,D:\Downloads\ExternalData\ct_scans_2_4_wawtace_09_05_24\98\98_0_scan.nii.gz,HCC,0.6696475,0.14695589,0.1833966,HCC
99,D:\Downloads\ExternalData\ct_scans_2_4_wawtace_09_05_24\99\99_1_scan.nii.gz,D:\Downloads\ExternalData\ct_scans_2_4_wawtace_09_05_24\99\99_2_scan.nii.gz,D:\Downloads\ExternalData\ct_scans_2_4_wawtace_09_05_24\99\99_3_scan.nii.gz,,HCC,0.5060376,0.26408452,0.22987787,HCC
303,D:\Downloads\ExternalData\ct_scans_3_4_wawtace_09_05_24\303\303_1_scan.nii.gz,D:\Downloads\ExternalData\ct_scans_3_4_wawtace_09_05_24\303\303_2_scan.nii.gz,,D:\Downloads\ExternalData\ct_scans_3_4_wawtace_09_05_24\303\303_0_scan.nii.gz,HCC,0.3381773,0.3277883,0.33403438,HCC
304,D:\Downloads\ExternalData\ct_scans_3_4_wawtace_09_05_24\304\304_1_scan.nii.gz,D:\Downloads\ExternalData\ct_scans_3_4_wawtace_09_05_24\304\304_2_scan.nii.gz,D:\Downloads\ExternalData\ct_scans_3_4_wawtace_09_05_24\304\304_3_scan.nii.gz,D:\Downloads\ExternalData\ct_scans_3_4_wawtace_09_05_24\304\304_0_scan.nii.gz,HCC,0.23268886,0.46921223,0.2980989,ICC
310,D:\Downloads\ExternalData\ct_scans_3_4_wawtace_09_05_24\310\310_1_scan.nii.gz,D:\Downloads\ExternalData\ct_scans_3_4_wawtace_09_05_24\310\310_2_scan.nii.gz,,D:\Downloads\ExternalData\ct_scans_3_4_wawtace_09_05_24\310\310_0_scan.nii.gz,HCC,0.20692912,0.34673414,0.4463367,CHCC
315,D:\Downloads\ExternalData\ct_scans_3_4_wawtace_09_05_24\315\315_1_scan.nii.gz,D:\Downloads\ExternalData\ct_scans_3_4_wawtace_09_05_24\315\315_2_scan.nii.gz,D:\Downloads\ExternalData\ct_scans_3_4_wawtace_09_05_24\315\315_3_scan.nii.gz,D:\Downloads\ExternalData\ct_scans_3_4_wawtace_09_05_24\315\315_0_scan.nii.gz,HCC,0.40022498,0.3178533,0.2819217,HCC
318,D:\Downloads\ExternalData\ct_scans_3_4_wawtace_09_05_24\318\318_1_scan.nii.gz,D:\Downloads\ExternalData\ct_scans_3_4_wawtace_09_05_24\318\318_2_scan.nii.gz,,,HCC,0.09526768,0.6458561,0.2588762,ICC
319,D:\Downloads\ExternalData\ct_scans_3_4_wawtace_09_05_24\319\319_1_scan.nii.gz,D:\Downloads\ExternalData\ct_scans_3_4_wawtace_09_05_24\319\319_2_scan.nii.gz,D:\Downloads\ExternalData\ct_scans_3_4_wawtace_09_05_24\319\319_3_scan.nii.gz,D:\Downloads\ExternalData\ct_scans_3_4_wawtace_09_05_24\319\319_0_scan.nii.gz,HCC,0.3779799,0.2517793,0.37024078,HCC
324,D:\Downloads\ExternalData\ct_scans_3_4_wawtace_09_05_24\324\324_1_scan.nii.gz,D:\Downloads\ExternalData\ct_scans_3_4_wawtace_09_05_24\324\324_2_scan.nii.gz,D:\Downloads\ExternalData\ct_scans_3_4_wawtace_09_05_24\324\324_3_scan.nii.gz,D:\Downloads\ExternalData\ct_scans_3_4_wawtace_09_05_24\324\324_0_scan.nii.gz,HCC,0.48457542,0.22372854,0.29169607,HCC
325,D:\Downloads\ExternalData\ct_scans_3_4_wawtace_09_05_24\325\325_1_scan.nii.gz,D:\Downloads\ExternalData\ct_scans_3_4_wawtace_09_05_24\325\325_2_scan.nii.gz,,D:\Downloads\ExternalData\ct_scans_3_4_wawtace_09_05_24\325\325_0_scan.nii.gz,HCC,0.19174173,0.5471913,0.26106688,ICC
326,D:\Downloads\ExternalData\ct_scans_3_4_wawtace_09_05_24\326\326_1_scan.nii.gz,D:\Downloads\ExternalData\ct_scans_3_4_wawtace_09_05_24\326\326_2_scan.nii.gz,D:\Downloads\ExternalData\ct_scans_3_4_wawtace_09_05_24\326\326_3_scan.nii.gz,D:\Downloads\ExternalData\ct_scans_3_4_wawtace_09_05_24\326\326_0_scan.nii.gz,HCC,0.57469535,0.2537725,0.17153212,HCC
327,D:\Downloads\ExternalData\ct_scans_3_4_wawtace_09_05_24\327\327_1_scan.nii.gz,D:\Downloads\ExternalData\ct_scans_3_4_wawtace_09_05_24\327\327_2_scan.nii.gz,D:\Downloads\ExternalData\ct_scans_3_4_wawtace_09_05_24\327\327_3_scan.nii.gz,D:\Downloads\ExternalData\ct_scans_3_4_wawtace_09_05_24\327\327_0_scan.nii.gz,HCC,0.32827193,0.22306815,0.44865996,CHCC
328,D:\Downloads\ExternalData\ct_scans_3_4_wawtace_09_05_24\328\328_1_scan.nii.gz,D:\Downloads\ExternalData\ct_scans_3_4_wawtace_09_05_24\328\328_2_scan.nii.gz,D:\Downloads\ExternalData\ct_scans_3_4_wawtace_09_05_24\328\328_3_scan.nii.gz,D:\Downloads\ExternalData\ct_scans_3_4_wawtace_09_05_24\328\328_0_scan.nii.gz,HCC,0.19609329,0.24678044,0.5571263,CHCC
330,D:\Downloads\ExternalData\ct_scans_3_4_wawtace_09_05_24\330\330_1_scan.nii.gz,D:\Downloads\ExternalData\ct_scans_3_4_wawtace_09_05_24\330\330_2_scan.nii.gz,D:\Downloads\ExternalData\ct_scans_3_4_wawtace_09_05_24\330\330_3_scan.nii.gz,D:\Downloads\ExternalData\ct_scans_3_4_wawtace_09_05_24\330\330_0_scan.nii.gz,HCC,0.08812244,0.6248754,0.28700215,ICC
332,D:\Downloads\ExternalData\ct_scans_3_4_wawtace_09_05_24\332\332_1_scan.nii.gz,D:\Downloads\ExternalData\ct_scans_3_4_wawtace_09_05_24\332\332_2_scan.nii.gz,D:\Downloads\ExternalData\ct_scans_3_4_wawtace_09_05_24\332\332_3_scan.nii.gz,D:\Downloads\ExternalData\ct_scans_3_4_wawtace_09_05_24\332\332_0_scan.nii.gz,HCC,0.69255173,0.11178683,0.19566138,HCC
333,D:\Downloads\ExternalData\ct_scans_3_4_wawtace_09_05_24\333\333_1_scan.nii.gz,D:\Downloads\ExternalData\ct_scans_3_4_wawtace_09_05_24\333\333_2_scan.nii.gz,D:\Downloads\ExternalData\ct_scans_3_4_wawtace_09_05_24\333\333_3_scan.nii.gz,D:\Downloads\ExternalData\ct_scans_3_4_wawtace_09_05_24\333\333_0_scan.nii.gz,HCC,0.41602588,0.43439412,0.14957997,ICC
334,D:\Downloads\ExternalData\ct_scans_3_4_wawtace_09_05_24\334\334_1_scan.nii.gz,D:\Downloads\ExternalData\ct_scans_3_4_wawtace_09_05_24\334\334_2_scan.nii.gz,D:\Downloads\ExternalData\ct_scans_3_4_wawtace_09_05_24\334\334_3_scan.nii.gz,D:\Downloads\ExternalData\ct_scans_3_4_wawtace_09_05_24\334\334_0_scan.nii.gz,HCC,0.19285162,0.67222756,0.1349208,ICC
335,D:\Downloads\ExternalData\ct_scans_3_4_wawtace_09_05_24\335\335_1_scan.nii.gz,D:\Downloads\ExternalData\ct_scans_3_4_wawtace_09_05_24\335\335_2_scan.nii.gz,D:\Downloads\ExternalData\ct_scans_3_4_wawtace_09_05_24\335\335_3_scan.nii.gz,D:\Downloads\ExternalData\ct_scans_3_4_wawtace_09_05_24\335\335_0_scan.nii.gz,HCC,0.5431062,0.2631887,0.19370504,HCC
336,D:\Downloads\ExternalData\ct_scans_3_4_wawtace_09_05_24\336\336_1_scan.nii.gz,D:\Downloads\ExternalData\ct_scans_3_4_wawtace_09_05_24\336\336_2_scan.nii.gz,D:\Downloads\ExternalData\ct_scans_3_4_wawtace_09_05_24\336\336_3_scan.nii.gz,D:\Downloads\ExternalData\ct_scans_3_4_wawtace_09_05_24\336\336_0_scan.nii.gz,HCC,0.43384337,0.27376562,0.29239103,HCC
337,D:\Downloads\ExternalData\ct_scans_3_4_wawtace_09_05_24\337\337_1_scan.nii.gz,D:\Downloads\ExternalData\ct_scans_3_4_wawtace_09_05_24\337\337_2_scan.nii.gz,D:\Downloads\ExternalData\ct_scans_3_4_wawtace_09_05_24\337\337_3_scan.nii.gz,D:\Downloads\ExternalData\ct_scans_3_4_wawtace_09_05_24\337\337_0_scan.nii.gz,HCC,0.29713362,0.51996005,0.18290636,ICC
338,D:\Downloads\ExternalData\ct_scans_3_4_wawtace_09_05_24\338\338_1_scan.nii.gz,D:\Downloads\ExternalData\ct_scans_3_4_wawtace_09_05_24\338\338_2_scan.nii.gz,D:\Downloads\ExternalData\ct_scans_3_4_wawtace_09_05_24\338\338_3_scan.nii.gz,D:\Downloads\ExternalData\ct_scans_3_4_wawtace_09_05_24\338\338_0_scan.nii.gz,HCC,0.76403874,0.12386682,0.112094425,HCC
339,D:\Downloads\ExternalData\ct_scans_3_4_wawtace_09_05_24\339\339_1_scan.nii.gz,D:\Downloads\ExternalData\ct_scans_3_4_wawtace_09_05_24\339\339_2_scan.nii.gz,,D:\Downloads\ExternalData\ct_scans_3_4_wawtace_09_05_24\339\339_0_scan.nii.gz,HCC,0.22904906,0.22512493,0.545826,CHCC
342,D:\Downloads\ExternalData\ct_scans_3_4_wawtace_09_05_24\342\342_1_scan.nii.gz,D:\Downloads\ExternalData\ct_scans_3_4_wawtace_09_05_24\342\342_2_scan.nii.gz,D:\Downloads\ExternalData\ct_scans_3_4_wawtace_09_05_24\342\342_3_scan.nii.gz,D:\Downloads\ExternalData\ct_scans_3_4_wawtace_09_05_24\342\342_0_scan.nii.gz,HCC,0.66212213,0.089332245,0.24854557,HCC
343,D:\Downloads\ExternalData\ct_scans_3_4_wawtace_09_05_24\343\343_1_scan.nii.gz,D:\Downloads\ExternalData\ct_scans_3_4_wawtace_09_05_24\343\343_2_scan.nii.gz,D:\Downloads\ExternalData\ct_scans_3_4_wawtace_09_05_24\343\343_3_scan.nii.gz,D:\Downloads\ExternalData\ct_scans_3_4_wawtace_09_05_24\343\343_0_scan.nii.gz,HCC,0.7317427,0.098004736,0.17025259,HCC
344,D:\Downloads\ExternalData\ct_scans_3_4_wawtace_09_05_24\344\344_1_scan.nii.gz,D:\Downloads\ExternalData\ct_scans_3_4_wawtace_09_05_24\344\344_2_scan.nii.gz,D:\Downloads\ExternalData\ct_scans_3_4_wawtace_09_05_24\344\344_3_scan.nii.gz,D:\Downloads\ExternalData\ct_scans_3_4_wawtace_09_05_24\344\344_0_scan.nii.gz,HCC,0.57874876,0.23825364,0.18299761,HCC
345,D:\Downloads\ExternalData\ct_scans_3_4_wawtace_09_05_24\345\345_1_scan.nii.gz,D:\Downloads\ExternalData\ct_scans_3_4_wawtace_09_05_24\345\345_2_scan.nii.gz,D:\Downloads\ExternalData\ct_scans_3_4_wawtace_09_05_24\345\345_3_scan.nii.gz,D:\Downloads\ExternalData\ct_scans_3_4_wawtace_09_05_24\345\345_0_scan.nii.gz,HCC,0.5728283,0.20626584,0.22090587,HCC
347,D:\Downloads\ExternalData\ct_scans_3_4_wawtace_09_05_24\347\347_1_scan.nii.gz,D:\Downloads\ExternalData\ct_scans_3_4_wawtace_09_05_24\347\347_2_scan.nii.gz,D:\Downloads\ExternalData\ct_scans_3_4_wawtace_09_05_24\347\347_3_scan.nii.gz,D:\Downloads\ExternalData\ct_scans_3_4_wawtace_09_05_24\347\347_0_scan.nii.gz,HCC,0.113167,0.63750666,0.24932632,ICC
349,D:\Downloads\ExternalData\ct_scans_3_4_wawtace_09_05_24\349\349_1_scan.nii.gz,D:\Downloads\ExternalData\ct_scans_3_4_wawtace_09_05_24\349\349_2_scan.nii.gz,D:\Downloads\ExternalData\ct_scans_3_4_wawtace_09_05_24\349\349_3_scan.nii.gz,D:\Downloads\ExternalData\ct_scans_3_4_wawtace_09_05_24\349\349_0_scan.nii.gz,HCC,0.22520629,0.31604174,0.458752,CHCC
350,D:\Downloads\ExternalData\ct_scans_3_4_wawtace_09_05_24\350\350_1_scan.nii.gz,D:\Downloads\ExternalData\ct_scans_3_4_wawtace_09_05_24\350\350_2_scan.nii.gz,D:\Downloads\ExternalData\ct_scans_3_4_wawtace_09_05_24\350\350_3_scan.nii.gz,D:\Downloads\ExternalData\ct_scans_3_4_wawtace_09_05_24\350\350_0_scan.nii.gz,HCC,0.75776136,0.13455434,0.10768434,HCC
351,D:\Downloads\ExternalData\ct_scans_3_4_wawtace_09_05_24\351\351_1_scan.nii.gz,D:\Downloads\ExternalData\ct_scans_3_4_wawtace_09_05_24\351\351_2_scan.nii.gz,D:\Downloads\ExternalData\ct_scans_3_4_wawtace_09_05_24\351\351_3_scan.nii.gz,D:\Downloads\ExternalData\ct_scans_3_4_wawtace_09_05_24\351\351_0_scan.nii.gz,HCC,0.34051716,0.30962735,0.3498555,CHCC
353,D:\Downloads\ExternalData\ct_scans_3_4_wawtace_09_05_24\353\353_1_scan.nii.gz,D:\Downloads\ExternalData\ct_scans_3_4_wawtace_09_05_24\353\353_2_scan.nii.gz,D:\Downloads\ExternalData\ct_scans_3_4_wawtace_09_05_24\353\353_3_scan.nii.gz,D:\Downloads\ExternalData\ct_scans_3_4_wawtace_09_05_24\353\353_0_scan.nii.gz,HCC,0.36353946,0.2478259,0.38863462,CHCC
354,D:\Downloads\ExternalData\ct_scans_3_4_wawtace_09_05_24\354\354_1_scan.nii.gz,D:\Downloads\ExternalData\ct_scans_3_4_wawtace_09_05_24\354\354_2_scan.nii.gz,,D:\Downloads\ExternalData\ct_scans_3_4_wawtace_09_05_24\354\354_0_scan.nii.gz,HCC,0.33929494,0.279893,0.38081208,CHCC
356,D:\Downloads\ExternalData\ct_scans_3_4_wawtace_09_05_24\356\356_1_scan.nii.gz,D:\Downloads\ExternalData\ct_scans_3_4_wawtace_09_05_24\356\356_2_scan.nii.gz,D:\Downloads\ExternalData\ct_scans_3_4_wawtace_09_05_24\356\356_3_scan.nii.gz,D:\Downloads\ExternalData\ct_scans_3_4_wawtace_09_05_24\356\356_0_scan.nii.gz,HCC,0.25348312,0.38668376,0.35983306,ICC
358,D:\Downloads\ExternalData\ct_scans_3_4_wawtace_09_05_24\358\358_1_scan.nii.gz,D:\Downloads\ExternalData\ct_scans_3_4_wawtace_09_05_24\358\358_2_scan.nii.gz,D:\Downloads\ExternalData\ct_scans_3_4_wawtace_09_05_24\358\358_3_scan.nii.gz,D:\Downloads\ExternalData\ct_scans_3_4_wawtace_09_05_24\358\358_0_scan.nii.gz,HCC,0.71586406,0.13152127,0.15261467,HCC
360,D:\Downloads\ExternalData\ct_scans_3_4_wawtace_09_05_24\360\360_1_scan.nii.gz,D:\Downloads\ExternalData\ct_scans_3_4_wawtace_09_05_24\360\360_2_scan.nii.gz,,D:\Downloads\ExternalData\ct_scans_3_4_wawtace_09_05_24\360\360_0_scan.nii.gz,HCC,0.18181789,0.5771665,0.24101563,ICC
363,D:\Downloads\ExternalData\ct_scans_3_4_wawtace_09_05_24\363\363_1_scan.nii.gz,D:\Downloads\ExternalData\ct_scans_3_4_wawtace_09_05_24\363\363_2_scan.nii.gz,,D:\Downloads\ExternalData\ct_scans_3_4_wawtace_09_05_24\363\363_0_scan.nii.gz,HCC,0.55679333,0.32928947,0.11391721,HCC
366,D:\Downloads\ExternalData\ct_scans_3_4_wawtace_09_05_24\366\366_1_scan.nii.gz,D:\Downloads\ExternalData\ct_scans_3_4_wawtace_09_05_24\366\366_2_scan.nii.gz,D:\Downloads\ExternalData\ct_scans_3_4_wawtace_09_05_24\366\366_3_scan.nii.gz,D:\Downloads\ExternalData\ct_scans_3_4_wawtace_09_05_24\366\366_0_scan.nii.gz,HCC,0.4971215,0.3568012,0.1460772,HCC
367,D:\Downloads\ExternalData\ct_scans_3_4_wawtace_09_05_24\367\367_1_scan.nii.gz,D:\Downloads\ExternalData\ct_scans_3_4_wawtace_09_05_24\367\367_2_scan.nii.gz,D:\Downloads\ExternalData\ct_scans_3_4_wawtace_09_05_24\367\367_3_scan.nii.gz,D:\Downloads\ExternalData\ct_scans_3_4_wawtace_09_05_24\367\367_0_scan.nii.gz,HCC,0.6646778,0.19344525,0.14187697,HCC
368,,D:\Downloads\ExternalData\ct_scans_3_4_wawtace_09_05_24\368\368_2_scan.nii.gz,D:\Downloads\ExternalData\ct_scans_3_4_wawtace_09_05_24\368\368_3_scan.nii.gz,,HCC,0.38131198,0.20884669,0.4098413,CHCC
369,D:\Downloads\ExternalData\ct_scans_3_4_wawtace_09_05_24\369\369_1_scan.nii.gz,D:\Downloads\ExternalData\ct_scans_3_4_wawtace_09_05_24\369\369_2_scan.nii.gz,D:\Downloads\ExternalData\ct_scans_3_4_wawtace_09_05_24\369\369_3_scan.nii.gz,D:\Downloads\ExternalData\ct_scans_3_4_wawtace_09_05_24\369\369_0_scan.nii.gz,HCC,0.47185358,0.2781809,0.24996555,HCC
370,D:\Downloads\ExternalData\ct_scans_3_4_wawtace_09_05_24\370\370_1_scan.nii.gz,D:\Downloads\ExternalData\ct_scans_3_4_wawtace_09_05_24\370\370_2_scan.nii.gz,D:\Downloads\ExternalData\ct_scans_3_4_wawtace_09_05_24\370\370_3_scan.nii.gz,D:\Downloads\ExternalData\ct_scans_3_4_wawtace_09_05_24\370\370_0_scan.nii.gz,HCC,0.61981374,0.2113729,0.16881336,HCC
371,D:\Downloads\ExternalData\ct_scans_3_4_wawtace_09_05_24\371\371_1_scan.nii.gz,D:\Downloads\ExternalData\ct_scans_3_4_wawtace_09_05_24\371\371_2_scan.nii.gz,,D:\Downloads\ExternalData\ct_scans_3_4_wawtace_09_05_24\371\371_0_scan.nii.gz,HCC,0.41055608,0.24267049,0.34677348,HCC
372,D:\Downloads\ExternalData\ct_scans_3_4_wawtace_09_05_24\372\372_1_scan.nii.gz,D:\Downloads\ExternalData\ct_scans_3_4_wawtace_09_05_24\372\372_2_scan.nii.gz,D:\Downloads\ExternalData\ct_scans_3_4_wawtace_09_05_24\372\372_3_scan.nii.gz,D:\Downloads\ExternalData\ct_scans_3_4_wawtace_09_05_24\372\372_0_scan.nii.gz,HCC,0.58438593,0.2929978,0.12261627,HCC
373,D:\Downloads\ExternalData\ct_scans_3_4_wawtace_09_05_24\373\373_1_scan.nii.gz,D:\Downloads\ExternalData\ct_scans_3_4_wawtace_09_05_24\373\373_2_scan.nii.gz,D:\Downloads\ExternalData\ct_scans_3_4_wawtace_09_05_24\373\373_3_scan.nii.gz,D:\Downloads\ExternalData\ct_scans_3_4_wawtace_09_05_24\373\373_0_scan.nii.gz,HCC,0.48988253,0.18544164,0.32467586,HCC
374,D:\Downloads\ExternalData\ct_scans_3_4_wawtace_09_05_24\374\374_1_scan.nii.gz,,,D:\Downloads\ExternalData\ct_scans_3_4_wawtace_09_05_24\374\374_0_scan.nii.gz,HCC,0.08277762,0.6610738,0.25614864,ICC
375,D:\Downloads\ExternalData\ct_scans_3_4_wawtace_09_05_24\375\375_1_scan.nii.gz,D:\Downloads\ExternalData\ct_scans_3_4_wawtace_09_05_24\375\375_2_scan.nii.gz,D:\Downloads\ExternalData\ct_scans_3_4_wawtace_09_05_24\375\375_3_scan.nii.gz,D:\Downloads\ExternalData\ct_scans_3_4_wawtace_09_05_24\375\375_0_scan.nii.gz,HCC,0.34500894,0.31967503,0.33531603,HCC
378,,,D:\Downloads\ExternalData\ct_scans_3_4_wawtace_09_05_24\378\378_3_scan.nii.gz,,HCC,0.23261034,0.5787834,0.18860623,ICC
379,D:\Downloads\ExternalData\ct_scans_3_4_wawtace_09_05_24\379\379_1_scan.nii.gz,D:\Downloads\ExternalData\ct_scans_3_4_wawtace_09_05_24\379\379_2_scan.nii.gz,D:\Downloads\ExternalData\ct_scans_3_4_wawtace_09_05_24\379\379_3_scan.nii.gz,D:\Downloads\ExternalData\ct_scans_3_4_wawtace_09_05_24\379\379_0_scan.nii.gz,HCC,0.52961046,0.16976607,0.30062348,HCC
380,D:\Downloads\ExternalData\ct_scans_3_4_wawtace_09_05_24\380\380_1_scan.nii.gz,D:\Downloads\ExternalData\ct_scans_3_4_wawtace_09_05_24\380\380_2_scan.nii.gz,D:\Downloads\ExternalData\ct_scans_3_4_wawtace_09_05_24\380\380_3_scan.nii.gz,D:\Downloads\ExternalData\ct_scans_3_4_wawtace_09_05_24\380\380_0_scan.nii.gz,HCC,0.4148596,0.30257964,0.28256083,HCC
381,D:\Downloads\ExternalData\ct_scans_3_4_wawtace_09_05_24\381\381_1_scan.nii.gz,D:\Downloads\ExternalData\ct_scans_3_4_wawtace_09_05_24\381\381_2_scan.nii.gz,D:\Downloads\ExternalData\ct_scans_3_4_wawtace_09_05_24\381\381_3_scan.nii.gz,D:\Downloads\ExternalData\ct_scans_3_4_wawtace_09_05_24\381\381_0_scan.nii.gz,HCC,0.4160989,0.38783738,0.1960637,HCC
382,D:\Downloads\ExternalData\ct_scans_3_4_wawtace_09_05_24\382\382_1_scan.nii.gz,D:\Downloads\ExternalData\ct_scans_3_4_wawtace_09_05_24\382\382_2_scan.nii.gz,D:\Downloads\ExternalData\ct_scans_3_4_wawtace_09_05_24\382\382_3_scan.nii.gz,D:\Downloads\ExternalData\ct_scans_3_4_wawtace_09_05_24\382\382_0_scan.nii.gz,HCC,0.31866556,0.4908262,0.1905082,ICC
383,D:\Downloads\ExternalData\ct_scans_3_4_wawtace_09_05_24\383\383_1_scan.nii.gz,D:\Downloads\ExternalData\ct_scans_3_4_wawtace_09_05_24\383\383_2_scan.nii.gz,D:\Downloads\ExternalData\ct_scans_3_4_wawtace_09_05_24\383\383_3_scan.nii.gz,D:\Downloads\ExternalData\ct_scans_3_4_wawtace_09_05_24\383\383_0_scan.nii.gz,HCC,0.5018218,0.26058537,0.23759286,HCC
385,D:\Downloads\ExternalData\ct_scans_3_4_wawtace_09_05_24\385\385_1_scan.nii.gz,D:\Downloads\ExternalData\ct_scans_3_4_wawtace_09_05_24\385\385_2_scan.nii.gz,D:\Downloads\ExternalData\ct_scans_3_4_wawtace_09_05_24\385\385_3_scan.nii.gz,D:\Downloads\ExternalData\ct_scans_3_4_wawtace_09_05_24\385\385_0_scan.nii.gz,HCC,0.5519296,0.15929347,0.28877693,HCC
388,D:\Downloads\ExternalData\ct_scans_3_4_wawtace_09_05_24\388\388_1_scan.nii.gz,D:\Downloads\ExternalData\ct_scans_3_4_wawtace_09_05_24\388\388_2_scan.nii.gz,D:\Downloads\ExternalData\ct_scans_3_4_wawtace_09_05_24\388\388_3_scan.nii.gz,D:\Downloads\ExternalData\ct_scans_3_4_wawtace_09_05_24\388\388_0_scan.nii.gz,HCC,0.5217225,0.30364603,0.17463145,HCC
390,D:\Downloads\ExternalData\ct_scans_3_4_wawtace_09_05_24\390\390_1_scan.nii.gz,D:\Downloads\ExternalData\ct_scans_3_4_wawtace_09_05_24\390\390_2_scan.nii.gz,D:\Downloads\ExternalData\ct_scans_3_4_wawtace_09_05_24\390\390_3_scan.nii.gz,D:\Downloads\ExternalData\ct_scans_3_4_wawtace_09_05_24\390\390_0_scan.nii.gz,HCC,0.6480018,0.1824337,0.16956452,HCC
393,D:\Downloads\ExternalData\ct_scans_3_4_wawtace_09_05_24\393\393_1_scan.nii.gz,D:\Downloads\ExternalData\ct_scans_3_4_wawtace_09_05_24\393\393_2_scan.nii.gz,D:\Downloads\ExternalData\ct_scans_3_4_wawtace_09_05_24\393\393_3_scan.nii.gz,,HCC,0.484796,0.2473083,0.26789567,HCC
394,D:\Downloads\ExternalData\ct_scans_3_4_wawtace_09_05_24\394\394_1_scan.nii.gz,D:\Downloads\ExternalData\ct_scans_3_4_wawtace_09_05_24\394\394_2_scan.nii.gz,,D:\Downloads\ExternalData\ct_scans_3_4_wawtace_09_05_24\394\394_0_scan.nii.gz,HCC,0.5007931,0.14309369,0.3561132,HCC
396,D:\Downloads\ExternalData\ct_scans_3_4_wawtace_09_05_24\396\396_1_scan.nii.gz,D:\Downloads\ExternalData\ct_scans_3_4_wawtace_09_05_24\396\396_2_scan.nii.gz,D:\Downloads\ExternalData\ct_scans_3_4_wawtace_09_05_24\396\396_3_scan.nii.gz,,HCC,0.24316129,0.550066,0.20677276,ICC
399,D:\Downloads\ExternalData\ct_scans_3_4_wawtace_09_05_24\399\399_1_scan.nii.gz,D:\Downloads\ExternalData\ct_scans_3_4_wawtace_09_05_24\399\399_2_scan.nii.gz,D:\Downloads\ExternalData\ct_scans_3_4_wawtace_09_05_24\399\399_3_scan.nii.gz,D:\Downloads\ExternalData\ct_scans_3_4_wawtace_09_05_24\399\399_0_scan.nii.gz,HCC,0.5335514,0.21362999,0.25281858,HCC
404,D:\Downloads\ExternalData\ct_scans_4_4_wawtace_09_05_24\404\404_1_scan.nii.gz,D:\Downloads\ExternalData\ct_scans_4_4_wawtace_09_05_24\404\404_2_scan.nii.gz,D:\Downloads\ExternalData\ct_scans_4_4_wawtace_09_05_24\404\404_3_scan.nii.gz,D:\Downloads\ExternalData\ct_scans_4_4_wawtace_09_05_24\404\404_0_scan.nii.gz,HCC,0.5379996,0.3542724,0.10772805,HCC
405,D:\Downloads\ExternalData\ct_scans_4_4_wawtace_09_05_24\405\405_1_scan.nii.gz,D:\Downloads\ExternalData\ct_scans_4_4_wawtace_09_05_24\405\405_2_scan.nii.gz,D:\Downloads\ExternalData\ct_scans_4_4_wawtace_09_05_24\405\405_3_scan.nii.gz,D:\Downloads\ExternalData\ct_scans_4_4_wawtace_09_05_24\405\405_0_scan.nii.gz,HCC,0.6661149,0.13324557,0.20063952,HCC
434,D:\Downloads\ExternalData\ct_scans_4_4_wawtace_09_05_24\434\434_1_scan.nii.gz,D:\Downloads\ExternalData\ct_scans_4_4_wawtace_09_05_24\434\434_2_scan.nii.gz,D:\Downloads\ExternalData\ct_scans_4_4_wawtace_09_05_24\434\434_3_scan.nii.gz,D:\Downloads\ExternalData\ct_scans_4_4_wawtace_09_05_24\434\434_0_scan.nii.gz,HCC,0.662262,0.13921018,0.19852786,HCC
436,D:\Downloads\ExternalData\ct_scans_4_4_wawtace_09_05_24\436\436_1_scan.nii.gz,D:\Downloads\ExternalData\ct_scans_4_4_wawtace_09_05_24\436\436_2_scan.nii.gz,D:\Downloads\ExternalData\ct_scans_4_4_wawtace_09_05_24\436\436_3_scan.nii.gz,D:\Downloads\ExternalData\ct_scans_4_4_wawtace_09_05_24\436\436_0_scan.nii.gz,HCC,0.34104842,0.42256683,0.23638472,ICC
437,D:\Downloads\ExternalData\ct_scans_4_4_wawtace_09_05_24\437\437_1_scan.nii.gz,D:\Downloads\ExternalData\ct_scans_4_4_wawtace_09_05_24\437\437_2_scan.nii.gz,D:\Downloads\ExternalData\ct_scans_4_4_wawtace_09_05_24\437\437_3_scan.nii.gz,D:\Downloads\ExternalData\ct_scans_4_4_wawtace_09_05_24\437\437_0_scan.nii.gz,HCC,0.15962747,0.17753637,0.6628362,CHCC
438,D:\Downloads\ExternalData\ct_scans_4_4_wawtace_09_05_24\438\438_1_scan.nii.gz,D:\Downloads\ExternalData\ct_scans_4_4_wawtace_09_05_24\438\438_2_scan.nii.gz,D:\Downloads\ExternalData\ct_scans_4_4_wawtace_09_05_24\438\438_3_scan.nii.gz,D:\Downloads\ExternalData\ct_scans_4_4_wawtace_09_05_24\438\438_0_scan.nii.gz,HCC,0.7351335,0.08426837,0.18059805,HCC
439,D:\Downloads\ExternalData\ct_scans_4_4_wawtace_09_05_24\439\439_1_scan.nii.gz,D:\Downloads\ExternalData\ct_scans_4_4_wawtace_09_05_24\439\439_2_scan.nii.gz,D:\Downloads\ExternalData\ct_scans_4_4_wawtace_09_05_24\439\439_3_scan.nii.gz,,HCC,0.42321944,0.29453063,0.28224987,HCC
440,D:\Downloads\ExternalData\ct_scans_4_4_wawtace_09_05_24\440\440_1_scan.nii.gz,D:\Downloads\ExternalData\ct_scans_4_4_wawtace_09_05_24\440\440_2_scan.nii.gz,D:\Downloads\ExternalData\ct_scans_4_4_wawtace_09_05_24\440\440_3_scan.nii.gz,D:\Downloads\ExternalData\ct_scans_4_4_wawtace_09_05_24\440\440_0_scan.nii.gz,HCC,0.6312231,0.16160926,0.20716771,HCC
442,D:\Downloads\ExternalData\ct_scans_4_4_wawtace_09_05_24\442\442_1_scan.nii.gz,D:\Downloads\ExternalData\ct_scans_4_4_wawtace_09_05_24\442\442_2_scan.nii.gz,,D:\Downloads\ExternalData\ct_scans_4_4_wawtace_09_05_24\442\442_0_scan.nii.gz,HCC,0.25781405,0.45293397,0.28925198,ICC
443,D:\Downloads\ExternalData\ct_scans_4_4_wawtace_09_05_24\443\443_1_scan.nii.gz,D:\Downloads\ExternalData\ct_scans_4_4_wawtace_09_05_24\443\443_2_scan.nii.gz,D:\Downloads\ExternalData\ct_scans_4_4_wawtace_09_05_24\443\443_3_scan.nii.gz,D:\Downloads\ExternalData\ct_scans_4_4_wawtace_09_05_24\443\443_0_scan.nii.gz,HCC,0.647322,0.27057302,0.08210499,HCC
446,D:\Downloads\ExternalData\ct_scans_4_4_wawtace_09_05_24\446\446_1_scan.nii.gz,D:\Downloads\ExternalData\ct_scans_4_4_wawtace_09_05_24\446\446_2_scan.nii.gz,D:\Downloads\ExternalData\ct_scans_4_4_wawtace_09_05_24\446\446_3_scan.nii.gz,D:\Downloads\ExternalData\ct_scans_4_4_wawtace_09_05_24\446\446_0_scan.nii.gz,HCC,0.5406356,0.37986732,0.079497114,HCC
447,D:\Downloads\ExternalData\ct_scans_4_4_wawtace_09_05_24\447\447_1_scan.nii.gz,D:\Downloads\ExternalData\ct_scans_4_4_wawtace_09_05_24\447\447_2_scan.nii.gz,D:\Downloads\ExternalData\ct_scans_4_4_wawtace_09_05_24\447\447_3_scan.nii.gz,D:\Downloads\ExternalData\ct_scans_4_4_wawtace_09_05_24\447\447_0_scan.nii.gz,HCC,0.6009213,0.16116396,0.23791485,HCC
450,D:\Downloads\ExternalData\ct_scans_4_4_wawtace_09_05_24\450\450_1_scan.nii.gz,D:\Downloads\ExternalData\ct_scans_4_4_wawtace_09_05_24\450\450_2_scan.nii.gz,D:\Downloads\ExternalData\ct_scans_4_4_wawtace_09_05_24\450\450_3_scan.nii.gz,D:\Downloads\ExternalData\ct_scans_4_4_wawtace_09_05_24\450\450_0_scan.nii.gz,HCC,0.38140416,0.45224723,0.1663486,ICC
451,D:\Downloads\ExternalData\ct_scans_4_4_wawtace_09_05_24\451\451_1_scan.nii.gz,D:\Downloads\ExternalData\ct_scans_4_4_wawtace_09_05_24\451\451_2_scan.nii.gz,D:\Downloads\ExternalData\ct_scans_4_4_wawtace_09_05_24\451\451_3_scan.nii.gz,D:\Downloads\ExternalData\ct_scans_4_4_wawtace_09_05_24\451\451_0_scan.nii.gz,HCC,0.5966205,0.17726718,0.22611229,HCC
452,D:\Downloads\ExternalData\ct_scans_4_4_wawtace_09_05_24\452\452_1_scan.nii.gz,D:\Downloads\ExternalData\ct_scans_4_4_wawtace_09_05_24\452\452_2_scan.nii.gz,D:\Downloads\ExternalData\ct_scans_4_4_wawtace_09_05_24\452\452_3_scan.nii.gz,D:\Downloads\ExternalData\ct_scans_4_4_wawtace_09_05_24\452\452_0_scan.nii.gz,HCC,0.37291762,0.29477978,0.3323026,HCC
453,D:\Downloads\ExternalData\ct_scans_4_4_wawtace_09_05_24\453\453_1_scan.nii.gz,D:\Downloads\ExternalData\ct_scans_4_4_wawtace_09_05_24\453\453_2_scan.nii.gz,D:\Downloads\ExternalData\ct_scans_4_4_wawtace_09_05_24\453\453_3_scan.nii.gz,D:\Downloads\ExternalData\ct_scans_4_4_wawtace_09_05_24\453\453_0_scan.nii.gz,HCC,0.52595395,0.27714962,0.1968964,HCC
455,D:\Downloads\ExternalData\ct_scans_4_4_wawtace_09_05_24\455\455_1_scan.nii.gz,D:\Downloads\ExternalData\ct_scans_4_4_wawtace_09_05_24\455\455_2_scan.nii.gz,D:\Downloads\ExternalData\ct_scans_4_4_wawtace_09_05_24\455\455_3_scan.nii.gz,D:\Downloads\ExternalData\ct_scans_4_4_wawtace_09_05_24\455\455_0_scan.nii.gz,HCC,0.620911,0.22966981,0.14941913,HCC
456,D:\Downloads\ExternalData\ct_scans_4_4_wawtace_09_05_24\456\456_1_scan.nii.gz,D:\Downloads\ExternalData\ct_scans_4_4_wawtace_09_05_24\456\456_2_scan.nii.gz,D:\Downloads\ExternalData\ct_scans_4_4_wawtace_09_05_24\456\456_3_scan.nii.gz,D:\Downloads\ExternalData\ct_scans_4_4_wawtace_09_05_24\456\456_0_scan.nii.gz,HCC,0.24770483,0.6166082,0.13568696,ICC
457,D:\Downloads\ExternalData\ct_scans_4_4_wawtace_09_05_24\457\457_1_scan.nii.gz,D:\Downloads\ExternalData\ct_scans_4_4_wawtace_09_05_24\457\457_2_scan.nii.gz,,D:\Downloads\ExternalData\ct_scans_4_4_wawtace_09_05_24\457\457_0_scan.nii.gz,HCC,0.3835472,0.35432547,0.26212734,HCC
458,,D:\Downloads\ExternalData\ct_scans_4_4_wawtace_09_05_24\458\458_2_scan.nii.gz,,D:\Downloads\ExternalData\ct_scans_4_4_wawtace_09_05_24\458\458_0_scan.nii.gz,HCC,0.13710716,0.21600918,0.64688367,CHCC
460,D:\Downloads\ExternalData\ct_scans_4_4_wawtace_09_05_24\460\460_1_scan.nii.gz,D:\Downloads\ExternalData\ct_scans_4_4_wawtace_09_05_24\460\460_2_scan.nii.gz,D:\Downloads\ExternalData\ct_scans_4_4_wawtace_09_05_24\460\460_3_scan.nii.gz,D:\Downloads\ExternalData\ct_scans_4_4_wawtace_09_05_24\460\460_0_scan.nii.gz,HCC,0.72785246,0.10712814,0.16501941,HCC
462,D:\Downloads\ExternalData\ct_scans_4_4_wawtace_09_05_24\462\462_1_scan.nii.gz,D:\Downloads\ExternalData\ct_scans_4_4_wawtace_09_05_24\462\462_2_scan.nii.gz,D:\Downloads\ExternalData\ct_scans_4_4_wawtace_09_05_24\462\462_3_scan.nii.gz,D:\Downloads\ExternalData\ct_scans_4_4_wawtace_09_05_24\462\462_0_scan.nii.gz,HCC,0.5897223,0.21818745,0.19209021,HCC
463,D:\Downloads\ExternalData\ct_scans_4_4_wawtace_09_05_24\463\463_1_scan.nii.gz,D:\Downloads\ExternalData\ct_scans_4_4_wawtace_09_05_24\463\463_2_scan.nii.gz,D:\Downloads\ExternalData\ct_scans_4_4_wawtace_09_05_24\463\463_3_scan.nii.gz,D:\Downloads\ExternalData\ct_scans_4_4_wawtace_09_05_24\463\463_0_scan.nii.gz,HCC,0.3993539,0.47034043,0.13030568,ICC
465,D:\Downloads\ExternalData\ct_scans_4_4_wawtace_09_05_24\465\465_1_scan.nii.gz,D:\Downloads\ExternalData\ct_scans_4_4_wawtace_09_05_24\465\465_2_scan.nii.gz,D:\Downloads\ExternalData\ct_scans_4_4_wawtace_09_05_24\465\465_3_scan.nii.gz,D:\Downloads\ExternalData\ct_scans_4_4_wawtace_09_05_24\465\465_0_scan.nii.gz,HCC,0.66212213,0.089332245,0.24854557,HCC
466,D:\Downloads\ExternalData\ct_scans_4_4_wawtace_09_05_24\466\466_1_scan.nii.gz,D:\Downloads\ExternalData\ct_scans_4_4_wawtace_09_05_24\466\466_2_scan.nii.gz,,,HCC,0.30002314,0.4040788,0.2958981,ICC
469,D:\Downloads\ExternalData\ct_scans_4_4_wawtace_09_05_24\469\469_1_scan.nii.gz,D:\Downloads\ExternalData\ct_scans_4_4_wawtace_09_05_24\469\469_2_scan.nii.gz,,D:\Downloads\ExternalData\ct_scans_4_4_wawtace_09_05_24\469\469_0_scan.nii.gz,HCC,0.21170473,0.6404659,0.14782934,ICC
474,D:\Downloads\ExternalData\ct_scans_4_4_wawtace_09_05_24\474\474_1_scan.nii.gz,D:\Downloads\ExternalData\ct_scans_4_4_wawtace_09_05_24\474\474_2_scan.nii.gz,D:\Downloads\ExternalData\ct_scans_4_4_wawtace_09_05_24\474\474_3_scan.nii.gz,D:\Downloads\ExternalData\ct_scans_4_4_wawtace_09_05_24\474\474_0_scan.nii.gz,HCC,0.3007949,0.44538134,0.25382382,ICC
477,D:\Downloads\ExternalData\ct_scans_4_4_wawtace_09_05_24\477\477_1_scan.nii.gz,D:\Downloads\ExternalData\ct_scans_4_4_wawtace_09_05_24\477\477_2_scan.nii.gz,D:\Downloads\ExternalData\ct_scans_4_4_wawtace_09_05_24\477\477_3_scan.nii.gz,D:\Downloads\ExternalData\ct_scans_4_4_wawtace_09_05_24\477\477_0_scan.nii.gz,HCC,0.610494,0.18619734,0.20330866,HCC
483,D:\Downloads\ExternalData\ct_scans_4_4_wawtace_09_05_24\483\483_1_scan.nii.gz,D:\Downloads\ExternalData\ct_scans_4_4_wawtace_09_05_24\483\483_2_scan.nii.gz,D:\Downloads\ExternalData\ct_scans_4_4_wawtace_09_05_24\483\483_3_scan.nii.gz,D:\Downloads\ExternalData\ct_scans_4_4_wawtace_09_05_24\483\483_0_scan.nii.gz,HCC,0.41123605,0.20606646,0.3826975,HCC
484,D:\Downloads\ExternalData\ct_scans_4_4_wawtace_09_05_24\484\484_1_scan.nii.gz,D:\Downloads\ExternalData\ct_scans_4_4_wawtace_09_05_24\484\484_2_scan.nii.gz,,D:\Downloads\ExternalData\ct_scans_4_4_wawtace_09_05_24\484\484_0_scan.nii.gz,HCC,0.2149472,0.45441905,0.33063373,ICC
485,D:\Downloads\ExternalData\ct_scans_4_4_wawtace_09_05_24\485\485_1_scan.nii.gz,D:\Downloads\ExternalData\ct_scans_4_4_wawtace_09_05_24\485\485_2_scan.nii.gz,D:\Downloads\ExternalData\ct_scans_4_4_wawtace_09_05_24\485\485_3_scan.nii.gz,D:\Downloads\ExternalData\ct_scans_4_4_wawtace_09_05_24\485\485_0_scan.nii.gz,HCC,0.5299133,0.2144556,0.25563106,HCC
486,D:\Downloads\ExternalData\ct_scans_4_4_wawtace_09_05_24\486\486_1_scan.nii.gz,D:\Downloads\ExternalData\ct_scans_4_4_wawtace_09_05_24\486\486_2_scan.nii.gz,,,HCC,0.31891793,0.41218844,0.2688936,ICC
487,D:\Downloads\ExternalData\ct_scans_4_4_wawtace_09_05_24\487\487_1_scan.nii.gz,D:\Downloads\ExternalData\ct_scans_4_4_wawtace_09_05_24\487\487_2_scan.nii.gz,,D:\Downloads\ExternalData\ct_scans_4_4_wawtace_09_05_24\487\487_0_scan.nii.gz,HCC,0.20602062,0.4520977,0.34188172,ICC
490,D:\Downloads\ExternalData\ct_scans_4_4_wawtace_09_05_24\490\490_1_scan.nii.gz,D:\Downloads\ExternalData\ct_scans_4_4_wawtace_09_05_24\490\490_2_scan.nii.gz,D:\Downloads\ExternalData\ct_scans_4_4_wawtace_09_05_24\490\490_3_scan.nii.gz,D:\Downloads\ExternalData\ct_scans_4_4_wawtace_09_05_24\490\490_0_scan.nii.gz,HCC,0.4047749,0.2946095,0.30061564,HCC
491,D:\Downloads\ExternalData\ct_scans_4_4_wawtace_09_05_24\491\491_1_scan.nii.gz,D:\Downloads\ExternalData\ct_scans_4_4_wawtace_09_05_24\491\491_2_scan.nii.gz,D:\Downloads\ExternalData\ct_scans_4_4_wawtace_09_05_24\491\491_3_scan.nii.gz,D:\Downloads\ExternalData\ct_scans_4_4_wawtace_09_05_24\491\491_0_scan.nii.gz,HCC,0.096625395,0.39211133,0.51126325,CHCC
492,D:\Downloads\ExternalData\ct_scans_4_4_wawtace_09_05_24\492\492_1_scan.nii.gz,D:\Downloads\ExternalData\ct_scans_4_4_wawtace_09_05_24\492\492_2_scan.nii.gz,D:\Downloads\ExternalData\ct_scans_4_4_wawtace_09_05_24\492\492_3_scan.nii.gz,D:\Downloads\ExternalData\ct_scans_4_4_wawtace_09_05_24\492\492_0_scan.nii.gz,HCC,0.10129535,0.25765693,0.6410477,CHCC
493,D:\Downloads\ExternalData\ct_scans_4_4_wawtace_09_05_24\493\493_1_scan.nii.gz,D:\Downloads\ExternalData\ct_scans_4_4_wawtace_09_05_24\493\493_2_scan.nii.gz,D:\Downloads\ExternalData\ct_scans_4_4_wawtace_09_05_24\493\493_3_scan.nii.gz,D:\Downloads\ExternalData\ct_scans_4_4_wawtace_09_05_24\493\493_0_scan.nii.gz,HCC,0.14502795,0.4696601,0.38531193,ICC
494,D:\Downloads\ExternalData\ct_scans_4_4_wawtace_09_05_24\494\494_1_scan.nii.gz,D:\Downloads\ExternalData\ct_scans_4_4_wawtace_09_05_24\494\494_2_scan.nii.gz,D:\Downloads\ExternalData\ct_scans_4_4_wawtace_09_05_24\494\494_3_scan.nii.gz,D:\Downloads\ExternalData\ct_scans_4_4_wawtace_09_05_24\494\494_0_scan.nii.gz,HCC,0.23091657,0.63830835,0.1307751,ICC
496,D:\Downloads\ExternalData\ct_scans_4_4_wawtace_09_05_24\496\496_1_scan.nii.gz,D:\Downloads\ExternalData\ct_scans_4_4_wawtace_09_05_24\496\496_2_scan.nii.gz,,D:\Downloads\ExternalData\ct_scans_4_4_wawtace_09_05_24\496\496_0_scan.nii.gz,HCC,0.46500006,0.19501226,0.3399877,HCC
498,D:\Downloads\ExternalData\ct_scans_4_4_wawtace_09_05_24\498\498_1_scan.nii.gz,D:\Downloads\ExternalData\ct_scans_4_4_wawtace_09_05_24\498\498_2_scan.nii.gz,,D:\Downloads\ExternalData\ct_scans_4_4_wawtace_09_05_24\498\498_0_scan.nii.gz,HCC,0.21455507,0.5192869,0.26615804,ICC
500,D:\Downloads\ExternalData\ct_scans_4_4_wawtace_09_05_24\500\500_1_scan.nii.gz,D:\Downloads\ExternalData\ct_scans_4_4_wawtace_09_05_24\500\500_2_scan.nii.gz,,D:\Downloads\ExternalData\ct_scans_4_4_wawtace_09_05_24\500\500_0_scan.nii.gz,HCC,0.16730538,0.6945342,0.13816041,ICC
501,D:\Downloads\ExternalData\ct_scans_4_4_wawtace_09_05_24\501\501_1_scan.nii.gz,D:\Downloads\ExternalData\ct_scans_4_4_wawtace_09_05_24\501\501_2_scan.nii.gz,D:\Downloads\ExternalData\ct_scans_4_4_wawtace_09_05_24\501\501_3_scan.nii.gz,D:\Downloads\ExternalData\ct_scans_4_4_wawtace_09_05_24\501\501_0_scan.nii.gz,HCC,0.21320133,0.43366972,0.35312897,ICC
502,D:\Downloads\ExternalData\ct_scans_4_4_wawtace_09_05_24\502\502_1_scan.nii.gz,D:\Downloads\ExternalData\ct_scans_4_4_wawtace_09_05_24\502\502_2_scan.nii.gz,D:\Downloads\ExternalData\ct_scans_4_4_wawtace_09_05_24\502\502_3_scan.nii.gz,D:\Downloads\ExternalData\ct_scans_4_4_wawtace_09_05_24\502\502_0_scan.nii.gz,HCC,0.683265,0.18287116,0.13386384,HCC
503,D:\Downloads\ExternalData\ct_scans_4_4_wawtace_09_05_24\503\503_1_scan.nii.gz,D:\Downloads\ExternalData\ct_scans_4_4_wawtace_09_05_24\503\503_2_scan.nii.gz,D:\Downloads\ExternalData\ct_scans_4_4_wawtace_09_05_24\503\503_3_scan.nii.gz,D:\Downloads\ExternalData\ct_scans_4_4_wawtace_09_05_24\503\503_0_scan.nii.gz,HCC,0.5805212,0.23573618,0.18374258,HCC
508,D:\Downloads\ExternalData\ct_scans_4_4_wawtace_09_05_24\508\508_1_scan.nii.gz,D:\Downloads\ExternalData\ct_scans_4_4_wawtace_09_05_24\508\508_2_scan.nii.gz,D:\Downloads\ExternalData\ct_scans_4_4_wawtace_09_05_24\508\508_3_scan.nii.gz,D:\Downloads\ExternalData\ct_scans_4_4_wawtace_09_05_24\508\508_0_scan.nii.gz,HCC,0.21523102,0.4018762,0.3828928,ICC
510,D:\Downloads\ExternalData\ct_scans_4_4_wawtace_09_05_24\510\510_1_scan.nii.gz,D:\Downloads\ExternalData\ct_scans_4_4_wawtace_09_05_24\510\510_2_scan.nii.gz,,D:\Downloads\ExternalData\ct_scans_4_4_wawtace_09_05_24\510\510_0_scan.nii.gz,HCC,0.37314636,0.34599513,0.28085852,HCC
512,D:\Downloads\ExternalData\ct_scans_4_4_wawtace_09_05_24\512\512_1_scan.nii.gz,D:\Downloads\ExternalData\ct_scans_4_4_wawtace_09_05_24\512\512_2_scan.nii.gz,D:\Downloads\ExternalData\ct_scans_4_4_wawtace_09_05_24\512\512_3_scan.nii.gz,D:\Downloads\ExternalData\ct_scans_4_4_wawtace_09_05_24\512\512_0_scan.nii.gz,HCC,0.47727436,0.239217,0.2835086,HCC
514,D:\Downloads\ExternalData\ct_scans_4_4_wawtace_09_05_24\514\514_1_scan.nii.gz,D:\Downloads\ExternalData\ct_scans_4_4_wawtace_09_05_24\514\514_2_scan.nii.gz,,D:\Downloads\ExternalData\ct_scans_4_4_wawtace_09_05_24\514\514_0_scan.nii.gz,HCC,0.17369346,0.37715703,0.44914946,CHCC
515,D:\Downloads\ExternalData\ct_scans_4_4_wawtace_09_05_24\515\515_1_scan.nii.gz,D:\Downloads\ExternalData\ct_scans_4_4_wawtace_09_05_24\515\515_2_scan.nii.gz,D:\Downloads\ExternalData\ct_scans_4_4_wawtace_09_05_24\515\515_3_scan.nii.gz,D:\Downloads\ExternalData\ct_scans_4_4_wawtace_09_05_24\515\515_0_scan.nii.gz,HCC,0.4023096,0.3928824,0.204808,HCC
517,D:\Downloads\ExternalData\ct_scans_4_4_wawtace_09_05_24\517\517_1_scan.nii.gz,D:\Downloads\ExternalData\ct_scans_4_4_wawtace_09_05_24\517\517_2_scan.nii.gz,D:\Downloads\ExternalData\ct_scans_4_4_wawtace_09_05_24\517\517_3_scan.nii.gz,D:\Downloads\ExternalData\ct_scans_4_4_wawtace_09_05_24\517\517_0_scan.nii.gz,HCC,0.43480197,0.16946432,0.3957337,HCC
518,D:\Downloads\ExternalData\ct_scans_4_4_wawtace_09_05_24\518\518_1_scan.nii.gz,D:\Downloads\ExternalData\ct_scans_4_4_wawtace_09_05_24\518\518_2_scan.nii.gz,D:\Downloads\ExternalData\ct_scans_4_4_wawtace_09_05_24\518\518_3_scan.nii.gz,D:\Downloads\ExternalData\ct_scans_4_4_wawtace_09_05_24\518\518_0_scan.nii.gz,HCC,0.30063146,0.18368214,0.5156864,CHCC
519,D:\Downloads\ExternalData\ct_scans_4_4_wawtace_09_05_24\519\519_1_scan.nii.gz,D:\Downloads\ExternalData\ct_scans_4_4_wawtace_09_05_24\519\519_2_scan.nii.gz,D:\Downloads\ExternalData\ct_scans_4_4_wawtace_09_05_24\519\519_3_scan.nii.gz,D:\Downloads\ExternalData\ct_scans_4_4_wawtace_09_05_24\519\519_0_scan.nii.gz,HCC,0.21794029,0.18236323,0.5996965,CHCC
521,D:\Downloads\ExternalData\ct_scans_4_4_wawtace_09_05_24\521\521_1_scan.nii.gz,D:\Downloads\ExternalData\ct_scans_4_4_wawtace_09_05_24\521\521_2_scan.nii.gz,D:\Downloads\ExternalData\ct_scans_4_4_wawtace_09_05_24\521\521_3_scan.nii.gz,D:\Downloads\ExternalData\ct_scans_4_4_wawtace_09_05_24\521\521_0_scan.nii.gz,HCC,0.43304116,0.37122646,0.1957324,HCC
522,D:\Downloads\ExternalData\ct_scans_4_4_wawtace_09_05_24\522\522_1_scan.nii.gz,D:\Downloads\ExternalData\ct_scans_4_4_wawtace_09_05_24\522\522_2_scan.nii.gz,D:\Downloads\ExternalData\ct_scans_4_4_wawtace_09_05_24\522\522_3_scan.nii.gz,D:\Downloads\ExternalData\ct_scans_4_4_wawtace_09_05_24\522\522_0_scan.nii.gz,HCC,0.40056697,0.4041276,0.19530544,ICC
524,D:\Downloads\ExternalData\ct_scans_4_4_wawtace_09_05_24\524\524_1_scan.nii.gz,D:\Downloads\ExternalData\ct_scans_4_4_wawtace_09_05_24\524\524_2_scan.nii.gz,D:\Downloads\ExternalData\ct_scans_4_4_wawtace_09_05_24\524\524_3_scan.nii.gz,D:\Downloads\ExternalData\ct_scans_4_4_wawtace_09_05_24\524\524_0_scan.nii.gz,HCC,0.5382542,0.28043947,0.18130629,HCC
525,D:\Downloads\ExternalData\ct_scans_4_4_wawtace_09_05_24\525\525_1_scan.nii.gz,D:\Downloads\ExternalData\ct_scans_4_4_wawtace_09_05_24\525\525_2_scan.nii.gz,D:\Downloads\ExternalData\ct_scans_4_4_wawtace_09_05_24\525\525_3_scan.nii.gz,D:\Downloads\ExternalData\ct_scans_4_4_wawtace_09_05_24\525\525_0_scan.nii.gz,HCC,0.5628625,0.25843287,0.17870459,HCC
527,D:\Downloads\ExternalData\ct_scans_4_4_wawtace_09_05_24\527\527_1_scan.nii.gz,D:\Downloads\ExternalData\ct_scans_4_4_wawtace_09_05_24\527\527_2_scan.nii.gz,D:\Downloads\ExternalData\ct_scans_4_4_wawtace_09_05_24\527\527_3_scan.nii.gz,D:\Downloads\ExternalData\ct_scans_4_4_wawtace_09_05_24\527\527_0_scan.nii.gz,HCC,0.0900078,0.19413017,0.715862,CHCC
531,D:\Downloads\ExternalData\ct_scans_4_4_wawtace_09_05_24\531\531_1_scan.nii.gz,D:\Downloads\ExternalData\ct_scans_4_4_wawtace_09_05_24\531\531_2_scan.nii.gz,D:\Downloads\ExternalData\ct_scans_4_4_wawtace_09_05_24\531\531_3_scan.nii.gz,D:\Downloads\ExternalData\ct_scans_4_4_wawtace_09_05_24\531\531_0_scan.nii.gz,HCC,0.6588685,0.11108031,0.23005119,HCC
533,D:\Downloads\ExternalData\ct_scans_4_4_wawtace_09_05_24\533\533_1_scan.nii.gz,D:\Downloads\ExternalData\ct_scans_4_4_wawtace_09_05_24\533\533_2_scan.nii.gz,D:\Downloads\ExternalData\ct_scans_4_4_wawtace_09_05_24\533\533_3_scan.nii.gz,D:\Downloads\ExternalData\ct_scans_4_4_wawtace_09_05_24\533\533_0_scan.nii.gz,HCC,0.0949979,0.44154406,0.46345806,CHCC
537,D:\Downloads\ExternalData\ct_scans_4_4_wawtace_09_05_24\537\537_1_scan.nii.gz,D:\Downloads\ExternalData\ct_scans_4_4_wawtace_09_05_24\537\537_2_scan.nii.gz,D:\Downloads\ExternalData\ct_scans_4_4_wawtace_09_05_24\537\537_3_scan.nii.gz,D:\Downloads\ExternalData\ct_scans_4_4_wawtace_09_05_24\537\537_0_scan.nii.gz,HCC,0.3151432,0.42106685,0.26378998,ICC
539,D:\Downloads\ExternalData\ct_scans_4_4_wawtace_09_05_24\539\539_1_scan.nii.gz,D:\Downloads\ExternalData\ct_scans_4_4_wawtace_09_05_24\539\539_2_scan.nii.gz,D:\Downloads\ExternalData\ct_scans_4_4_wawtace_09_05_24\539\539_3_scan.nii.gz,D:\Downloads\ExternalData\ct_scans_4_4_wawtace_09_05_24\539\539_0_scan.nii.gz,HCC,0.49829635,0.2677823,0.23392133,HCC
540,D:\Downloads\ExternalData\ct_scans_4_4_wawtace_09_05_24\540\540_1_scan.nii.gz,D:\Downloads\ExternalData\ct_scans_4_4_wawtace_09_05_24\540\540_2_scan.nii.gz,D:\Downloads\ExternalData\ct_scans_4_4_wawtace_09_05_24\540\540_3_scan.nii.gz,D:\Downloads\ExternalData\ct_scans_4_4_wawtace_09_05_24\540\540_0_scan.nii.gz,HCC,0.34884647,0.3482233,0.3029302,HCC
543,D:\Downloads\ExternalData\ct_scans_4_4_wawtace_09_05_24\543\543_1_scan.nii.gz,D:\Downloads\ExternalData\ct_scans_4_4_wawtace_09_05_24\543\543_2_scan.nii.gz,D:\Downloads\ExternalData\ct_scans_4_4_wawtace_09_05_24\543\543_3_scan.nii.gz,D:\Downloads\ExternalData\ct_scans_4_4_wawtace_09_05_24\543\543_0_scan.nii.gz,HCC,0.70124775,0.12515697,0.17359532,HCC
