{
  "accuracy_oof": 0.9424460431654677,
  "f1_macro_oof": 0.9433047064734418,
  "auc_macro_ovr_oof": 0.9807660564936086,
  "balanced_accuracy_oof": 0.9437305891623687,
  "confusion_matrix_oof": [
    [
      93,
      1,
      0
    ],
    [
      9,
      88,
      2
    ],
    [
      1,
      3,
      81
    ]
  ],
  "classification_report_oof": {
    "HCC": {
      "precision": 0.9029126213592233,
      "recall": 0.9893617021276596,
      "f1-score": 0.9441624365482234,
      "support": 94.0
    },
    "ICC": {
      "precision": 0.9565217391304348,
      "recall": 0.8888888888888888,
      "f1-score": 0.9214659685863874,
      "support": 99.0
    },
    "CHCC": {
      "precision": 0.9759036144578314,
      "recall": 0.9529411764705882,
      "f1-score": 0.9642857142857143,
      "support": 85.0
    },
    "accuracy": 0.9424460431654677,
    "macro avg": {
      "precision": 0.9451126583158298,
      "recall": 0.9437305891623788,
      "f1-score": 0.9433047064734418,
      "support": 278.0
    },
    "weighted avg": {
      "precision": 0.944321028095668,
      "recall": 0.9424460431654677,
      "f1-score": 0.9422326821578095,
      "support": 278.0
    }
  },
  "ci_95_oof": {
    "accuracy": {
      "low": 0.9136690647482014,
      "high": 0.9676258992805755
    },
    "f1_macro": {
      "low": 0.9152398850917616,
      "high": 0.968448016123361
    },
    "auc_macro_ovr": {
      "low": 0.964216339111983,
      "high": 0.9935345938012744
    }
  },
  "classes": [
    "HCC",
    "ICC",
    "CHCC"
  ],
  "per_class_stats_oof": {
    "HCC": {
      "precision": 0.9029126213592233,
      "recall": 0.9893617021276596,
      "f1": 0.9441624365482234,
      "support": 94,
      "sensitivity": 0.9893617021276491,
      "specificity": 0.9456521739130384
    },
    "ICC": {
      "precision": 0.9565217391304348,
      "recall": 0.8888888888888888,
      "f1": 0.9214659685863874,
      "support": 99,
      "sensitivity": 0.88888888888888,
      "specificity": 0.9776536312849108
    },
    "CHCC": {
      "precision": 0.9759036144578314,
      "recall": 0.9529411764705882,
      "f1": 0.9642857142857143,
      "support": 85,
      "sensitivity": 0.9529411764705771,
      "specificity": 0.9896373056994767
    }
  }
}