metric,value
Accuracy,0.9636363636363636
Macro-F1,0.9648148148148148
Macro-AUC (OvR),0.9873294346978557
Balanced Accuracy,0.9649122807017018
Precision (HCC),0.9047619047619048
Recall/Sensitivity (HCC),0.9999999999999475
Specificity (HCC),0.9444444444444181
F1 (HCC),0.95
Support (HCC),19.0
Precision (ICC),1.0
Recall/Sensitivity (ICC),0.8947368421052162
Specificity (ICC),0.9999999999999721
F1 (ICC),0.9444444444444444
Support (ICC),19.0
Precision (CHCC),1.0
Recall/Sensitivity (CHCC),0.9999999999999413
Specificity (CHCC),0.9999999999999737
F1 (CHCC),1.0
Support (CHCC),17.0
