{
  "accuracy": 0.9636363636363636,
  "f1_macro": 0.9648148148148148,
  "f1_per_class": {
    "HCC": 0.95,
    "ICC": 0.9444444444444444,
    "CHCC": 1.0
  },
  "auc_macro_ovr": 0.9873294346978557,
  "balanced_accuracy": 0.9649122807017018,
  "confusion_matrix": [
    [
      19,
      0,
      0
    ],
    [
      2,
      17,
      0
    ],
    [
      0,
      0,
      17
    ]
  ],
  "classification_report": {
    "HCC": {
      "precision": 0.9047619047619048,
      "recall": 1.0,
      "f1-score": 0.95,
      "support": 19.0
    },
    "ICC": {
      "precision": 1.0,
      "recall": 0.8947368421052632,
      "f1-score": 0.9444444444444444,
      "support": 19.0
    },
    "CHCC": {
      "precision": 1.0,
      "recall": 1.0,
      "f1-score": 1.0,
      "support": 17.0
    },
    "accuracy": 0.9636363636363636,
    "macro avg": {
      "precision": 0.9682539682539683,
      "recall": 0.9649122807017544,
      "f1-score": 0.9648148148148148,
      "support": 55.0
    },
    "weighted avg": {
      "precision": 0.9670995670995671,
      "recall": 0.9636363636363636,
      "f1-score": 0.9635353535353535,
      "support": 55.0
    }
  },
  "ci_95": {
    "accuracy": {
      "low": 0.9090909090909091,
      "high": 1.0
    },
    "f1_macro": {
      "low": 0.9030239898989898,
      "high": 1.0
    },
    "auc_macro_ovr": {
      "low": 0.9600257936507938,
      "high": 1.0
    }
  },
  "classes": [
    "HCC",
    "ICC",
    "CHCC"
  ],
  "per_class_stats": {
    "HCC": {
      "precision": 0.9047619047619048,
      "recall": 1.0,
      "f1": 0.95,
      "support": 19,
      "sensitivity": 0.9999999999999475,
      "specificity": 0.9444444444444181
    },
    "ICC": {
      "precision": 1.0,
      "recall": 0.8947368421052632,
      "f1": 0.9444444444444444,
      "support": 19,
      "sensitivity": 0.8947368421052162,
      "specificity": 0.9999999999999721
    },
    "CHCC": {
      "precision": 1.0,
      "recall": 1.0,
      "f1": 1.0,
      "support": 17,
      "sensitivity": 0.9999999999999413,
      "specificity": 0.9999999999999737
    }
  }
}