{
  "accuracy": 0.9285714285714286,
  "f1_macro": 0.930903778576223,
  "f1_per_class": {
    "HCC": 0.9302325581395349,
    "ICC": 0.8947368421052632,
    "CHCC": 0.967741935483871
  },
  "auc_macro_ovr": 0.9588541666666667,
  "balanced_accuracy": 0.9291666666666164,
  "confusion_matrix": [
    [
      20,
      0,
      0
    ],
    [
      3,
      17,
      0
    ],
    [
      0,
      1,
      15
    ]
  ],
  "classification_report": {
    "HCC": {
      "precision": 0.8695652173913043,
      "recall": 1.0,
      "f1-score": 0.9302325581395349,
      "support": 20.0
    },
    "ICC": {
      "precision": 0.9444444444444444,
      "recall": 0.85,
      "f1-score": 0.8947368421052632,
      "support": 20.0
    },
    "CHCC": {
      "precision": 1.0,
      "recall": 0.9375,
      "f1-score": 0.967741935483871,
      "support": 16.0
    },
    "accuracy": 0.9285714285714286,
    "macro avg": {
      "precision": 0.9380032206119163,
      "recall": 0.9291666666666667,
      "f1-score": 0.930903778576223,
      "support": 56.0
    },
    "weighted avg": {
      "precision": 0.9335748792270532,
      "recall": 0.9285714285714286,
      "f1-score": 0.9282724816542481,
      "support": 56.0
    }
  },
  "ci_95": {
    "accuracy": {
      "low": 0.8571428571428571,
      "high": 0.9821428571428571
    },
    "f1_macro": {
      "low": 0.8554569301196762,
      "high": 0.9844633516102603
    },
    "auc_macro_ovr": {
      "low": 0.9103615775188223,
      "high": 0.9981675170068027
    }
  },
  "classes": [
    "HCC",
    "ICC",
    "CHCC"
  ],
  "per_class_stats": {
    "HCC": {
      "precision": 0.8695652173913043,
      "recall": 1.0,
      "f1": 0.9302325581395349,
      "support": 20,
      "sensitivity": 0.99999999999995,
      "specificity": 0.9166666666666412
    },
    "ICC": {
      "precision": 0.9444444444444444,
      "recall": 0.85,
      "f1": 0.8947368421052632,
      "support": 20,
      "sensitivity": 0.8499999999999576,
      "specificity": 0.9722222222221951
    },
    "CHCC": {
      "precision": 1.0,
      "recall": 0.9375,
      "f1": 0.967741935483871,
      "support": 16,
      "sensitivity": 0.9374999999999415,
      "specificity": 0.9999999999999749
    }
  }
}