patient_id,path_C1,path_C2,path_C3,path_P,path_mask_C1,path_mask_C2,path_mask_C3,label,age,gender
P0001,ct_files/P0001_ct_C1.nii.gz,ct_files/P0001_ct_C2.nii.gz,ct_files/P0001_ct_C3.nii.gz,ct_files/P0001_ct_P.nii.gz,mask_files/P0001_mask_C1.nii.gz,mask_files/P0001_mask_C2.nii.gz,mask_files/P0001_mask_C3.nii.gz,HCC,58,male
P0002,ct_files/P0002_ct_C1.nii.gz,ct_files/P0002_ct_C2.nii.gz,ct_files/P0002_ct_C3.nii.gz,ct_files/P0002_ct_P.nii.gz,mask_files/P0002_mask_C1.nii.gz,mask_files/P0002_mask_C2.nii.gz,mask_files/P0002_mask_C3.nii.gz,HCC,70,male
P0003,ct_files/P0003_ct_C1.nii.gz,ct_files/P0003_ct_C2.nii.gz,ct_files/P0003_ct_C3.nii.gz,ct_files/P0003_ct_P.nii.gz,mask_files/P0003_mask_C1.nii.gz,mask_files/P0003_mask_C2.nii.gz,mask_files/P0003_mask_C3.nii.gz,HCC,66,female
P0004,ct_files/P0004_ct_C1.nii.gz,ct_files/P0004_ct_C2.nii.gz,ct_files/P0004_ct_C3.nii.gz,ct_files/P0004_ct_P.nii.gz,mask_files/P0004_mask_C1.nii.gz,mask_files/P0004_mask_C2.nii.gz,mask_files/P0004_mask_C3.nii.gz,HCC,55,female
P0005,ct_files/P0005_ct_C1.nii.gz,ct_files/P0005_ct_C2.nii.gz,ct_files/P0005_ct_C3.nii.gz,ct_files/P0005_ct_P.nii.gz,mask_files/P0005_mask_C1.nii.gz,mask_files/P0005_mask_C2.nii.gz,mask_files/P0005_mask_C3.nii.gz,HCC,63,male
P0006,ct_files/P0006_ct_C1.nii.gz,ct_files/P0006_ct_C2.nii.gz,ct_files/P0006_ct_C3.nii.gz,ct_files/P0006_ct_P.nii.gz,mask_files/P0006_mask_C1.nii.gz,mask_files/P0006_mask_C2.nii.gz,mask_files/P0006_mask_C3.nii.gz,HCC,39,male
P0007,ct_files/P0007_ct_C1.nii.gz,ct_files/P0007_ct_C2.nii.gz,ct_files/P0007_ct_C3.nii.gz,ct_files/P0007_ct_P.nii.gz,mask_files/P0007_mask_C1.nii.gz,mask_files/P0007_mask_C2.nii.gz,mask_files/P0007_mask_C3.nii.gz,HCC,71,male
P0008,ct_files/P0008_ct_C1.nii.gz,ct_files/P0008_ct_C2.nii.gz,ct_files/P0008_ct_C3.nii.gz,ct_files/P0008_ct_P.nii.gz,mask_files/P0008_mask_C1.nii.gz,mask_files/P0008_mask_C2.nii.gz,mask_files/P0008_mask_C3.nii.gz,HCC,47,female
P0009,ct_files/P0009_ct_C1.nii.gz,ct_files/P0009_ct_C2.nii.gz,ct_files/P0009_ct_C3.nii.gz,ct_files/P0009_ct_P.nii.gz,mask_files/P0009_mask_C1.nii.gz,mask_files/P0009_mask_C2.nii.gz,mask_files/P0009_mask_C3.nii.gz,HCC,50,male
P0010,ct_files/P0010_ct_C1.nii.gz,ct_files/P0010_ct_C2.nii.gz,ct_files/P0010_ct_C3.nii.gz,ct_files/P0010_ct_P.nii.gz,mask_files/P0010_mask_C1.nii.gz,mask_files/P0010_mask_C2.nii.gz,mask_files/P0010_mask_C3.nii.gz,HCC,44,male
P0011,ct_files/P0011_ct_C1.nii.gz,ct_files/P0011_ct_C2.nii.gz,ct_files/P0011_ct_C3.nii.gz,ct_files/P0011_ct_P.nii.gz,mask_files/P0011_mask_C1.nii.gz,mask_files/P0011_mask_C2.nii.gz,mask_files/P0011_mask_C3.nii.gz,HCC,56,male
P0012,ct_files/P0012_ct_C1.nii.gz,ct_files/P0012_ct_C2.nii.gz,ct_files/P0012_ct_C3.nii.gz,ct_files/P0012_ct_P.nii.gz,mask_files/P0012_mask_C1.nii.gz,mask_files/P0012_mask_C2.nii.gz,mask_files/P0012_mask_C3.nii.gz,HCC,41,male
P0013,ct_files/P0013_ct_C1.nii.gz,ct_files/P0013_ct_C2.nii.gz,ct_files/P0013_ct_C3.nii.gz,ct_files/P0013_ct_P.nii.gz,mask_files/P0013_mask_C1.nii.gz,mask_files/P0013_mask_C2.nii.gz,mask_files/P0013_mask_C3.nii.gz,HCC,45,male
P0014,ct_files/P0014_ct_C1.nii.gz,ct_files/P0014_ct_C2.nii.gz,ct_files/P0014_ct_C3.nii.gz,ct_files/P0014_ct_P.nii.gz,mask_files/P0014_mask_C1.nii.gz,mask_files/P0014_mask_C2.nii.gz,mask_files/P0014_mask_C3.nii.gz,HCC,48,male
P0015,ct_files/P0015_ct_C1.nii.gz,ct_files/P0015_ct_C2.nii.gz,ct_files/P0015_ct_C3.nii.gz,ct_files/P0015_ct_P.nii.gz,mask_files/P0015_mask_C1.nii.gz,mask_files/P0015_mask_C2.nii.gz,mask_files/P0015_mask_C3.nii.gz,HCC,51,male
P0016,ct_files/P0016_ct_C1.nii.gz,ct_files/P0016_ct_C2.nii.gz,ct_files/P0016_ct_C3.nii.gz,ct_files/P0016_ct_P.nii.gz,mask_files/P0016_mask_C1.nii.gz,mask_files/P0016_mask_C2.nii.gz,mask_files/P0016_mask_C3.nii.gz,HCC,47,male
P0017,ct_files/P0017_ct_C1.nii.gz,ct_files/P0017_ct_C2.nii.gz,ct_files/P0017_ct_C3.nii.gz,ct_files/P0017_ct_P.nii.gz,mask_files/P0017_mask_C1.nii.gz,mask_files/P0017_mask_C2.nii.gz,mask_files/P0017_mask_C3.nii.gz,HCC,54,male
P0018,ct_files/P0018_ct_C1.nii.gz,ct_files/P0018_ct_C2.nii.gz,ct_files/P0018_ct_C3.nii.gz,ct_files/P0018_ct_P.nii.gz,mask_files/P0018_mask_C1.nii.gz,mask_files/P0018_mask_C2.nii.gz,mask_files/P0018_mask_C3.nii.gz,HCC,59,male
P0019,ct_files/P0019_ct_C1.nii.gz,ct_files/P0019_ct_C2.nii.gz,ct_files/P0019_ct_C3.nii.gz,ct_files/P0019_ct_P.nii.gz,mask_files/P0019_mask_C1.nii.gz,mask_files/P0019_mask_C2.nii.gz,mask_files/P0019_mask_C3.nii.gz,HCC,68,male
P0020,ct_files/P0020_ct_C1.nii.gz,ct_files/P0020_ct_C2.nii.gz,ct_files/P0020_ct_C3.nii.gz,ct_files/P0020_ct_P.nii.gz,mask_files/P0020_mask_C1.nii.gz,mask_files/P0020_mask_C2.nii.gz,mask_files/P0020_mask_C3.nii.gz,HCC,47,female
P0021,ct_files/P0021_ct_C1.nii.gz,ct_files/P0021_ct_C2.nii.gz,ct_files/P0021_ct_C3.nii.gz,ct_files/P0021_ct_P.nii.gz,mask_files/P0021_mask_C1.nii.gz,mask_files/P0021_mask_C2.nii.gz,mask_files/P0021_mask_C3.nii.gz,HCC,59,male
P0022,ct_files/P0022_ct_C1.nii.gz,ct_files/P0022_ct_C2.nii.gz,ct_files/P0022_ct_C3.nii.gz,ct_files/P0022_ct_P.nii.gz,mask_files/P0022_mask_C1.nii.gz,mask_files/P0022_mask_C2.nii.gz,mask_files/P0022_mask_C3.nii.gz,HCC,56,male
P0023,ct_files/P0023_ct_C1.nii.gz,ct_files/P0023_ct_C2.nii.gz,ct_files/P0023_ct_C3.nii.gz,ct_files/P0023_ct_P.nii.gz,mask_files/P0023_mask_C1.nii.gz,mask_files/P0023_mask_C2.nii.gz,mask_files/P0023_mask_C3.nii.gz,HCC,51,male
P0024,ct_files/P0024_ct_C1.nii.gz,ct_files/P0024_ct_C2.nii.gz,ct_files/P0024_ct_C3.nii.gz,ct_files/P0024_ct_P.nii.gz,mask_files/P0024_mask_C1.nii.gz,mask_files/P0024_mask_C2.nii.gz,mask_files/P0024_mask_C3.nii.gz,HCC,43,male
P0025,ct_files/P0025_ct_C1.nii.gz,ct_files/P0025_ct_C2.nii.gz,ct_files/P0025_ct_C3.nii.gz,ct_files/P0025_ct_P.nii.gz,mask_files/P0025_mask_C1.nii.gz,mask_files/P0025_mask_C2.nii.gz,mask_files/P0025_mask_C3.nii.gz,HCC,63,male
P0026,ct_files/P0026_ct_C1.nii.gz,ct_files/P0026_ct_C2.nii.gz,ct_files/P0026_ct_C3.nii.gz,ct_files/P0026_ct_P.nii.gz,mask_files/P0026_mask_C1.nii.gz,mask_files/P0026_mask_C2.nii.gz,mask_files/P0026_mask_C3.nii.gz,HCC,52,male
P0027,ct_files/P0027_ct_C1.nii.gz,ct_files/P0027_ct_C2.nii.gz,ct_files/P0027_ct_C3.nii.gz,ct_files/P0027_ct_P.nii.gz,mask_files/P0027_mask_C1.nii.gz,mask_files/P0027_mask_C2.nii.gz,mask_files/P0027_mask_C3.nii.gz,HCC,50,male
P0028,ct_files/P0028_ct_C1.nii.gz,ct_files/P0028_ct_C2.nii.gz,ct_files/P0028_ct_C3.nii.gz,ct_files/P0028_ct_P.nii.gz,mask_files/P0028_mask_C1.nii.gz,mask_files/P0028_mask_C2.nii.gz,mask_files/P0028_mask_C3.nii.gz,HCC,66,female
P0029,ct_files/P0029_ct_C1.nii.gz,ct_files/P0029_ct_C2.nii.gz,ct_files/P0029_ct_C3.nii.gz,ct_files/P0029_ct_P.nii.gz,mask_files/P0029_mask_C1.nii.gz,mask_files/P0029_mask_C2.nii.gz,mask_files/P0029_mask_C3.nii.gz,HCC,54,female
P0030,ct_files/P0030_ct_C1.nii.gz,ct_files/P0030_ct_C2.nii.gz,ct_files/P0030_ct_C3.nii.gz,ct_files/P0030_ct_P.nii.gz,mask_files/P0030_mask_C1.nii.gz,mask_files/P0030_mask_C2.nii.gz,mask_files/P0030_mask_C3.nii.gz,HCC,64,female
P0031,ct_files/P0031_ct_C1.nii.gz,ct_files/P0031_ct_C2.nii.gz,ct_files/P0031_ct_C3.nii.gz,ct_files/P0031_ct_P.nii.gz,mask_files/P0031_mask_C1.nii.gz,mask_files/P0031_mask_C2.nii.gz,mask_files/P0031_mask_C3.nii.gz,HCC,55,male
P0032,ct_files/P0032_ct_C1.nii.gz,ct_files/P0032_ct_C2.nii.gz,ct_files/P0032_ct_C3.nii.gz,ct_files/P0032_ct_P.nii.gz,mask_files/P0032_mask_C1.nii.gz,mask_files/P0032_mask_C2.nii.gz,mask_files/P0032_mask_C3.nii.gz,HCC,42,male
P0033,ct_files/P0033_ct_C1.nii.gz,ct_files/P0033_ct_C2.nii.gz,ct_files/P0033_ct_C3.nii.gz,ct_files/P0033_ct_P.nii.gz,mask_files/P0033_mask_C1.nii.gz,mask_files/P0033_mask_C2.nii.gz,mask_files/P0033_mask_C3.nii.gz,HCC,70,male
P0034,ct_files/P0034_ct_C1.nii.gz,ct_files/P0034_ct_C2.nii.gz,ct_files/P0034_ct_C3.nii.gz,ct_files/P0034_ct_P.nii.gz,mask_files/P0034_mask_C1.nii.gz,mask_files/P0034_mask_C2.nii.gz,mask_files/P0034_mask_C3.nii.gz,HCC,57,male
P0035,ct_files/P0035_ct_C1.nii.gz,ct_files/P0035_ct_C2.nii.gz,ct_files/P0035_ct_C3.nii.gz,ct_files/P0035_ct_P.nii.gz,mask_files/P0035_mask_C1.nii.gz,mask_files/P0035_mask_C2.nii.gz,mask_files/P0035_mask_C3.nii.gz,HCC,62,female
P0036,ct_files/P0036_ct_C1.nii.gz,ct_files/P0036_ct_C2.nii.gz,ct_files/P0036_ct_C3.nii.gz,ct_files/P0036_ct_P.nii.gz,mask_files/P0036_mask_C1.nii.gz,mask_files/P0036_mask_C2.nii.gz,mask_files/P0036_mask_C3.nii.gz,HCC,57,male
P0037,ct_files/P0037_ct_C1.nii.gz,ct_files/P0037_ct_C2.nii.gz,ct_files/P0037_ct_C3.nii.gz,ct_files/P0037_ct_P.nii.gz,mask_files/P0037_mask_C1.nii.gz,mask_files/P0037_mask_C2.nii.gz,mask_files/P0037_mask_C3.nii.gz,HCC,62,male
P0038,ct_files/P0038_ct_C1.nii.gz,ct_files/P0038_ct_C2.nii.gz,ct_files/P0038_ct_C3.nii.gz,ct_files/P0038_ct_P.nii.gz,mask_files/P0038_mask_C1.nii.gz,mask_files/P0038_mask_C2.nii.gz,mask_files/P0038_mask_C3.nii.gz,HCC,74,male
P0039,ct_files/P0039_ct_C1.nii.gz,ct_files/P0039_ct_C2.nii.gz,ct_files/P0039_ct_C3.nii.gz,ct_files/P0039_ct_P.nii.gz,mask_files/P0039_mask_C1.nii.gz,mask_files/P0039_mask_C2.nii.gz,mask_files/P0039_mask_C3.nii.gz,HCC,61,male
P0040,ct_files/P0040_ct_C1.nii.gz,ct_files/P0040_ct_C2.nii.gz,ct_files/P0040_ct_C3.nii.gz,ct_files/P0040_ct_P.nii.gz,mask_files/P0040_mask_C1.nii.gz,mask_files/P0040_mask_C2.nii.gz,mask_files/P0040_mask_C3.nii.gz,HCC,71,female
P0041,ct_files/P0041_ct_C1.nii.gz,ct_files/P0041_ct_C2.nii.gz,ct_files/P0041_ct_C3.nii.gz,ct_files/P0041_ct_P.nii.gz,mask_files/P0041_mask_C1.nii.gz,mask_files/P0041_mask_C2.nii.gz,mask_files/P0041_mask_C3.nii.gz,HCC,67,male
P0042,ct_files/P0042_ct_C1.nii.gz,ct_files/P0042_ct_C2.nii.gz,ct_files/P0042_ct_C3.nii.gz,ct_files/P0042_ct_P.nii.gz,mask_files/P0042_mask_C1.nii.gz,mask_files/P0042_mask_C2.nii.gz,mask_files/P0042_mask_C3.nii.gz,HCC,62,female
P0043,ct_files/P0043_ct_C1.nii.gz,ct_files/P0043_ct_C2.nii.gz,ct_files/P0043_ct_C3.nii.gz,ct_files/P0043_ct_P.nii.gz,mask_files/P0043_mask_C1.nii.gz,mask_files/P0043_mask_C2.nii.gz,mask_files/P0043_mask_C3.nii.gz,HCC,56,male
P0044,ct_files/P0044_ct_C1.nii.gz,ct_files/P0044_ct_C2.nii.gz,ct_files/P0044_ct_C3.nii.gz,ct_files/P0044_ct_P.nii.gz,mask_files/P0044_mask_C1.nii.gz,mask_files/P0044_mask_C2.nii.gz,mask_files/P0044_mask_C3.nii.gz,HCC,58,male
P0045,ct_files/P0045_ct_C1.nii.gz,ct_files/P0045_ct_C2.nii.gz,ct_files/P0045_ct_C3.nii.gz,ct_files/P0045_ct_P.nii.gz,mask_files/P0045_mask_C1.nii.gz,mask_files/P0045_mask_C2.nii.gz,mask_files/P0045_mask_C3.nii.gz,HCC,43,male
P0046,ct_files/P0046_ct_C1.nii.gz,ct_files/P0046_ct_C2.nii.gz,ct_files/P0046_ct_C3.nii.gz,ct_files/P0046_ct_P.nii.gz,mask_files/P0046_mask_C1.nii.gz,mask_files/P0046_mask_C2.nii.gz,mask_files/P0046_mask_C3.nii.gz,HCC,63,female
P0047,ct_files/P0047_ct_C1.nii.gz,ct_files/P0047_ct_C2.nii.gz,ct_files/P0047_ct_C3.nii.gz,ct_files/P0047_ct_P.nii.gz,mask_files/P0047_mask_C1.nii.gz,mask_files/P0047_mask_C2.nii.gz,mask_files/P0047_mask_C3.nii.gz,HCC,52,male
P0048,ct_files/P0048_ct_C1.nii.gz,ct_files/P0048_ct_C2.nii.gz,ct_files/P0048_ct_C3.nii.gz,ct_files/P0048_ct_P.nii.gz,mask_files/P0048_mask_C1.nii.gz,mask_files/P0048_mask_C2.nii.gz,mask_files/P0048_mask_C3.nii.gz,HCC,59,female
P0049,ct_files/P0049_ct_C1.nii.gz,ct_files/P0049_ct_C2.nii.gz,ct_files/P0049_ct_C3.nii.gz,ct_files/P0049_ct_P.nii.gz,mask_files/P0049_mask_C1.nii.gz,mask_files/P0049_mask_C2.nii.gz,mask_files/P0049_mask_C3.nii.gz,HCC,55,male
P0050,ct_files/P0050_ct_C1.nii.gz,ct_files/P0050_ct_C2.nii.gz,ct_files/P0050_ct_C3.nii.gz,ct_files/P0050_ct_P.nii.gz,mask_files/P0050_mask_C1.nii.gz,mask_files/P0050_mask_C2.nii.gz,mask_files/P0050_mask_C3.nii.gz,HCC,46,male
P0051,ct_files/P0051_ct_C1.nii.gz,ct_files/P0051_ct_C2.nii.gz,ct_files/P0051_ct_C3.nii.gz,ct_files/P0051_ct_P.nii.gz,mask_files/P0051_mask_C1.nii.gz,mask_files/P0051_mask_C2.nii.gz,mask_files/P0051_mask_C3.nii.gz,HCC,61,male
P0052,ct_files/P0052_ct_C1.nii.gz,ct_files/P0052_ct_C2.nii.gz,ct_files/P0052_ct_C3.nii.gz,ct_files/P0052_ct_P.nii.gz,mask_files/P0052_mask_C1.nii.gz,mask_files/P0052_mask_C2.nii.gz,mask_files/P0052_mask_C3.nii.gz,HCC,49,male
P0053,ct_files/P0053_ct_C1.nii.gz,ct_files/P0053_ct_C2.nii.gz,ct_files/P0053_ct_C3.nii.gz,ct_files/P0053_ct_P.nii.gz,mask_files/P0053_mask_C1.nii.gz,mask_files/P0053_mask_C2.nii.gz,mask_files/P0053_mask_C3.nii.gz,HCC,64,male
P0054,ct_files/P0054_ct_C1.nii.gz,ct_files/P0054_ct_C2.nii.gz,ct_files/P0054_ct_C3.nii.gz,ct_files/P0054_ct_P.nii.gz,mask_files/P0054_mask_C1.nii.gz,mask_files/P0054_mask_C2.nii.gz,mask_files/P0054_mask_C3.nii.gz,HCC,61,male
P0055,ct_files/P0055_ct_C1.nii.gz,ct_files/P0055_ct_C2.nii.gz,ct_files/P0055_ct_C3.nii.gz,ct_files/P0055_ct_P.nii.gz,mask_files/P0055_mask_C1.nii.gz,mask_files/P0055_mask_C2.nii.gz,mask_files/P0055_mask_C3.nii.gz,HCC,51,male
P0056,ct_files/P0056_ct_C1.nii.gz,ct_files/P0056_ct_C2.nii.gz,ct_files/P0056_ct_C3.nii.gz,ct_files/P0056_ct_P.nii.gz,mask_files/P0056_mask_C1.nii.gz,mask_files/P0056_mask_C2.nii.gz,mask_files/P0056_mask_C3.nii.gz,HCC,75,male
P0057,ct_files/P0057_ct_C1.nii.gz,ct_files/P0057_ct_C2.nii.gz,ct_files/P0057_ct_C3.nii.gz,ct_files/P0057_ct_P.nii.gz,mask_files/P0057_mask_C1.nii.gz,mask_files/P0057_mask_C2.nii.gz,mask_files/P0057_mask_C3.nii.gz,HCC,57,male
P0058,ct_files/P0058_ct_C1.nii.gz,ct_files/P0058_ct_C2.nii.gz,ct_files/P0058_ct_C3.nii.gz,ct_files/P0058_ct_P.nii.gz,mask_files/P0058_mask_C1.nii.gz,mask_files/P0058_mask_C2.nii.gz,mask_files/P0058_mask_C3.nii.gz,HCC,64,male
P0059,ct_files/P0059_ct_C1.nii.gz,ct_files/P0059_ct_C2.nii.gz,ct_files/P0059_ct_C3.nii.gz,ct_files/P0059_ct_P.nii.gz,mask_files/P0059_mask_C1.nii.gz,mask_files/P0059_mask_C2.nii.gz,mask_files/P0059_mask_C3.nii.gz,HCC,72,male
P0060,ct_files/P0060_ct_C1.nii.gz,ct_files/P0060_ct_C2.nii.gz,ct_files/P0060_ct_C3.nii.gz,ct_files/P0060_ct_P.nii.gz,mask_files/P0060_mask_C1.nii.gz,mask_files/P0060_mask_C2.nii.gz,mask_files/P0060_mask_C3.nii.gz,HCC,60,male
P0061,ct_files/P0061_ct_C1.nii.gz,ct_files/P0061_ct_C2.nii.gz,ct_files/P0061_ct_C3.nii.gz,ct_files/P0061_ct_P.nii.gz,mask_files/P0061_mask_C1.nii.gz,mask_files/P0061_mask_C2.nii.gz,mask_files/P0061_mask_C3.nii.gz,HCC,67,male
P0062,ct_files/P0062_ct_C1.nii.gz,ct_files/P0062_ct_C2.nii.gz,ct_files/P0062_ct_C3.nii.gz,ct_files/P0062_ct_P.nii.gz,mask_files/P0062_mask_C1.nii.gz,mask_files/P0062_mask_C2.nii.gz,mask_files/P0062_mask_C3.nii.gz,HCC,55,male
P0063,ct_files/P0063_ct_C1.nii.gz,ct_files/P0063_ct_C2.nii.gz,ct_files/P0063_ct_C3.nii.gz,ct_files/P0063_ct_P.nii.gz,mask_files/P0063_mask_C1.nii.gz,mask_files/P0063_mask_C2.nii.gz,mask_files/P0063_mask_C3.nii.gz,HCC,40,male
P0064,ct_files/P0064_ct_C1.nii.gz,ct_files/P0064_ct_C2.nii.gz,ct_files/P0064_ct_C3.nii.gz,ct_files/P0064_ct_P.nii.gz,mask_files/P0064_mask_C1.nii.gz,mask_files/P0064_mask_C2.nii.gz,mask_files/P0064_mask_C3.nii.gz,HCC,64,female
P0065,ct_files/P0065_ct_C1.nii.gz,ct_files/P0065_ct_C2.nii.gz,ct_files/P0065_ct_C3.nii.gz,ct_files/P0065_ct_P.nii.gz,mask_files/P0065_mask_C1.nii.gz,mask_files/P0065_mask_C2.nii.gz,mask_files/P0065_mask_C3.nii.gz,HCC,60,female
P0066,ct_files/P0066_ct_C1.nii.gz,ct_files/P0066_ct_C2.nii.gz,ct_files/P0066_ct_C3.nii.gz,ct_files/P0066_ct_P.nii.gz,mask_files/P0066_mask_C1.nii.gz,mask_files/P0066_mask_C2.nii.gz,mask_files/P0066_mask_C3.nii.gz,HCC,65,male
P0067,ct_files/P0067_ct_C1.nii.gz,ct_files/P0067_ct_C2.nii.gz,ct_files/P0067_ct_C3.nii.gz,ct_files/P0067_ct_P.nii.gz,mask_files/P0067_mask_C1.nii.gz,mask_files/P0067_mask_C2.nii.gz,mask_files/P0067_mask_C3.nii.gz,HCC,50,male
P0068,ct_files/P0068_ct_C1.nii.gz,ct_files/P0068_ct_C2.nii.gz,ct_files/P0068_ct_C3.nii.gz,ct_files/P0068_ct_P.nii.gz,mask_files/P0068_mask_C1.nii.gz,mask_files/P0068_mask_C2.nii.gz,mask_files/P0068_mask_C3.nii.gz,HCC,41,male
P0069,ct_files/P0069_ct_C1.nii.gz,ct_files/P0069_ct_C2.nii.gz,ct_files/P0069_ct_C3.nii.gz,ct_files/P0069_ct_P.nii.gz,mask_files/P0069_mask_C1.nii.gz,mask_files/P0069_mask_C2.nii.gz,mask_files/P0069_mask_C3.nii.gz,HCC,66,male
P0070,ct_files/P0070_ct_C1.nii.gz,ct_files/P0070_ct_C2.nii.gz,ct_files/P0070_ct_C3.nii.gz,ct_files/P0070_ct_P.nii.gz,mask_files/P0070_mask_C1.nii.gz,mask_files/P0070_mask_C2.nii.gz,mask_files/P0070_mask_C3.nii.gz,HCC,47,male
P0071,ct_files/P0071_ct_C1.nii.gz,ct_files/P0071_ct_C2.nii.gz,ct_files/P0071_ct_C3.nii.gz,ct_files/P0071_ct_P.nii.gz,mask_files/P0071_mask_C1.nii.gz,mask_files/P0071_mask_C2.nii.gz,mask_files/P0071_mask_C3.nii.gz,HCC,70,male
P0072,ct_files/P0072_ct_C1.nii.gz,ct_files/P0072_ct_C2.nii.gz,ct_files/P0072_ct_C3.nii.gz,ct_files/P0072_ct_P.nii.gz,mask_files/P0072_mask_C1.nii.gz,mask_files/P0072_mask_C2.nii.gz,mask_files/P0072_mask_C3.nii.gz,HCC,71,male
P0073,ct_files/P0073_ct_C1.nii.gz,ct_files/P0073_ct_C2.nii.gz,ct_files/P0073_ct_C3.nii.gz,ct_files/P0073_ct_P.nii.gz,mask_files/P0073_mask_C1.nii.gz,mask_files/P0073_mask_C2.nii.gz,mask_files/P0073_mask_C3.nii.gz,HCC,48,male
P0074,ct_files/P0074_ct_C1.nii.gz,ct_files/P0074_ct_C2.nii.gz,ct_files/P0074_ct_C3.nii.gz,ct_files/P0074_ct_P.nii.gz,mask_files/P0074_mask_C1.nii.gz,mask_files/P0074_mask_C2.nii.gz,mask_files/P0074_mask_C3.nii.gz,HCC,46,female
P0075,ct_files/P0075_ct_C1.nii.gz,ct_files/P0075_ct_C2.nii.gz,ct_files/P0075_ct_C3.nii.gz,ct_files/P0075_ct_P.nii.gz,mask_files/P0075_mask_C1.nii.gz,mask_files/P0075_mask_C2.nii.gz,mask_files/P0075_mask_C3.nii.gz,HCC,64,female
P0076,ct_files/P0076_ct_C1.nii.gz,ct_files/P0076_ct_C2.nii.gz,ct_files/P0076_ct_C3.nii.gz,ct_files/P0076_ct_P.nii.gz,mask_files/P0076_mask_C1.nii.gz,mask_files/P0076_mask_C2.nii.gz,mask_files/P0076_mask_C3.nii.gz,HCC,59,male
P0077,ct_files/P0077_ct_C1.nii.gz,ct_files/P0077_ct_C2.nii.gz,ct_files/P0077_ct_C3.nii.gz,ct_files/P0077_ct_P.nii.gz,mask_files/P0077_mask_C1.nii.gz,mask_files/P0077_mask_C2.nii.gz,mask_files/P0077_mask_C3.nii.gz,HCC,73,female
P0078,ct_files/P0078_ct_C1.nii.gz,ct_files/P0078_ct_C2.nii.gz,ct_files/P0078_ct_C3.nii.gz,ct_files/P0078_ct_P.nii.gz,mask_files/P0078_mask_C1.nii.gz,mask_files/P0078_mask_C2.nii.gz,mask_files/P0078_mask_C3.nii.gz,HCC,58,male
P0079,ct_files/P0079_ct_C1.nii.gz,ct_files/P0079_ct_C2.nii.gz,ct_files/P0079_ct_C3.nii.gz,ct_files/P0079_ct_P.nii.gz,mask_files/P0079_mask_C1.nii.gz,mask_files/P0079_mask_C2.nii.gz,mask_files/P0079_mask_C3.nii.gz,HCC,54,male
P0080,ct_files/P0080_ct_C1.nii.gz,ct_files/P0080_ct_C2.nii.gz,ct_files/P0080_ct_C3.nii.gz,ct_files/P0080_ct_P.nii.gz,mask_files/P0080_mask_C1.nii.gz,mask_files/P0080_mask_C2.nii.gz,mask_files/P0080_mask_C3.nii.gz,HCC,68,male
P0081,ct_files/P0081_ct_C1.nii.gz,ct_files/P0081_ct_C2.nii.gz,ct_files/P0081_ct_C3.nii.gz,ct_files/P0081_ct_P.nii.gz,mask_files/P0081_mask_C1.nii.gz,mask_files/P0081_mask_C2.nii.gz,mask_files/P0081_mask_C3.nii.gz,HCC,65,male
P0082,ct_files/P0082_ct_C1.nii.gz,ct_files/P0082_ct_C2.nii.gz,ct_files/P0082_ct_C3.nii.gz,ct_files/P0082_ct_P.nii.gz,mask_files/P0082_mask_C1.nii.gz,mask_files/P0082_mask_C2.nii.gz,mask_files/P0082_mask_C3.nii.gz,HCC,62,male
P0083,ct_files/P0083_ct_C1.nii.gz,ct_files/P0083_ct_C2.nii.gz,ct_files/P0083_ct_C3.nii.gz,ct_files/P0083_ct_P.nii.gz,mask_files/P0083_mask_C1.nii.gz,mask_files/P0083_mask_C2.nii.gz,mask_files/P0083_mask_C3.nii.gz,HCC,42,male
P0084,ct_files/P0084_ct_C1.nii.gz,ct_files/P0084_ct_C2.nii.gz,ct_files/P0084_ct_C3.nii.gz,ct_files/P0084_ct_P.nii.gz,mask_files/P0084_mask_C1.nii.gz,mask_files/P0084_mask_C2.nii.gz,mask_files/P0084_mask_C3.nii.gz,HCC,53,male
P0085,ct_files/P0085_ct_C1.nii.gz,ct_files/P0085_ct_C2.nii.gz,ct_files/P0085_ct_C3.nii.gz,ct_files/P0085_ct_P.nii.gz,mask_files/P0085_mask_C1.nii.gz,mask_files/P0085_mask_C2.nii.gz,mask_files/P0085_mask_C3.nii.gz,HCC,49,male
P0086,ct_files/P0086_ct_C1.nii.gz,ct_files/P0086_ct_C2.nii.gz,ct_files/P0086_ct_C3.nii.gz,ct_files/P0086_ct_P.nii.gz,mask_files/P0086_mask_C1.nii.gz,mask_files/P0086_mask_C2.nii.gz,mask_files/P0086_mask_C3.nii.gz,HCC,56,male
P0087,ct_files/P0087_ct_C1.nii.gz,ct_files/P0087_ct_C2.nii.gz,ct_files/P0087_ct_C3.nii.gz,ct_files/P0087_ct_P.nii.gz,mask_files/P0087_mask_C1.nii.gz,mask_files/P0087_mask_C2.nii.gz,mask_files/P0087_mask_C3.nii.gz,HCC,51,male
P0088,ct_files/P0088_ct_C1.nii.gz,ct_files/P0088_ct_C2.nii.gz,ct_files/P0088_ct_C3.nii.gz,ct_files/P0088_ct_P.nii.gz,mask_files/P0088_mask_C1.nii.gz,mask_files/P0088_mask_C2.nii.gz,mask_files/P0088_mask_C3.nii.gz,HCC,70,female
P0089,ct_files/P0089_ct_C1.nii.gz,ct_files/P0089_ct_C2.nii.gz,ct_files/P0089_ct_C3.nii.gz,ct_files/P0089_ct_P.nii.gz,mask_files/P0089_mask_C1.nii.gz,mask_files/P0089_mask_C2.nii.gz,mask_files/P0089_mask_C3.nii.gz,HCC,58,female
P0090,ct_files/P0090_ct_C1.nii.gz,ct_files/P0090_ct_C2.nii.gz,ct_files/P0090_ct_C3.nii.gz,ct_files/P0090_ct_P.nii.gz,mask_files/P0090_mask_C1.nii.gz,mask_files/P0090_mask_C2.nii.gz,mask_files/P0090_mask_C3.nii.gz,HCC,53,male
P0091,ct_files/P0091_ct_C1.nii.gz,ct_files/P0091_ct_C2.nii.gz,ct_files/P0091_ct_C3.nii.gz,ct_files/P0091_ct_P.nii.gz,mask_files/P0091_mask_C1.nii.gz,mask_files/P0091_mask_C2.nii.gz,mask_files/P0091_mask_C3.nii.gz,HCC,61,male
P0092,ct_files/P0092_ct_C1.nii.gz,ct_files/P0092_ct_C2.nii.gz,ct_files/P0092_ct_C3.nii.gz,ct_files/P0092_ct_P.nii.gz,mask_files/P0092_mask_C1.nii.gz,mask_files/P0092_mask_C2.nii.gz,mask_files/P0092_mask_C3.nii.gz,HCC,66,male
P0093,ct_files/P0093_ct_C1.nii.gz,ct_files/P0093_ct_C2.nii.gz,ct_files/P0093_ct_C3.nii.gz,ct_files/P0093_ct_P.nii.gz,mask_files/P0093_mask_C1.nii.gz,mask_files/P0093_mask_C2.nii.gz,mask_files/P0093_mask_C3.nii.gz,HCC,49,male
P0094,ct_files/P0094_ct_C1.nii.gz,ct_files/P0094_ct_C2.nii.gz,ct_files/P0094_ct_C3.nii.gz,ct_files/P0094_ct_P.nii.gz,mask_files/P0094_mask_C1.nii.gz,mask_files/P0094_mask_C2.nii.gz,mask_files/P0094_mask_C3.nii.gz,HCC,64,male
P0095,ct_files/P0095_ct_C1.nii.gz,ct_files/P0095_ct_C2.nii.gz,ct_files/P0095_ct_C3.nii.gz,ct_files/P0095_ct_P.nii.gz,mask_files/P0095_mask_C1.nii.gz,mask_files/P0095_mask_C2.nii.gz,mask_files/P0095_mask_C3.nii.gz,ICC,83,female
P0096,ct_files/P0096_ct_C1.nii.gz,ct_files/P0096_ct_C2.nii.gz,ct_files/P0096_ct_C3.nii.gz,ct_files/P0096_ct_P.nii.gz,mask_files/P0096_mask_C1.nii.gz,mask_files/P0096_mask_C2.nii.gz,mask_files/P0096_mask_C3.nii.gz,ICC,66,male
P0097,ct_files/P0097_ct_C1.nii.gz,ct_files/P0097_ct_C2.nii.gz,ct_files/P0097_ct_C3.nii.gz,ct_files/P0097_ct_P.nii.gz,mask_files/P0097_mask_C1.nii.gz,mask_files/P0097_mask_C2.nii.gz,mask_files/P0097_mask_C3.nii.gz,ICC,74,male
P0098,ct_files/P0098_ct_C1.nii.gz,ct_files/P0098_ct_C2.nii.gz,ct_files/P0098_ct_C3.nii.gz,ct_files/P0098_ct_P.nii.gz,mask_files/P0098_mask_C1.nii.gz,mask_files/P0098_mask_C2.nii.gz,mask_files/P0098_mask_C3.nii.gz,ICC,71,female
P0099,ct_files/P0099_ct_C1.nii.gz,ct_files/P0099_ct_C2.nii.gz,ct_files/P0099_ct_C3.nii.gz,ct_files/P0099_ct_P.nii.gz,mask_files/P0099_mask_C1.nii.gz,mask_files/P0099_mask_C2.nii.gz,mask_files/P0099_mask_C3.nii.gz,ICC,49,female
P0100,ct_files/P0100_ct_C1.nii.gz,ct_files/P0100_ct_C2.nii.gz,ct_files/P0100_ct_C3.nii.gz,ct_files/P0100_ct_P.nii.gz,mask_files/P0100_mask_C1.nii.gz,mask_files/P0100_mask_C2.nii.gz,mask_files/P0100_mask_C3.nii.gz,ICC,53,male
P0101,ct_files/P0101_ct_C1.nii.gz,ct_files/P0101_ct_C2.nii.gz,ct_files/P0101_ct_C3.nii.gz,ct_files/P0101_ct_P.nii.gz,mask_files/P0101_mask_C1.nii.gz,mask_files/P0101_mask_C2.nii.gz,mask_files/P0101_mask_C3.nii.gz,ICC,52,male
P0102,ct_files/P0102_ct_C1.nii.gz,ct_files/P0102_ct_C2.nii.gz,ct_files/P0102_ct_C3.nii.gz,ct_files/P0102_ct_P.nii.gz,mask_files/P0102_mask_C1.nii.gz,mask_files/P0102_mask_C2.nii.gz,mask_files/P0102_mask_C3.nii.gz,ICC,67,female
P0103,ct_files/P0103_ct_C1.nii.gz,ct_files/P0103_ct_C2.nii.gz,ct_files/P0103_ct_C3.nii.gz,ct_files/P0103_ct_P.nii.gz,mask_files/P0103_mask_C1.nii.gz,mask_files/P0103_mask_C2.nii.gz,mask_files/P0103_mask_C3.nii.gz,ICC,80,female
P0104,ct_files/P0104_ct_C1.nii.gz,ct_files/P0104_ct_C2.nii.gz,ct_files/P0104_ct_C3.nii.gz,ct_files/P0104_ct_P.nii.gz,mask_files/P0104_mask_C1.nii.gz,mask_files/P0104_mask_C2.nii.gz,mask_files/P0104_mask_C3.nii.gz,ICC,71,male
P0105,ct_files/P0105_ct_C1.nii.gz,ct_files/P0105_ct_C2.nii.gz,ct_files/P0105_ct_C3.nii.gz,ct_files/P0105_ct_P.nii.gz,mask_files/P0105_mask_C1.nii.gz,mask_files/P0105_mask_C2.nii.gz,mask_files/P0105_mask_C3.nii.gz,ICC,76,male
P0106,ct_files/P0106_ct_C1.nii.gz,ct_files/P0106_ct_C2.nii.gz,ct_files/P0106_ct_C3.nii.gz,ct_files/P0106_ct_P.nii.gz,mask_files/P0106_mask_C1.nii.gz,mask_files/P0106_mask_C2.nii.gz,mask_files/P0106_mask_C3.nii.gz,ICC,59,male
P0107,ct_files/P0107_ct_C1.nii.gz,ct_files/P0107_ct_C2.nii.gz,ct_files/P0107_ct_C3.nii.gz,ct_files/P0107_ct_P.nii.gz,mask_files/P0107_mask_C1.nii.gz,mask_files/P0107_mask_C2.nii.gz,mask_files/P0107_mask_C3.nii.gz,ICC,73,male
P0108,ct_files/P0108_ct_C1.nii.gz,ct_files/P0108_ct_C2.nii.gz,ct_files/P0108_ct_C3.nii.gz,ct_files/P0108_ct_P.nii.gz,mask_files/P0108_mask_C1.nii.gz,mask_files/P0108_mask_C2.nii.gz,mask_files/P0108_mask_C3.nii.gz,ICC,72,female
P0109,ct_files/P0109_ct_C1.nii.gz,ct_files/P0109_ct_C2.nii.gz,ct_files/P0109_ct_C3.nii.gz,ct_files/P0109_ct_P.nii.gz,mask_files/P0109_mask_C1.nii.gz,mask_files/P0109_mask_C2.nii.gz,mask_files/P0109_mask_C3.nii.gz,ICC,61,male
P0110,ct_files/P0110_ct_C1.nii.gz,ct_files/P0110_ct_C2.nii.gz,ct_files/P0110_ct_C3.nii.gz,ct_files/P0110_ct_P.nii.gz,mask_files/P0110_mask_C1.nii.gz,mask_files/P0110_mask_C2.nii.gz,mask_files/P0110_mask_C3.nii.gz,ICC,69,female
P0111,ct_files/P0111_ct_C1.nii.gz,ct_files/P0111_ct_C2.nii.gz,ct_files/P0111_ct_C3.nii.gz,ct_files/P0111_ct_P.nii.gz,mask_files/P0111_mask_C1.nii.gz,mask_files/P0111_mask_C2.nii.gz,mask_files/P0111_mask_C3.nii.gz,ICC,42,female
P0112,ct_files/P0112_ct_C1.nii.gz,ct_files/P0112_ct_C2.nii.gz,ct_files/P0112_ct_C3.nii.gz,ct_files/P0112_ct_P.nii.gz,mask_files/P0112_mask_C1.nii.gz,mask_files/P0112_mask_C2.nii.gz,mask_files/P0112_mask_C3.nii.gz,ICC,69,female
P0113,ct_files/P0113_ct_C1.nii.gz,ct_files/P0113_ct_C2.nii.gz,ct_files/P0113_ct_C3.nii.gz,ct_files/P0113_ct_P.nii.gz,mask_files/P0113_mask_C1.nii.gz,mask_files/P0113_mask_C2.nii.gz,mask_files/P0113_mask_C3.nii.gz,ICC,62,male
P0114,ct_files/P0114_ct_C1.nii.gz,ct_files/P0114_ct_C2.nii.gz,ct_files/P0114_ct_C3.nii.gz,ct_files/P0114_ct_P.nii.gz,mask_files/P0114_mask_C1.nii.gz,mask_files/P0114_mask_C2.nii.gz,mask_files/P0114_mask_C3.nii.gz,ICC,49,male
P0115,ct_files/P0115_ct_C1.nii.gz,ct_files/P0115_ct_C2.nii.gz,ct_files/P0115_ct_C3.nii.gz,ct_files/P0115_ct_P.nii.gz,mask_files/P0115_mask_C1.nii.gz,mask_files/P0115_mask_C2.nii.gz,mask_files/P0115_mask_C3.nii.gz,ICC,50,female
P0116,ct_files/P0116_ct_C1.nii.gz,ct_files/P0116_ct_C2.nii.gz,ct_files/P0116_ct_C3.nii.gz,ct_files/P0116_ct_P.nii.gz,mask_files/P0116_mask_C1.nii.gz,mask_files/P0116_mask_C2.nii.gz,mask_files/P0116_mask_C3.nii.gz,ICC,72,female
P0117,ct_files/P0117_ct_C1.nii.gz,ct_files/P0117_ct_C2.nii.gz,ct_files/P0117_ct_C3.nii.gz,ct_files/P0117_ct_P.nii.gz,mask_files/P0117_mask_C1.nii.gz,mask_files/P0117_mask_C2.nii.gz,mask_files/P0117_mask_C3.nii.gz,ICC,46,female
P0118,ct_files/P0118_ct_C1.nii.gz,ct_files/P0118_ct_C2.nii.gz,ct_files/P0118_ct_C3.nii.gz,ct_files/P0118_ct_P.nii.gz,mask_files/P0118_mask_C1.nii.gz,mask_files/P0118_mask_C2.nii.gz,mask_files/P0118_mask_C3.nii.gz,ICC,,
P0119,ct_files/P0119_ct_C1.nii.gz,ct_files/P0119_ct_C2.nii.gz,ct_files/P0119_ct_C3.nii.gz,ct_files/P0119_ct_P.nii.gz,mask_files/P0119_mask_C1.nii.gz,mask_files/P0119_mask_C2.nii.gz,mask_files/P0119_mask_C3.nii.gz,ICC,80,male
P0120,ct_files/P0120_ct_C1.nii.gz,ct_files/P0120_ct_C2.nii.gz,ct_files/P0120_ct_C3.nii.gz,ct_files/P0120_ct_P.nii.gz,mask_files/P0120_mask_C1.nii.gz,mask_files/P0120_mask_C2.nii.gz,mask_files/P0120_mask_C3.nii.gz,ICC,51,male
P0121,ct_files/P0121_ct_C1.nii.gz,ct_files/P0121_ct_C2.nii.gz,ct_files/P0121_ct_C3.nii.gz,ct_files/P0121_ct_P.nii.gz,mask_files/P0121_mask_C1.nii.gz,mask_files/P0121_mask_C2.nii.gz,mask_files/P0121_mask_C3.nii.gz,ICC,57,male
P0122,ct_files/P0122_ct_C1.nii.gz,ct_files/P0122_ct_C2.nii.gz,ct_files/P0122_ct_C3.nii.gz,ct_files/P0122_ct_P.nii.gz,mask_files/P0122_mask_C1.nii.gz,mask_files/P0122_mask_C2.nii.gz,mask_files/P0122_mask_C3.nii.gz,ICC,54,male
P0123,ct_files/P0123_ct_C1.nii.gz,ct_files/P0123_ct_C2.nii.gz,ct_files/P0123_ct_C3.nii.gz,ct_files/P0123_ct_P.nii.gz,mask_files/P0123_mask_C1.nii.gz,mask_files/P0123_mask_C2.nii.gz,mask_files/P0123_mask_C3.nii.gz,ICC,68,female
P0124,ct_files/P0124_ct_C1.nii.gz,ct_files/P0124_ct_C2.nii.gz,ct_files/P0124_ct_C3.nii.gz,ct_files/P0124_ct_P.nii.gz,mask_files/P0124_mask_C1.nii.gz,mask_files/P0124_mask_C2.nii.gz,mask_files/P0124_mask_C3.nii.gz,ICC,83,male
P0125,ct_files/P0125_ct_C1.nii.gz,ct_files/P0125_ct_C2.nii.gz,ct_files/P0125_ct_C3.nii.gz,ct_files/P0125_ct_P.nii.gz,mask_files/P0125_mask_C1.nii.gz,mask_files/P0125_mask_C2.nii.gz,mask_files/P0125_mask_C3.nii.gz,ICC,71,female
P0126,ct_files/P0126_ct_C1.nii.gz,ct_files/P0126_ct_C2.nii.gz,ct_files/P0126_ct_C3.nii.gz,ct_files/P0126_ct_P.nii.gz,mask_files/P0126_mask_C1.nii.gz,mask_files/P0126_mask_C2.nii.gz,mask_files/P0126_mask_C3.nii.gz,ICC,78,male
P0127,ct_files/P0127_ct_C1.nii.gz,ct_files/P0127_ct_C2.nii.gz,ct_files/P0127_ct_C3.nii.gz,ct_files/P0127_ct_P.nii.gz,mask_files/P0127_mask_C1.nii.gz,mask_files/P0127_mask_C2.nii.gz,mask_files/P0127_mask_C3.nii.gz,ICC,43,male
P0128,ct_files/P0128_ct_C1.nii.gz,ct_files/P0128_ct_C2.nii.gz,ct_files/P0128_ct_C3.nii.gz,ct_files/P0128_ct_P.nii.gz,mask_files/P0128_mask_C1.nii.gz,mask_files/P0128_mask_C2.nii.gz,mask_files/P0128_mask_C3.nii.gz,ICC,86,female
P0129,ct_files/P0129_ct_C1.nii.gz,ct_files/P0129_ct_C2.nii.gz,ct_files/P0129_ct_C3.nii.gz,ct_files/P0129_ct_P.nii.gz,mask_files/P0129_mask_C1.nii.gz,mask_files/P0129_mask_C2.nii.gz,mask_files/P0129_mask_C3.nii.gz,ICC,51,female
P0130,ct_files/P0130_ct_C1.nii.gz,ct_files/P0130_ct_C2.nii.gz,ct_files/P0130_ct_C3.nii.gz,ct_files/P0130_ct_P.nii.gz,mask_files/P0130_mask_C1.nii.gz,mask_files/P0130_mask_C2.nii.gz,mask_files/P0130_mask_C3.nii.gz,ICC,41,female
P0131,ct_files/P0131_ct_C1.nii.gz,ct_files/P0131_ct_C2.nii.gz,ct_files/P0131_ct_C3.nii.gz,ct_files/P0131_ct_P.nii.gz,mask_files/P0131_mask_C1.nii.gz,mask_files/P0131_mask_C2.nii.gz,mask_files/P0131_mask_C3.nii.gz,ICC,60,male
P0132,ct_files/P0132_ct_C1.nii.gz,ct_files/P0132_ct_C2.nii.gz,ct_files/P0132_ct_C3.nii.gz,ct_files/P0132_ct_P.nii.gz,mask_files/P0132_mask_C1.nii.gz,mask_files/P0132_mask_C2.nii.gz,mask_files/P0132_mask_C3.nii.gz,ICC,56,female
P0133,ct_files/P0133_ct_C1.nii.gz,ct_files/P0133_ct_C2.nii.gz,ct_files/P0133_ct_C3.nii.gz,ct_files/P0133_ct_P.nii.gz,mask_files/P0133_mask_C1.nii.gz,mask_files/P0133_mask_C2.nii.gz,mask_files/P0133_mask_C3.nii.gz,ICC,68,male
P0134,ct_files/P0134_ct_C1.nii.gz,ct_files/P0134_ct_C2.nii.gz,ct_files/P0134_ct_C3.nii.gz,ct_files/P0134_ct_P.nii.gz,mask_files/P0134_mask_C1.nii.gz,mask_files/P0134_mask_C2.nii.gz,mask_files/P0134_mask_C3.nii.gz,ICC,71,male
P0135,ct_files/P0135_ct_C1.nii.gz,ct_files/P0135_ct_C2.nii.gz,ct_files/P0135_ct_C3.nii.gz,ct_files/P0135_ct_P.nii.gz,mask_files/P0135_mask_C1.nii.gz,mask_files/P0135_mask_C2.nii.gz,mask_files/P0135_mask_C3.nii.gz,ICC,72,male
P0136,ct_files/P0136_ct_C1.nii.gz,ct_files/P0136_ct_C2.nii.gz,ct_files/P0136_ct_C3.nii.gz,ct_files/P0136_ct_P.nii.gz,mask_files/P0136_mask_C1.nii.gz,mask_files/P0136_mask_C2.nii.gz,mask_files/P0136_mask_C3.nii.gz,ICC,74,female
P0137,ct_files/P0137_ct_C1.nii.gz,ct_files/P0137_ct_C2.nii.gz,ct_files/P0137_ct_C3.nii.gz,ct_files/P0137_ct_P.nii.gz,mask_files/P0137_mask_C1.nii.gz,mask_files/P0137_mask_C2.nii.gz,mask_files/P0137_mask_C3.nii.gz,ICC,44,female
P0138,ct_files/P0138_ct_C1.nii.gz,ct_files/P0138_ct_C2.nii.gz,ct_files/P0138_ct_C3.nii.gz,ct_files/P0138_ct_P.nii.gz,mask_files/P0138_mask_C1.nii.gz,mask_files/P0138_mask_C2.nii.gz,mask_files/P0138_mask_C3.nii.gz,ICC,,
P0139,ct_files/P0139_ct_C1.nii.gz,ct_files/P0139_ct_C2.nii.gz,ct_files/P0139_ct_C3.nii.gz,ct_files/P0139_ct_P.nii.gz,mask_files/P0139_mask_C1.nii.gz,mask_files/P0139_mask_C2.nii.gz,mask_files/P0139_mask_C3.nii.gz,ICC,55,female
P0140,ct_files/P0140_ct_C1.nii.gz,ct_files/P0140_ct_C2.nii.gz,ct_files/P0140_ct_C3.nii.gz,ct_files/P0140_ct_P.nii.gz,mask_files/P0140_mask_C1.nii.gz,mask_files/P0140_mask_C2.nii.gz,mask_files/P0140_mask_C3.nii.gz,ICC,78,male
P0141,ct_files/P0141_ct_C1.nii.gz,ct_files/P0141_ct_C2.nii.gz,ct_files/P0141_ct_C3.nii.gz,ct_files/P0141_ct_P.nii.gz,mask_files/P0141_mask_C1.nii.gz,mask_files/P0141_mask_C2.nii.gz,mask_files/P0141_mask_C3.nii.gz,ICC,58,male
P0142,ct_files/P0142_ct_C1.nii.gz,ct_files/P0142_ct_C2.nii.gz,ct_files/P0142_ct_C3.nii.gz,ct_files/P0142_ct_P.nii.gz,mask_files/P0142_mask_C1.nii.gz,mask_files/P0142_mask_C2.nii.gz,mask_files/P0142_mask_C3.nii.gz,ICC,53,male
P0143,ct_files/P0143_ct_C1.nii.gz,ct_files/P0143_ct_C2.nii.gz,ct_files/P0143_ct_C3.nii.gz,ct_files/P0143_ct_P.nii.gz,mask_files/P0143_mask_C1.nii.gz,mask_files/P0143_mask_C2.nii.gz,mask_files/P0143_mask_C3.nii.gz,ICC,55,female
P0144,ct_files/P0144_ct_C1.nii.gz,ct_files/P0144_ct_C2.nii.gz,ct_files/P0144_ct_C3.nii.gz,ct_files/P0144_ct_P.nii.gz,mask_files/P0144_mask_C1.nii.gz,mask_files/P0144_mask_C2.nii.gz,mask_files/P0144_mask_C3.nii.gz,ICC,70,female
P0145,ct_files/P0145_ct_C1.nii.gz,ct_files/P0145_ct_C2.nii.gz,ct_files/P0145_ct_C3.nii.gz,ct_files/P0145_ct_P.nii.gz,mask_files/P0145_mask_C1.nii.gz,mask_files/P0145_mask_C2.nii.gz,mask_files/P0145_mask_C3.nii.gz,ICC,52,female
P0146,ct_files/P0146_ct_C1.nii.gz,ct_files/P0146_ct_C2.nii.gz,ct_files/P0146_ct_C3.nii.gz,ct_files/P0146_ct_P.nii.gz,mask_files/P0146_mask_C1.nii.gz,mask_files/P0146_mask_C2.nii.gz,mask_files/P0146_mask_C3.nii.gz,ICC,39,male
P0147,ct_files/P0147_ct_C1.nii.gz,ct_files/P0147_ct_C2.nii.gz,ct_files/P0147_ct_C3.nii.gz,ct_files/P0147_ct_P.nii.gz,mask_files/P0147_mask_C1.nii.gz,mask_files/P0147_mask_C2.nii.gz,mask_files/P0147_mask_C3.nii.gz,ICC,67,female
P0148,ct_files/P0148_ct_C1.nii.gz,ct_files/P0148_ct_C2.nii.gz,ct_files/P0148_ct_C3.nii.gz,ct_files/P0148_ct_P.nii.gz,mask_files/P0148_mask_C1.nii.gz,mask_files/P0148_mask_C2.nii.gz,mask_files/P0148_mask_C3.nii.gz,ICC,58,male
P0149,ct_files/P0149_ct_C1.nii.gz,ct_files/P0149_ct_C2.nii.gz,ct_files/P0149_ct_C3.nii.gz,ct_files/P0149_ct_P.nii.gz,mask_files/P0149_mask_C1.nii.gz,mask_files/P0149_mask_C2.nii.gz,mask_files/P0149_mask_C3.nii.gz,ICC,60,female
P0150,ct_files/P0150_ct_C1.nii.gz,ct_files/P0150_ct_C2.nii.gz,ct_files/P0150_ct_C3.nii.gz,ct_files/P0150_ct_P.nii.gz,mask_files/P0150_mask_C1.nii.gz,mask_files/P0150_mask_C2.nii.gz,mask_files/P0150_mask_C3.nii.gz,ICC,59,female
P0151,ct_files/P0151_ct_C1.nii.gz,ct_files/P0151_ct_C2.nii.gz,ct_files/P0151_ct_C3.nii.gz,ct_files/P0151_ct_P.nii.gz,mask_files/P0151_mask_C1.nii.gz,mask_files/P0151_mask_C2.nii.gz,mask_files/P0151_mask_C3.nii.gz,ICC,72,female
P0152,ct_files/P0152_ct_C1.nii.gz,ct_files/P0152_ct_C2.nii.gz,ct_files/P0152_ct_C3.nii.gz,ct_files/P0152_ct_P.nii.gz,mask_files/P0152_mask_C1.nii.gz,mask_files/P0152_mask_C2.nii.gz,mask_files/P0152_mask_C3.nii.gz,ICC,71,female
P0153,ct_files/P0153_ct_C1.nii.gz,ct_files/P0153_ct_C2.nii.gz,ct_files/P0153_ct_C3.nii.gz,ct_files/P0153_ct_P.nii.gz,mask_files/P0153_mask_C1.nii.gz,mask_files/P0153_mask_C2.nii.gz,mask_files/P0153_mask_C3.nii.gz,ICC,47,male
P0154,ct_files/P0154_ct_C1.nii.gz,ct_files/P0154_ct_C2.nii.gz,ct_files/P0154_ct_C3.nii.gz,ct_files/P0154_ct_P.nii.gz,mask_files/P0154_mask_C1.nii.gz,mask_files/P0154_mask_C2.nii.gz,mask_files/P0154_mask_C3.nii.gz,ICC,61,male
P0155,ct_files/P0155_ct_C1.nii.gz,ct_files/P0155_ct_C2.nii.gz,ct_files/P0155_ct_C3.nii.gz,ct_files/P0155_ct_P.nii.gz,mask_files/P0155_mask_C1.nii.gz,mask_files/P0155_mask_C2.nii.gz,mask_files/P0155_mask_C3.nii.gz,ICC,,
P0156,ct_files/P0156_ct_C1.nii.gz,ct_files/P0156_ct_C2.nii.gz,ct_files/P0156_ct_C3.nii.gz,ct_files/P0156_ct_P.nii.gz,mask_files/P0156_mask_C1.nii.gz,mask_files/P0156_mask_C2.nii.gz,mask_files/P0156_mask_C3.nii.gz,ICC,72,male
P0157,ct_files/P0157_ct_C1.nii.gz,ct_files/P0157_ct_C2.nii.gz,ct_files/P0157_ct_C3.nii.gz,ct_files/P0157_ct_P.nii.gz,mask_files/P0157_mask_C1.nii.gz,mask_files/P0157_mask_C2.nii.gz,mask_files/P0157_mask_C3.nii.gz,ICC,76,male
P0158,ct_files/P0158_ct_C1.nii.gz,ct_files/P0158_ct_C2.nii.gz,ct_files/P0158_ct_C3.nii.gz,ct_files/P0158_ct_P.nii.gz,mask_files/P0158_mask_C1.nii.gz,mask_files/P0158_mask_C2.nii.gz,mask_files/P0158_mask_C3.nii.gz,ICC,63,male
P0159,ct_files/P0159_ct_C1.nii.gz,ct_files/P0159_ct_C2.nii.gz,ct_files/P0159_ct_C3.nii.gz,ct_files/P0159_ct_P.nii.gz,mask_files/P0159_mask_C1.nii.gz,mask_files/P0159_mask_C2.nii.gz,mask_files/P0159_mask_C3.nii.gz,ICC,67,male
P0160,ct_files/P0160_ct_C1.nii.gz,ct_files/P0160_ct_C2.nii.gz,ct_files/P0160_ct_C3.nii.gz,ct_files/P0160_ct_P.nii.gz,mask_files/P0160_mask_C1.nii.gz,mask_files/P0160_mask_C2.nii.gz,mask_files/P0160_mask_C3.nii.gz,ICC,71,female
P0161,ct_files/P0161_ct_C1.nii.gz,ct_files/P0161_ct_C2.nii.gz,ct_files/P0161_ct_C3.nii.gz,ct_files/P0161_ct_P.nii.gz,mask_files/P0161_mask_C1.nii.gz,mask_files/P0161_mask_C2.nii.gz,mask_files/P0161_mask_C3.nii.gz,ICC,68,male
P0162,ct_files/P0162_ct_C1.nii.gz,ct_files/P0162_ct_C2.nii.gz,ct_files/P0162_ct_C3.nii.gz,ct_files/P0162_ct_P.nii.gz,mask_files/P0162_mask_C1.nii.gz,mask_files/P0162_mask_C2.nii.gz,mask_files/P0162_mask_C3.nii.gz,ICC,55,male
P0163,ct_files/P0163_ct_C1.nii.gz,ct_files/P0163_ct_C2.nii.gz,ct_files/P0163_ct_C3.nii.gz,ct_files/P0163_ct_P.nii.gz,mask_files/P0163_mask_C1.nii.gz,mask_files/P0163_mask_C2.nii.gz,mask_files/P0163_mask_C3.nii.gz,ICC,77,male
P0164,ct_files/P0164_ct_C1.nii.gz,ct_files/P0164_ct_C2.nii.gz,ct_files/P0164_ct_C3.nii.gz,ct_files/P0164_ct_P.nii.gz,mask_files/P0164_mask_C1.nii.gz,mask_files/P0164_mask_C2.nii.gz,mask_files/P0164_mask_C3.nii.gz,ICC,70,female
P0165,ct_files/P0165_ct_C1.nii.gz,ct_files/P0165_ct_C2.nii.gz,ct_files/P0165_ct_C3.nii.gz,ct_files/P0165_ct_P.nii.gz,mask_files/P0165_mask_C1.nii.gz,mask_files/P0165_mask_C2.nii.gz,mask_files/P0165_mask_C3.nii.gz,ICC,44,male
P0166,ct_files/P0166_ct_C1.nii.gz,ct_files/P0166_ct_C2.nii.gz,ct_files/P0166_ct_C3.nii.gz,ct_files/P0166_ct_P.nii.gz,mask_files/P0166_mask_C1.nii.gz,mask_files/P0166_mask_C2.nii.gz,mask_files/P0166_mask_C3.nii.gz,ICC,59,female
P0167,ct_files/P0167_ct_C1.nii.gz,ct_files/P0167_ct_C2.nii.gz,ct_files/P0167_ct_C3.nii.gz,ct_files/P0167_ct_P.nii.gz,mask_files/P0167_mask_C1.nii.gz,mask_files/P0167_mask_C2.nii.gz,mask_files/P0167_mask_C3.nii.gz,ICC,65,female
P0168,ct_files/P0168_ct_C1.nii.gz,ct_files/P0168_ct_C2.nii.gz,ct_files/P0168_ct_C3.nii.gz,ct_files/P0168_ct_P.nii.gz,mask_files/P0168_mask_C1.nii.gz,mask_files/P0168_mask_C2.nii.gz,mask_files/P0168_mask_C3.nii.gz,ICC,63,female
P0169,ct_files/P0169_ct_C1.nii.gz,ct_files/P0169_ct_C2.nii.gz,ct_files/P0169_ct_C3.nii.gz,ct_files/P0169_ct_P.nii.gz,mask_files/P0169_mask_C1.nii.gz,mask_files/P0169_mask_C2.nii.gz,mask_files/P0169_mask_C3.nii.gz,ICC,51,male
P0170,ct_files/P0170_ct_C1.nii.gz,ct_files/P0170_ct_C2.nii.gz,ct_files/P0170_ct_C3.nii.gz,ct_files/P0170_ct_P.nii.gz,mask_files/P0170_mask_C1.nii.gz,mask_files/P0170_mask_C2.nii.gz,mask_files/P0170_mask_C3.nii.gz,ICC,51,male
P0171,ct_files/P0171_ct_C1.nii.gz,ct_files/P0171_ct_C2.nii.gz,ct_files/P0171_ct_C3.nii.gz,ct_files/P0171_ct_P.nii.gz,mask_files/P0171_mask_C1.nii.gz,mask_files/P0171_mask_C2.nii.gz,mask_files/P0171_mask_C3.nii.gz,ICC,77,female
P0172,ct_files/P0172_ct_C1.nii.gz,ct_files/P0172_ct_C2.nii.gz,ct_files/P0172_ct_C3.nii.gz,ct_files/P0172_ct_P.nii.gz,mask_files/P0172_mask_C1.nii.gz,mask_files/P0172_mask_C2.nii.gz,mask_files/P0172_mask_C3.nii.gz,ICC,80,male
P0173,ct_files/P0173_ct_C1.nii.gz,ct_files/P0173_ct_C2.nii.gz,ct_files/P0173_ct_C3.nii.gz,ct_files/P0173_ct_P.nii.gz,mask_files/P0173_mask_C1.nii.gz,mask_files/P0173_mask_C2.nii.gz,mask_files/P0173_mask_C3.nii.gz,ICC,71,female
P0174,ct_files/P0174_ct_C1.nii.gz,ct_files/P0174_ct_C2.nii.gz,ct_files/P0174_ct_C3.nii.gz,ct_files/P0174_ct_P.nii.gz,mask_files/P0174_mask_C1.nii.gz,mask_files/P0174_mask_C2.nii.gz,mask_files/P0174_mask_C3.nii.gz,ICC,78,female
P0175,ct_files/P0175_ct_C1.nii.gz,ct_files/P0175_ct_C2.nii.gz,ct_files/P0175_ct_C3.nii.gz,ct_files/P0175_ct_P.nii.gz,mask_files/P0175_mask_C1.nii.gz,mask_files/P0175_mask_C2.nii.gz,mask_files/P0175_mask_C3.nii.gz,ICC,51,female
P0176,ct_files/P0176_ct_C1.nii.gz,ct_files/P0176_ct_C2.nii.gz,ct_files/P0176_ct_C3.nii.gz,ct_files/P0176_ct_P.nii.gz,mask_files/P0176_mask_C1.nii.gz,mask_files/P0176_mask_C2.nii.gz,mask_files/P0176_mask_C3.nii.gz,ICC,57,male
P0177,ct_files/P0177_ct_C1.nii.gz,ct_files/P0177_ct_C2.nii.gz,ct_files/P0177_ct_C3.nii.gz,ct_files/P0177_ct_P.nii.gz,mask_files/P0177_mask_C1.nii.gz,mask_files/P0177_mask_C2.nii.gz,mask_files/P0177_mask_C3.nii.gz,ICC,55,female
P0178,ct_files/P0178_ct_C1.nii.gz,ct_files/P0178_ct_C2.nii.gz,ct_files/P0178_ct_C3.nii.gz,ct_files/P0178_ct_P.nii.gz,mask_files/P0178_mask_C1.nii.gz,mask_files/P0178_mask_C2.nii.gz,mask_files/P0178_mask_C3.nii.gz,ICC,69,female
P0179,ct_files/P0179_ct_C1.nii.gz,ct_files/P0179_ct_C2.nii.gz,ct_files/P0179_ct_C3.nii.gz,ct_files/P0179_ct_P.nii.gz,mask_files/P0179_mask_C1.nii.gz,mask_files/P0179_mask_C2.nii.gz,mask_files/P0179_mask_C3.nii.gz,ICC,49,male
P0180,ct_files/P0180_ct_C1.nii.gz,ct_files/P0180_ct_C2.nii.gz,ct_files/P0180_ct_C3.nii.gz,ct_files/P0180_ct_P.nii.gz,mask_files/P0180_mask_C1.nii.gz,mask_files/P0180_mask_C2.nii.gz,mask_files/P0180_mask_C3.nii.gz,ICC,59,male
P0181,ct_files/P0181_ct_C1.nii.gz,ct_files/P0181_ct_C2.nii.gz,ct_files/P0181_ct_C3.nii.gz,ct_files/P0181_ct_P.nii.gz,mask_files/P0181_mask_C1.nii.gz,mask_files/P0181_mask_C2.nii.gz,mask_files/P0181_mask_C3.nii.gz,ICC,77,male
P0182,ct_files/P0182_ct_C1.nii.gz,ct_files/P0182_ct_C2.nii.gz,ct_files/P0182_ct_C3.nii.gz,ct_files/P0182_ct_P.nii.gz,mask_files/P0182_mask_C1.nii.gz,mask_files/P0182_mask_C2.nii.gz,mask_files/P0182_mask_C3.nii.gz,ICC,47,female
P0183,ct_files/P0183_ct_C1.nii.gz,ct_files/P0183_ct_C2.nii.gz,ct_files/P0183_ct_C3.nii.gz,ct_files/P0183_ct_P.nii.gz,mask_files/P0183_mask_C1.nii.gz,mask_files/P0183_mask_C2.nii.gz,mask_files/P0183_mask_C3.nii.gz,ICC,62,male
P0184,ct_files/P0184_ct_C1.nii.gz,ct_files/P0184_ct_C2.nii.gz,ct_files/P0184_ct_C3.nii.gz,ct_files/P0184_ct_P.nii.gz,mask_files/P0184_mask_C1.nii.gz,mask_files/P0184_mask_C2.nii.gz,mask_files/P0184_mask_C3.nii.gz,ICC,68,male
P0185,ct_files/P0185_ct_C1.nii.gz,ct_files/P0185_ct_C2.nii.gz,ct_files/P0185_ct_C3.nii.gz,ct_files/P0185_ct_P.nii.gz,mask_files/P0185_mask_C1.nii.gz,mask_files/P0185_mask_C2.nii.gz,mask_files/P0185_mask_C3.nii.gz,ICC,74,male
P0186,ct_files/P0186_ct_C1.nii.gz,ct_files/P0186_ct_C2.nii.gz,ct_files/P0186_ct_C3.nii.gz,ct_files/P0186_ct_P.nii.gz,mask_files/P0186_mask_C1.nii.gz,mask_files/P0186_mask_C2.nii.gz,mask_files/P0186_mask_C3.nii.gz,ICC,65,male
P0187,ct_files/P0187_ct_C1.nii.gz,ct_files/P0187_ct_C2.nii.gz,ct_files/P0187_ct_C3.nii.gz,ct_files/P0187_ct_P.nii.gz,mask_files/P0187_mask_C1.nii.gz,mask_files/P0187_mask_C2.nii.gz,mask_files/P0187_mask_C3.nii.gz,ICC,67,female
P0188,ct_files/P0188_ct_C1.nii.gz,ct_files/P0188_ct_C2.nii.gz,ct_files/P0188_ct_C3.nii.gz,ct_files/P0188_ct_P.nii.gz,mask_files/P0188_mask_C1.nii.gz,mask_files/P0188_mask_C2.nii.gz,mask_files/P0188_mask_C3.nii.gz,ICC,67,male
P0189,ct_files/P0189_ct_C1.nii.gz,ct_files/P0189_ct_C2.nii.gz,ct_files/P0189_ct_C3.nii.gz,ct_files/P0189_ct_P.nii.gz,mask_files/P0189_mask_C1.nii.gz,mask_files/P0189_mask_C2.nii.gz,mask_files/P0189_mask_C3.nii.gz,ICC,84,male
P0190,ct_files/P0190_ct_C1.nii.gz,ct_files/P0190_ct_C2.nii.gz,ct_files/P0190_ct_C3.nii.gz,ct_files/P0190_ct_P.nii.gz,mask_files/P0190_mask_C1.nii.gz,mask_files/P0190_mask_C2.nii.gz,mask_files/P0190_mask_C3.nii.gz,ICC,74,male
P0191,ct_files/P0191_ct_C1.nii.gz,ct_files/P0191_ct_C2.nii.gz,ct_files/P0191_ct_C3.nii.gz,ct_files/P0191_ct_P.nii.gz,mask_files/P0191_mask_C1.nii.gz,mask_files/P0191_mask_C2.nii.gz,mask_files/P0191_mask_C3.nii.gz,ICC,60,female
P0192,ct_files/P0192_ct_C1.nii.gz,ct_files/P0192_ct_C2.nii.gz,ct_files/P0192_ct_C3.nii.gz,ct_files/P0192_ct_P.nii.gz,mask_files/P0192_mask_C1.nii.gz,mask_files/P0192_mask_C2.nii.gz,mask_files/P0192_mask_C3.nii.gz,ICC,71,male
P0193,ct_files/P0193_ct_C1.nii.gz,ct_files/P0193_ct_C2.nii.gz,ct_files/P0193_ct_C3.nii.gz,ct_files/P0193_ct_P.nii.gz,mask_files/P0193_mask_C1.nii.gz,mask_files/P0193_mask_C2.nii.gz,mask_files/P0193_mask_C3.nii.gz,ICC,66,male
P0194,ct_files/P0194_ct_C1.nii.gz,ct_files/P0194_ct_C2.nii.gz,ct_files/P0194_ct_C3.nii.gz,ct_files/P0194_ct_P.nii.gz,mask_files/P0194_mask_C1.nii.gz,mask_files/P0194_mask_C2.nii.gz,mask_files/P0194_mask_C3.nii.gz,CHCC,47,female
P0195,ct_files/P0195_ct_C1.nii.gz,ct_files/P0195_ct_C2.nii.gz,ct_files/P0195_ct_C3.nii.gz,ct_files/P0195_ct_P.nii.gz,mask_files/P0195_mask_C1.nii.gz,mask_files/P0195_mask_C2.nii.gz,mask_files/P0195_mask_C3.nii.gz,CHCC,62,male
P0196,ct_files/P0196_ct_C1.nii.gz,ct_files/P0196_ct_C2.nii.gz,ct_files/P0196_ct_C3.nii.gz,ct_files/P0196_ct_P.nii.gz,mask_files/P0196_mask_C1.nii.gz,mask_files/P0196_mask_C2.nii.gz,mask_files/P0196_mask_C3.nii.gz,CHCC,41,male
P0197,ct_files/P0197_ct_C1.nii.gz,ct_files/P0197_ct_C2.nii.gz,ct_files/P0197_ct_C3.nii.gz,ct_files/P0197_ct_P.nii.gz,mask_files/P0197_mask_C1.nii.gz,mask_files/P0197_mask_C2.nii.gz,mask_files/P0197_mask_C3.nii.gz,CHCC,50,female
P0198,ct_files/P0198_ct_C1.nii.gz,ct_files/P0198_ct_C2.nii.gz,ct_files/P0198_ct_C3.nii.gz,ct_files/P0198_ct_P.nii.gz,mask_files/P0198_mask_C1.nii.gz,mask_files/P0198_mask_C2.nii.gz,mask_files/P0198_mask_C3.nii.gz,CHCC,51,male
P0199,ct_files/P0199_ct_C1.nii.gz,ct_files/P0199_ct_C2.nii.gz,ct_files/P0199_ct_C3.nii.gz,ct_files/P0199_ct_P.nii.gz,mask_files/P0199_mask_C1.nii.gz,mask_files/P0199_mask_C2.nii.gz,mask_files/P0199_mask_C3.nii.gz,CHCC,53,male
P0200,ct_files/P0200_ct_C1.nii.gz,ct_files/P0200_ct_C2.nii.gz,ct_files/P0200_ct_C3.nii.gz,ct_files/P0200_ct_P.nii.gz,mask_files/P0200_mask_C1.nii.gz,mask_files/P0200_mask_C2.nii.gz,mask_files/P0200_mask_C3.nii.gz,CHCC,54,male
P0201,ct_files/P0201_ct_C1.nii.gz,ct_files/P0201_ct_C2.nii.gz,ct_files/P0201_ct_C3.nii.gz,ct_files/P0201_ct_P.nii.gz,mask_files/P0201_mask_C1.nii.gz,mask_files/P0201_mask_C2.nii.gz,mask_files/P0201_mask_C3.nii.gz,CHCC,53,male
P0202,ct_files/P0202_ct_C1.nii.gz,ct_files/P0202_ct_C2.nii.gz,ct_files/P0202_ct_C3.nii.gz,ct_files/P0202_ct_P.nii.gz,mask_files/P0202_mask_C1.nii.gz,mask_files/P0202_mask_C2.nii.gz,mask_files/P0202_mask_C3.nii.gz,CHCC,61,male
P0203,ct_files/P0203_ct_C1.nii.gz,ct_files/P0203_ct_C2.nii.gz,ct_files/P0203_ct_C3.nii.gz,ct_files/P0203_ct_P.nii.gz,mask_files/P0203_mask_C1.nii.gz,mask_files/P0203_mask_C2.nii.gz,mask_files/P0203_mask_C3.nii.gz,CHCC,67,female
P0204,ct_files/P0204_ct_C1.nii.gz,ct_files/P0204_ct_C2.nii.gz,ct_files/P0204_ct_C3.nii.gz,ct_files/P0204_ct_P.nii.gz,mask_files/P0204_mask_C1.nii.gz,mask_files/P0204_mask_C2.nii.gz,mask_files/P0204_mask_C3.nii.gz,CHCC,69,female
P0205,ct_files/P0205_ct_C1.nii.gz,ct_files/P0205_ct_C2.nii.gz,ct_files/P0205_ct_C3.nii.gz,ct_files/P0205_ct_P.nii.gz,mask_files/P0205_mask_C1.nii.gz,mask_files/P0205_mask_C2.nii.gz,mask_files/P0205_mask_C3.nii.gz,CHCC,49,male
P0206,ct_files/P0206_ct_C1.nii.gz,ct_files/P0206_ct_C2.nii.gz,ct_files/P0206_ct_C3.nii.gz,ct_files/P0206_ct_P.nii.gz,mask_files/P0206_mask_C1.nii.gz,mask_files/P0206_mask_C2.nii.gz,mask_files/P0206_mask_C3.nii.gz,CHCC,39,male
P0207,ct_files/P0207_ct_C1.nii.gz,ct_files/P0207_ct_C2.nii.gz,ct_files/P0207_ct_C3.nii.gz,ct_files/P0207_ct_P.nii.gz,mask_files/P0207_mask_C1.nii.gz,mask_files/P0207_mask_C2.nii.gz,mask_files/P0207_mask_C3.nii.gz,CHCC,55,female
P0208,ct_files/P0208_ct_C1.nii.gz,ct_files/P0208_ct_C2.nii.gz,ct_files/P0208_ct_C3.nii.gz,ct_files/P0208_ct_P.nii.gz,mask_files/P0208_mask_C1.nii.gz,mask_files/P0208_mask_C2.nii.gz,mask_files/P0208_mask_C3.nii.gz,CHCC,57,female
P0209,ct_files/P0209_ct_C1.nii.gz,ct_files/P0209_ct_C2.nii.gz,ct_files/P0209_ct_C3.nii.gz,ct_files/P0209_ct_P.nii.gz,mask_files/P0209_mask_C1.nii.gz,mask_files/P0209_mask_C2.nii.gz,mask_files/P0209_mask_C3.nii.gz,CHCC,55,male
P0210,ct_files/P0210_ct_C1.nii.gz,ct_files/P0210_ct_C2.nii.gz,ct_files/P0210_ct_C3.nii.gz,ct_files/P0210_ct_P.nii.gz,mask_files/P0210_mask_C1.nii.gz,mask_files/P0210_mask_C2.nii.gz,mask_files/P0210_mask_C3.nii.gz,CHCC,62,male
P0211,ct_files/P0211_ct_C1.nii.gz,ct_files/P0211_ct_C2.nii.gz,ct_files/P0211_ct_C3.nii.gz,ct_files/P0211_ct_P.nii.gz,mask_files/P0211_mask_C1.nii.gz,mask_files/P0211_mask_C2.nii.gz,mask_files/P0211_mask_C3.nii.gz,CHCC,59,male
P0212,ct_files/P0212_ct_C1.nii.gz,ct_files/P0212_ct_C2.nii.gz,ct_files/P0212_ct_C3.nii.gz,ct_files/P0212_ct_P.nii.gz,mask_files/P0212_mask_C1.nii.gz,mask_files/P0212_mask_C2.nii.gz,mask_files/P0212_mask_C3.nii.gz,CHCC,56,female
P0213,ct_files/P0213_ct_C1.nii.gz,ct_files/P0213_ct_C2.nii.gz,ct_files/P0213_ct_C3.nii.gz,ct_files/P0213_ct_P.nii.gz,mask_files/P0213_mask_C1.nii.gz,mask_files/P0213_mask_C2.nii.gz,mask_files/P0213_mask_C3.nii.gz,CHCC,69,male
P0214,ct_files/P0214_ct_C1.nii.gz,ct_files/P0214_ct_C2.nii.gz,ct_files/P0214_ct_C3.nii.gz,ct_files/P0214_ct_P.nii.gz,mask_files/P0214_mask_C1.nii.gz,mask_files/P0214_mask_C2.nii.gz,mask_files/P0214_mask_C3.nii.gz,CHCC,54,male
P0215,ct_files/P0215_ct_C1.nii.gz,ct_files/P0215_ct_C2.nii.gz,ct_files/P0215_ct_C3.nii.gz,ct_files/P0215_ct_P.nii.gz,mask_files/P0215_mask_C1.nii.gz,mask_files/P0215_mask_C2.nii.gz,mask_files/P0215_mask_C3.nii.gz,CHCC,58,male
P0216,ct_files/P0216_ct_C1.nii.gz,ct_files/P0216_ct_C2.nii.gz,ct_files/P0216_ct_C3.nii.gz,ct_files/P0216_ct_P.nii.gz,mask_files/P0216_mask_C1.nii.gz,mask_files/P0216_mask_C2.nii.gz,mask_files/P0216_mask_C3.nii.gz,CHCC,57,male
P0217,ct_files/P0217_ct_C1.nii.gz,ct_files/P0217_ct_C2.nii.gz,ct_files/P0217_ct_C3.nii.gz,ct_files/P0217_ct_P.nii.gz,mask_files/P0217_mask_C1.nii.gz,mask_files/P0217_mask_C2.nii.gz,mask_files/P0217_mask_C3.nii.gz,CHCC,57,male
P0218,ct_files/P0218_ct_C1.nii.gz,ct_files/P0218_ct_C2.nii.gz,ct_files/P0218_ct_C3.nii.gz,ct_files/P0218_ct_P.nii.gz,mask_files/P0218_mask_C1.nii.gz,mask_files/P0218_mask_C2.nii.gz,mask_files/P0218_mask_C3.nii.gz,CHCC,45,male
P0219,ct_files/P0219_ct_C1.nii.gz,ct_files/P0219_ct_C2.nii.gz,ct_files/P0219_ct_C3.nii.gz,ct_files/P0219_ct_P.nii.gz,mask_files/P0219_mask_C1.nii.gz,mask_files/P0219_mask_C2.nii.gz,mask_files/P0219_mask_C3.nii.gz,CHCC,55,female
P0220,ct_files/P0220_ct_C1.nii.gz,ct_files/P0220_ct_C2.nii.gz,ct_files/P0220_ct_C3.nii.gz,ct_files/P0220_ct_P.nii.gz,mask_files/P0220_mask_C1.nii.gz,mask_files/P0220_mask_C2.nii.gz,mask_files/P0220_mask_C3.nii.gz,CHCC,56,female
P0221,ct_files/P0221_ct_C1.nii.gz,ct_files/P0221_ct_C2.nii.gz,ct_files/P0221_ct_C3.nii.gz,ct_files/P0221_ct_P.nii.gz,mask_files/P0221_mask_C1.nii.gz,mask_files/P0221_mask_C2.nii.gz,mask_files/P0221_mask_C3.nii.gz,CHCC,45,male
P0222,ct_files/P0222_ct_C1.nii.gz,ct_files/P0222_ct_C2.nii.gz,ct_files/P0222_ct_C3.nii.gz,ct_files/P0222_ct_P.nii.gz,mask_files/P0222_mask_C1.nii.gz,mask_files/P0222_mask_C2.nii.gz,mask_files/P0222_mask_C3.nii.gz,CHCC,51,female
P0223,ct_files/P0223_ct_C1.nii.gz,ct_files/P0223_ct_C2.nii.gz,ct_files/P0223_ct_C3.nii.gz,ct_files/P0223_ct_P.nii.gz,mask_files/P0223_mask_C1.nii.gz,mask_files/P0223_mask_C2.nii.gz,mask_files/P0223_mask_C3.nii.gz,CHCC,57,male
P0224,ct_files/P0224_ct_C1.nii.gz,ct_files/P0224_ct_C2.nii.gz,ct_files/P0224_ct_C3.nii.gz,ct_files/P0224_ct_P.nii.gz,mask_files/P0224_mask_C1.nii.gz,mask_files/P0224_mask_C2.nii.gz,mask_files/P0224_mask_C3.nii.gz,CHCC,72,female
P0225,ct_files/P0225_ct_C1.nii.gz,ct_files/P0225_ct_C2.nii.gz,ct_files/P0225_ct_C3.nii.gz,ct_files/P0225_ct_P.nii.gz,mask_files/P0225_mask_C1.nii.gz,mask_files/P0225_mask_C2.nii.gz,mask_files/P0225_mask_C3.nii.gz,CHCC,59,female
P0226,ct_files/P0226_ct_C1.nii.gz,ct_files/P0226_ct_C2.nii.gz,ct_files/P0226_ct_C3.nii.gz,ct_files/P0226_ct_P.nii.gz,mask_files/P0226_mask_C1.nii.gz,mask_files/P0226_mask_C2.nii.gz,mask_files/P0226_mask_C3.nii.gz,CHCC,53,male
P0227,ct_files/P0227_ct_C1.nii.gz,ct_files/P0227_ct_C2.nii.gz,ct_files/P0227_ct_C3.nii.gz,ct_files/P0227_ct_P.nii.gz,mask_files/P0227_mask_C1.nii.gz,mask_files/P0227_mask_C2.nii.gz,mask_files/P0227_mask_C3.nii.gz,CHCC,54,female
P0228,ct_files/P0228_ct_C1.nii.gz,ct_files/P0228_ct_C2.nii.gz,ct_files/P0228_ct_C3.nii.gz,ct_files/P0228_ct_P.nii.gz,mask_files/P0228_mask_C1.nii.gz,mask_files/P0228_mask_C2.nii.gz,mask_files/P0228_mask_C3.nii.gz,CHCC,44,male
P0229,ct_files/P0229_ct_C1.nii.gz,ct_files/P0229_ct_C2.nii.gz,ct_files/P0229_ct_C3.nii.gz,ct_files/P0229_ct_P.nii.gz,mask_files/P0229_mask_C1.nii.gz,mask_files/P0229_mask_C2.nii.gz,mask_files/P0229_mask_C3.nii.gz,CHCC,53,male
P0230,ct_files/P0230_ct_C1.nii.gz,ct_files/P0230_ct_C2.nii.gz,ct_files/P0230_ct_C3.nii.gz,ct_files/P0230_ct_P.nii.gz,mask_files/P0230_mask_C1.nii.gz,mask_files/P0230_mask_C2.nii.gz,mask_files/P0230_mask_C3.nii.gz,CHCC,54,female
P0231,ct_files/P0231_ct_C1.nii.gz,ct_files/P0231_ct_C2.nii.gz,ct_files/P0231_ct_C3.nii.gz,ct_files/P0231_ct_P.nii.gz,mask_files/P0231_mask_C1.nii.gz,mask_files/P0231_mask_C2.nii.gz,mask_files/P0231_mask_C3.nii.gz,CHCC,58,female
P0232,ct_files/P0232_ct_C1.nii.gz,ct_files/P0232_ct_C2.nii.gz,ct_files/P0232_ct_C3.nii.gz,ct_files/P0232_ct_P.nii.gz,mask_files/P0232_mask_C1.nii.gz,mask_files/P0232_mask_C2.nii.gz,mask_files/P0232_mask_C3.nii.gz,CHCC,62,male
P0233,ct_files/P0233_ct_C1.nii.gz,ct_files/P0233_ct_C2.nii.gz,ct_files/P0233_ct_C3.nii.gz,ct_files/P0233_ct_P.nii.gz,mask_files/P0233_mask_C1.nii.gz,mask_files/P0233_mask_C2.nii.gz,mask_files/P0233_mask_C3.nii.gz,CHCC,49,male
P0234,ct_files/P0234_ct_C1.nii.gz,ct_files/P0234_ct_C2.nii.gz,ct_files/P0234_ct_C3.nii.gz,ct_files/P0234_ct_P.nii.gz,mask_files/P0234_mask_C1.nii.gz,mask_files/P0234_mask_C2.nii.gz,mask_files/P0234_mask_C3.nii.gz,CHCC,64,male
P0235,ct_files/P0235_ct_C1.nii.gz,ct_files/P0235_ct_C2.nii.gz,ct_files/P0235_ct_C3.nii.gz,ct_files/P0235_ct_P.nii.gz,mask_files/P0235_mask_C1.nii.gz,mask_files/P0235_mask_C2.nii.gz,mask_files/P0235_mask_C3.nii.gz,CHCC,61,male
P0236,ct_files/P0236_ct_C1.nii.gz,ct_files/P0236_ct_C2.nii.gz,ct_files/P0236_ct_C3.nii.gz,ct_files/P0236_ct_P.nii.gz,mask_files/P0236_mask_C1.nii.gz,mask_files/P0236_mask_C2.nii.gz,mask_files/P0236_mask_C3.nii.gz,CHCC,44,female
P0237,ct_files/P0237_ct_C1.nii.gz,ct_files/P0237_ct_C2.nii.gz,ct_files/P0237_ct_C3.nii.gz,ct_files/P0237_ct_P.nii.gz,mask_files/P0237_mask_C1.nii.gz,mask_files/P0237_mask_C2.nii.gz,mask_files/P0237_mask_C3.nii.gz,CHCC,63,male
P0238,ct_files/P0238_ct_C1.nii.gz,ct_files/P0238_ct_C2.nii.gz,ct_files/P0238_ct_C3.nii.gz,ct_files/P0238_ct_P.nii.gz,mask_files/P0238_mask_C1.nii.gz,mask_files/P0238_mask_C2.nii.gz,mask_files/P0238_mask_C3.nii.gz,CHCC,47,male
P0239,ct_files/P0239_ct_C1.nii.gz,ct_files/P0239_ct_C2.nii.gz,ct_files/P0239_ct_C3.nii.gz,ct_files/P0239_ct_P.nii.gz,mask_files/P0239_mask_C1.nii.gz,mask_files/P0239_mask_C2.nii.gz,mask_files/P0239_mask_C3.nii.gz,CHCC,66,male
P0240,ct_files/P0240_ct_C1.nii.gz,ct_files/P0240_ct_C2.nii.gz,ct_files/P0240_ct_C3.nii.gz,ct_files/P0240_ct_P.nii.gz,mask_files/P0240_mask_C1.nii.gz,mask_files/P0240_mask_C2.nii.gz,mask_files/P0240_mask_C3.nii.gz,CHCC,56,female
P0241,ct_files/P0241_ct_C1.nii.gz,ct_files/P0241_ct_C2.nii.gz,ct_files/P0241_ct_C3.nii.gz,ct_files/P0241_ct_P.nii.gz,mask_files/P0241_mask_C1.nii.gz,mask_files/P0241_mask_C2.nii.gz,mask_files/P0241_mask_C3.nii.gz,CHCC,62,male
P0242,ct_files/P0242_ct_C1.nii.gz,ct_files/P0242_ct_C2.nii.gz,ct_files/P0242_ct_C3.nii.gz,ct_files/P0242_ct_P.nii.gz,mask_files/P0242_mask_C1.nii.gz,mask_files/P0242_mask_C2.nii.gz,mask_files/P0242_mask_C3.nii.gz,CHCC,54,female
P0243,ct_files/P0243_ct_C1.nii.gz,ct_files/P0243_ct_C2.nii.gz,ct_files/P0243_ct_C3.nii.gz,ct_files/P0243_ct_P.nii.gz,mask_files/P0243_mask_C1.nii.gz,mask_files/P0243_mask_C2.nii.gz,mask_files/P0243_mask_C3.nii.gz,CHCC,57,female
P0244,ct_files/P0244_ct_C1.nii.gz,ct_files/P0244_ct_C2.nii.gz,ct_files/P0244_ct_C3.nii.gz,ct_files/P0244_ct_P.nii.gz,mask_files/P0244_mask_C1.nii.gz,mask_files/P0244_mask_C2.nii.gz,mask_files/P0244_mask_C3.nii.gz,CHCC,61,female
P0245,ct_files/P0245_ct_C1.nii.gz,ct_files/P0245_ct_C2.nii.gz,ct_files/P0245_ct_C3.nii.gz,ct_files/P0245_ct_P.nii.gz,mask_files/P0245_mask_C1.nii.gz,mask_files/P0245_mask_C2.nii.gz,mask_files/P0245_mask_C3.nii.gz,CHCC,58,male
P0246,ct_files/P0246_ct_C1.nii.gz,ct_files/P0246_ct_C2.nii.gz,ct_files/P0246_ct_C3.nii.gz,ct_files/P0246_ct_P.nii.gz,mask_files/P0246_mask_C1.nii.gz,mask_files/P0246_mask_C2.nii.gz,mask_files/P0246_mask_C3.nii.gz,CHCC,70,male
P0247,ct_files/P0247_ct_C1.nii.gz,ct_files/P0247_ct_C2.nii.gz,ct_files/P0247_ct_C3.nii.gz,ct_files/P0247_ct_P.nii.gz,mask_files/P0247_mask_C1.nii.gz,mask_files/P0247_mask_C2.nii.gz,mask_files/P0247_mask_C3.nii.gz,CHCC,41,male
P0248,ct_files/P0248_ct_C1.nii.gz,ct_files/P0248_ct_C2.nii.gz,ct_files/P0248_ct_C3.nii.gz,ct_files/P0248_ct_P.nii.gz,mask_files/P0248_mask_C1.nii.gz,mask_files/P0248_mask_C2.nii.gz,mask_files/P0248_mask_C3.nii.gz,CHCC,58,female
P0249,ct_files/P0249_ct_C1.nii.gz,ct_files/P0249_ct_C2.nii.gz,ct_files/P0249_ct_C3.nii.gz,ct_files/P0249_ct_P.nii.gz,mask_files/P0249_mask_C1.nii.gz,mask_files/P0249_mask_C2.nii.gz,mask_files/P0249_mask_C3.nii.gz,CHCC,56,male
P0250,ct_files/P0250_ct_C1.nii.gz,ct_files/P0250_ct_C2.nii.gz,ct_files/P0250_ct_C3.nii.gz,ct_files/P0250_ct_P.nii.gz,mask_files/P0250_mask_C1.nii.gz,mask_files/P0250_mask_C2.nii.gz,mask_files/P0250_mask_C3.nii.gz,CHCC,76,female
P0251,ct_files/P0251_ct_C1.nii.gz,ct_files/P0251_ct_C2.nii.gz,ct_files/P0251_ct_C3.nii.gz,ct_files/P0251_ct_P.nii.gz,mask_files/P0251_mask_C1.nii.gz,mask_files/P0251_mask_C2.nii.gz,mask_files/P0251_mask_C3.nii.gz,CHCC,61,female
P0252,ct_files/P0252_ct_C1.nii.gz,ct_files/P0252_ct_C2.nii.gz,ct_files/P0252_ct_C3.nii.gz,ct_files/P0252_ct_P.nii.gz,mask_files/P0252_mask_C1.nii.gz,mask_files/P0252_mask_C2.nii.gz,mask_files/P0252_mask_C3.nii.gz,CHCC,64,male
P0253,ct_files/P0253_ct_C1.nii.gz,ct_files/P0253_ct_C2.nii.gz,ct_files/P0253_ct_C3.nii.gz,ct_files/P0253_ct_P.nii.gz,mask_files/P0253_mask_C1.nii.gz,mask_files/P0253_mask_C2.nii.gz,mask_files/P0253_mask_C3.nii.gz,CHCC,51,male
P0254,ct_files/P0254_ct_C1.nii.gz,ct_files/P0254_ct_C2.nii.gz,ct_files/P0254_ct_C3.nii.gz,ct_files/P0254_ct_P.nii.gz,mask_files/P0254_mask_C1.nii.gz,mask_files/P0254_mask_C2.nii.gz,mask_files/P0254_mask_C3.nii.gz,CHCC,60,male
P0255,ct_files/P0255_ct_C1.nii.gz,ct_files/P0255_ct_C2.nii.gz,ct_files/P0255_ct_C3.nii.gz,ct_files/P0255_ct_P.nii.gz,mask_files/P0255_mask_C1.nii.gz,mask_files/P0255_mask_C2.nii.gz,mask_files/P0255_mask_C3.nii.gz,CHCC,50,female
P0256,ct_files/P0256_ct_C1.nii.gz,ct_files/P0256_ct_C2.nii.gz,ct_files/P0256_ct_C3.nii.gz,ct_files/P0256_ct_P.nii.gz,mask_files/P0256_mask_C1.nii.gz,mask_files/P0256_mask_C2.nii.gz,mask_files/P0256_mask_C3.nii.gz,CHCC,64,male
P0257,ct_files/P0257_ct_C1.nii.gz,ct_files/P0257_ct_C2.nii.gz,ct_files/P0257_ct_C3.nii.gz,ct_files/P0257_ct_P.nii.gz,mask_files/P0257_mask_C1.nii.gz,mask_files/P0257_mask_C2.nii.gz,mask_files/P0257_mask_C3.nii.gz,CHCC,48,male
P0258,ct_files/P0258_ct_C1.nii.gz,ct_files/P0258_ct_C2.nii.gz,ct_files/P0258_ct_C3.nii.gz,ct_files/P0258_ct_P.nii.gz,mask_files/P0258_mask_C1.nii.gz,mask_files/P0258_mask_C2.nii.gz,mask_files/P0258_mask_C3.nii.gz,CHCC,46,male
P0259,ct_files/P0259_ct_C1.nii.gz,ct_files/P0259_ct_C2.nii.gz,ct_files/P0259_ct_C3.nii.gz,ct_files/P0259_ct_P.nii.gz,mask_files/P0259_mask_C1.nii.gz,mask_files/P0259_mask_C2.nii.gz,mask_files/P0259_mask_C3.nii.gz,CHCC,66,female
P0260,ct_files/P0260_ct_C1.nii.gz,ct_files/P0260_ct_C2.nii.gz,ct_files/P0260_ct_C3.nii.gz,ct_files/P0260_ct_P.nii.gz,mask_files/P0260_mask_C1.nii.gz,mask_files/P0260_mask_C2.nii.gz,mask_files/P0260_mask_C3.nii.gz,CHCC,69,male
P0261,ct_files/P0261_ct_C1.nii.gz,ct_files/P0261_ct_C2.nii.gz,ct_files/P0261_ct_C3.nii.gz,ct_files/P0261_ct_P.nii.gz,mask_files/P0261_mask_C1.nii.gz,mask_files/P0261_mask_C2.nii.gz,mask_files/P0261_mask_C3.nii.gz,CHCC,49,male
P0262,ct_files/P0262_ct_C1.nii.gz,ct_files/P0262_ct_C2.nii.gz,ct_files/P0262_ct_C3.nii.gz,ct_files/P0262_ct_P.nii.gz,mask_files/P0262_mask_C1.nii.gz,mask_files/P0262_mask_C2.nii.gz,mask_files/P0262_mask_C3.nii.gz,CHCC,54,male
P0263,ct_files/P0263_ct_C1.nii.gz,ct_files/P0263_ct_C2.nii.gz,ct_files/P0263_ct_C3.nii.gz,ct_files/P0263_ct_P.nii.gz,mask_files/P0263_mask_C1.nii.gz,mask_files/P0263_mask_C2.nii.gz,mask_files/P0263_mask_C3.nii.gz,CHCC,73,male
P0264,ct_files/P0264_ct_C1.nii.gz,ct_files/P0264_ct_C2.nii.gz,ct_files/P0264_ct_C3.nii.gz,ct_files/P0264_ct_P.nii.gz,mask_files/P0264_mask_C1.nii.gz,mask_files/P0264_mask_C2.nii.gz,mask_files/P0264_mask_C3.nii.gz,CHCC,48,male
P0265,ct_files/P0265_ct_C1.nii.gz,ct_files/P0265_ct_C2.nii.gz,ct_files/P0265_ct_C3.nii.gz,ct_files/P0265_ct_P.nii.gz,mask_files/P0265_mask_C1.nii.gz,mask_files/P0265_mask_C2.nii.gz,mask_files/P0265_mask_C3.nii.gz,CHCC,60,male
P0266,ct_files/P0266_ct_C1.nii.gz,ct_files/P0266_ct_C2.nii.gz,ct_files/P0266_ct_C3.nii.gz,ct_files/P0266_ct_P.nii.gz,mask_files/P0266_mask_C1.nii.gz,mask_files/P0266_mask_C2.nii.gz,mask_files/P0266_mask_C3.nii.gz,CHCC,68,male
P0267,ct_files/P0267_ct_C1.nii.gz,ct_files/P0267_ct_C2.nii.gz,ct_files/P0267_ct_C3.nii.gz,ct_files/P0267_ct_P.nii.gz,mask_files/P0267_mask_C1.nii.gz,mask_files/P0267_mask_C2.nii.gz,mask_files/P0267_mask_C3.nii.gz,CHCC,41,female
P0268,ct_files/P0268_ct_C1.nii.gz,ct_files/P0268_ct_C2.nii.gz,ct_files/P0268_ct_C3.nii.gz,ct_files/P0268_ct_P.nii.gz,mask_files/P0268_mask_C1.nii.gz,mask_files/P0268_mask_C2.nii.gz,mask_files/P0268_mask_C3.nii.gz,CHCC,62,male
P0269,ct_files/P0269_ct_C1.nii.gz,ct_files/P0269_ct_C2.nii.gz,ct_files/P0269_ct_C3.nii.gz,ct_files/P0269_ct_P.nii.gz,mask_files/P0269_mask_C1.nii.gz,mask_files/P0269_mask_C2.nii.gz,mask_files/P0269_mask_C3.nii.gz,CHCC,66,male
P0270,ct_files/P0270_ct_C1.nii.gz,ct_files/P0270_ct_C2.nii.gz,ct_files/P0270_ct_C3.nii.gz,ct_files/P0270_ct_P.nii.gz,mask_files/P0270_mask_C1.nii.gz,mask_files/P0270_mask_C2.nii.gz,mask_files/P0270_mask_C3.nii.gz,CHCC,58,male
P0271,ct_files/P0271_ct_C1.nii.gz,ct_files/P0271_ct_C2.nii.gz,ct_files/P0271_ct_C3.nii.gz,ct_files/P0271_ct_P.nii.gz,mask_files/P0271_mask_C1.nii.gz,mask_files/P0271_mask_C2.nii.gz,mask_files/P0271_mask_C3.nii.gz,CHCC,47,male
P0272,ct_files/P0272_ct_C1.nii.gz,ct_files/P0272_ct_C2.nii.gz,ct_files/P0272_ct_C3.nii.gz,ct_files/P0272_ct_P.nii.gz,mask_files/P0272_mask_C1.nii.gz,mask_files/P0272_mask_C2.nii.gz,mask_files/P0272_mask_C3.nii.gz,CHCC,55,male
P0273,ct_files/P0273_ct_C1.nii.gz,ct_files/P0273_ct_C2.nii.gz,ct_files/P0273_ct_C3.nii.gz,ct_files/P0273_ct_P.nii.gz,mask_files/P0273_mask_C1.nii.gz,mask_files/P0273_mask_C2.nii.gz,mask_files/P0273_mask_C3.nii.gz,CHCC,61,male
P0274,ct_files/P0274_ct_C1.nii.gz,ct_files/P0274_ct_C2.nii.gz,ct_files/P0274_ct_C3.nii.gz,ct_files/P0274_ct_P.nii.gz,mask_files/P0274_mask_C1.nii.gz,mask_files/P0274_mask_C2.nii.gz,mask_files/P0274_mask_C3.nii.gz,CHCC,49,female
P0275,ct_files/P0275_ct_C1.nii.gz,ct_files/P0275_ct_C2.nii.gz,ct_files/P0275_ct_C3.nii.gz,ct_files/P0275_ct_P.nii.gz,mask_files/P0275_mask_C1.nii.gz,mask_files/P0275_mask_C2.nii.gz,mask_files/P0275_mask_C3.nii.gz,CHCC,58,male
P0276,ct_files/P0276_ct_C1.nii.gz,ct_files/P0276_ct_C2.nii.gz,ct_files/P0276_ct_C3.nii.gz,ct_files/P0276_ct_P.nii.gz,mask_files/P0276_mask_C1.nii.gz,mask_files/P0276_mask_C2.nii.gz,mask_files/P0276_mask_C3.nii.gz,CHCC,56,male
P0277,ct_files/P0277_ct_C1.nii.gz,ct_files/P0277_ct_C2.nii.gz,ct_files/P0277_ct_C3.nii.gz,ct_files/P0277_ct_P.nii.gz,mask_files/P0277_mask_C1.nii.gz,mask_files/P0277_mask_C2.nii.gz,mask_files/P0277_mask_C3.nii.gz,CHCC,59,female
P0278,ct_files/P0278_ct_C1.nii.gz,ct_files/P0278_ct_C2.nii.gz,ct_files/P0278_ct_C3.nii.gz,ct_files/P0278_ct_P.nii.gz,mask_files/P0278_mask_C1.nii.gz,mask_files/P0278_mask_C2.nii.gz,mask_files/P0278_mask_C3.nii.gz,CHCC,46,male
