metric,value
Accuracy,0.9285714285714286
Macro-F1,0.9288499025341131
Macro-AUC (OvR),0.9766812865497077
Balanced Accuracy,0.9296296296295797
Precision (HCC),0.9444444444444444
Recall/Sensitivity (HCC),0.944444444444392
Specificity (HCC),0.9736842105262902
F1 (HCC),0.9444444444444444
Support (HCC),18.0
Precision (ICC),1.0
Recall/Sensitivity (ICC),0.8999999999999551
Specificity (ICC),0.9999999999999721
F1 (ICC),0.9473684210526315
Support (ICC),20.0
Precision (CHCC),0.85
Recall/Sensitivity (CHCC),0.944444444444392
Specificity (CHCC),0.921052631578923
F1 (CHCC),0.8947368421052632
Support (CHCC),18.0
