metric,value
Accuracy,0.9285714285714286
Macro-F1,0.9311259311259311
Macro-AUC (OvR),0.9804976851851852
Balanced Accuracy,0.9333333333332826
Precision (HCC),0.8636363636363636
Recall/Sensitivity (HCC),0.9499999999999525
Specificity (HCC),0.9166666666666412
F1 (HCC),0.9047619047619048
Support (HCC),20.0
Precision (ICC),1.0
Recall/Sensitivity (ICC),0.8499999999999576
Specificity (ICC),0.9999999999999721
F1 (ICC),0.918918918918919
Support (ICC),20.0
Precision (CHCC),0.9411764705882353
Recall/Sensitivity (CHCC),0.9999999999999376
Specificity (CHCC),0.9749999999999756
F1 (CHCC),0.9696969696969697
Support (CHCC),16.0
