{
  "accuracy": 0.9285714285714286,
  "f1_macro": 0.9311259311259311,
  "f1_per_class": {
    "HCC": 0.9047619047619048,
    "ICC": 0.918918918918919,
    "CHCC": 0.9696969696969697
  },
  "auc_macro_ovr": 0.9804976851851852,
  "balanced_accuracy": 0.9333333333332826,
  "confusion_matrix": [
    [
      19,
      0,
      1
    ],
    [
      3,
      17,
      0
    ],
    [
      0,
      0,
      16
    ]
  ],
  "classification_report": {
    "HCC": {
      "precision": 0.8636363636363636,
      "recall": 0.95,
      "f1-score": 0.9047619047619048,
      "support": 20.0
    },
    "ICC": {
      "precision": 1.0,
      "recall": 0.85,
      "f1-score": 0.918918918918919,
      "support": 20.0
    },
    "CHCC": {
      "precision": 0.9411764705882353,
      "recall": 1.0,
      "f1-score": 0.9696969696969697,
      "support": 16.0
    },
    "accuracy": 0.9285714285714286,
    "macro avg": {
      "precision": 0.9349376114081996,
      "recall": 0.9333333333333332,
      "f1-score": 0.9311259311259311,
      "support": 56.0
    },
    "weighted avg": {
      "precision": 0.9344919786096256,
      "recall": 0.9285714285714286,
      "f1-score": 0.9283708569422855,
      "support": 56.0
    }
  },
  "ci_95": {
    "accuracy": {
      "low": 0.8571428571428571,
      "high": 0.9821428571428571
    },
    "f1_macro": {
      "low": 0.8572018949902488,
      "high": 0.9844633516102603
    },
    "auc_macro_ovr": {
      "low": 0.9520180203232763,
      "high": 0.9995468437704463
    }
  },
  "classes": [
    "HCC",
    "ICC",
    "CHCC"
  ],
  "per_class_stats": {
    "HCC": {
      "precision": 0.8636363636363636,
      "recall": 0.95,
      "f1": 0.9047619047619048,
      "support": 20,
      "sensitivity": 0.9499999999999525,
      "specificity": 0.9166666666666412
    },
    "ICC": {
      "precision": 1.0,
      "recall": 0.85,
      "f1": 0.918918918918919,
      "support": 20,
      "sensitivity": 0.8499999999999576,
      "specificity": 0.9999999999999721
    },
    "CHCC": {
      "precision": 0.9411764705882353,
      "recall": 1.0,
      "f1": 0.9696969696969697,
      "support": 16,
      "sensitivity": 0.9999999999999376,
      "specificity": 0.9749999999999756
    }
  }
}