metric,value
Accuracy,0.9636363636363636
Macro-F1,0.9628482972136222
Macro-AUC (OvR),0.994037381034285
Balanced Accuracy,0.9628482972135698
Precision (HCC),1.0
Recall/Sensitivity (HCC),0.9999999999999475
Specificity (HCC),0.9999999999999721
F1 (HCC),1.0
Support (HCC),19.0
Precision (ICC),0.9473684210526315
Recall/Sensitivity (ICC),0.9473684210525818
Specificity (ICC),0.9722222222221951
F1 (ICC),0.9473684210526315
Support (ICC),19.0
Precision (CHCC),0.9411764705882353
Recall/Sensitivity (CHCC),0.94117647058818
Specificity (CHCC),0.9736842105262902
F1 (CHCC),0.9411764705882353
Support (CHCC),17.0
