{
  "accuracy": 0.9636363636363636,
  "f1_macro": 0.9628482972136222,
  "f1_per_class": {
    "HCC": 1.0,
    "ICC": 0.9473684210526315,
    "CHCC": 0.9411764705882353
  },
  "auc_macro_ovr": 0.994037381034285,
  "balanced_accuracy": 0.9628482972135698,
  "confusion_matrix": [
    [
      19,
      0,
      0
    ],
    [
      0,
      18,
      1
    ],
    [
      0,
      1,
      16
    ]
  ],
  "classification_report": {
    "HCC": {
      "precision": 1.0,
      "recall": 1.0,
      "f1-score": 1.0,
      "support": 19.0
    },
    "ICC": {
      "precision": 0.9473684210526315,
      "recall": 0.9473684210526315,
      "f1-score": 0.9473684210526315,
      "support": 19.0
    },
    "CHCC": {
      "precision": 0.9411764705882353,
      "recall": 0.9411764705882353,
      "f1-score": 0.9411764705882353,
      "support": 17.0
    },
    "accuracy": 0.9636363636363636,
    "macro avg": {
      "precision": 0.9628482972136222,
      "recall": 0.9628482972136222,
      "f1-score": 0.9628482972136222,
      "support": 55.0
    },
    "weighted avg": {
      "precision": 0.9636363636363636,
      "recall": 0.9636363636363636,
      "f1-score": 0.9636363636363636,
      "support": 55.0
    }
  },
  "ci_95": {
    "accuracy": {
      "low": 0.9090909090909091,
      "high": 1.0
    },
    "f1_macro": {
      "low": 0.901856476856477,
      "high": 1.0
    },
    "auc_macro_ovr": {
      "low": 0.9802705023886946,
      "high": 1.0
    }
  },
  "classes": [
    "HCC",
    "ICC",
    "CHCC"
  ],
  "per_class_stats": {
    "HCC": {
      "precision": 1.0,
      "recall": 1.0,
      "f1": 1.0,
      "support": 19,
      "sensitivity": 0.9999999999999475,
      "specificity": 0.9999999999999721
    },
    "ICC": {
      "precision": 0.9473684210526315,
      "recall": 0.9473684210526315,
      "f1": 0.9473684210526315,
      "support": 19,
      "sensitivity": 0.9473684210525818,
      "specificity": 0.9722222222221951
    },
    "CHCC": {
      "precision": 0.9411764705882353,
      "recall": 0.9411764705882353,
      "f1": 0.9411764705882353,
      "support": 17,
      "sensitivity": 0.94117647058818,
      "specificity": 0.9736842105262902
    }
  }
}