metric,value
Accuracy,0.9818181818181818
Macro-F1,0.9824439824439825
Macro-AUC (OvR),0.9995126705653021
Balanced Accuracy,0.9824561403508235
Precision (HCC),0.95
Recall/Sensitivity (HCC),0.9999999999999475
Specificity (HCC),0.9722222222221951
F1 (HCC),0.9743589743589743
Support (HCC),19.0
Precision (ICC),1.0
Recall/Sensitivity (ICC),0.9473684210525818
Specificity (ICC),0.9999999999999721
F1 (ICC),0.972972972972973
Support (ICC),19.0
Precision (CHCC),1.0
Recall/Sensitivity (CHCC),0.9999999999999413
Specificity (CHCC),0.9999999999999737
F1 (CHCC),1.0
Support (CHCC),17.0
