metric,value
Accuracy,0.9464285714285714
Macro-F1,0.9469018437041693
Macro-AUC (OvR),0.9796711577118478
Balanced Accuracy,0.9449112978524236
Precision (HCC),0.9473684210526315
Recall/Sensitivity (HCC),0.9999999999999445
Specificity (HCC),0.9736842105262902
F1 (HCC),0.972972972972973
Support (HCC),18.0
Precision (ICC),0.9090909090909091
Recall/Sensitivity (ICC),0.9523809523809071
Specificity (ICC),0.9428571428571159
F1 (ICC),0.9302325581395349
Support (ICC),21.0
Precision (CHCC),1.0
Recall/Sensitivity (CHCC),0.8823529411764188
Specificity (CHCC),0.9999999999999744
F1 (CHCC),0.9375
Support (CHCC),17.0
