{
  "accuracy_oof": 0.960431654676259,
  "f1_macro_oof": 0.9609233473414807,
  "auc_macro_ovr_oof": 0.9850166800263178,
  "balanced_accuracy_oof": 0.9605656059973854,
  "confusion_matrix_oof": [
    [
      93,
      0,
      1
    ],
    [
      6,
      93,
      0
    ],
    [
      0,
      4,
      81
    ]
  ],
  "classification_report_oof": {
    "HCC": {
      "precision": 0.9393939393939394,
      "recall": 0.9893617021276596,
      "f1-score": 0.9637305699481865,
      "support": 94.0
    },
    "ICC": {
      "precision": 0.9587628865979382,
      "recall": 0.9393939393939394,
      "f1-score": 0.9489795918367347,
      "support": 99.0
    },
    "CHCC": {
      "precision": 0.9878048780487805,
      "recall": 0.9529411764705882,
      "f1-score": 0.9700598802395209,
      "support": 85.0
    },
    "accuracy": 0.960431654676259,
    "macro avg": {
      "precision": 0.9619872346802194,
      "recall": 0.9605656059973958,
      "f1-score": 0.9609233473414807,
      "support": 278.0
    },
    "weighted avg": {
      "precision": 0.9610934198214839,
      "recall": 0.960431654676259,
      "f1-score": 0.9604127445587249,
      "support": 278.0
    }
  },
  "ci_95_oof": {
    "accuracy": {
      "low": 0.935251798561151,
      "high": 0.9820143884892086
    },
    "f1_macro": {
      "low": 0.936752232063061,
      "high": 0.9819713107091692
    },
    "auc_macro_ovr": {
      "low": 0.9726997928582399,
      "high": 0.994653723620602
    }
  },
  "classes": [
    "HCC",
    "ICC",
    "CHCC"
  ],
  "per_class_stats_oof": {
    "HCC": {
      "precision": 0.9393939393939394,
      "recall": 0.9893617021276596,
      "f1": 0.9637305699481865,
      "support": 94,
      "sensitivity": 0.9893617021276491,
      "specificity": 0.9673913043478208
    },
    "ICC": {
      "precision": 0.9587628865979382,
      "recall": 0.9393939393939394,
      "f1": 0.9489795918367347,
      "support": 99,
      "sensitivity": 0.9393939393939299,
      "specificity": 0.9776536312849108
    },
    "CHCC": {
      "precision": 0.9878048780487805,
      "recall": 0.9529411764705882,
      "f1": 0.9700598802395209,
      "support": 85,
      "sensitivity": 0.9529411764705771,
      "specificity": 0.9948186528497358
    }
  }
}