{
  "accuracy": 0.9107142857142857,
  "f1_macro": 0.9115027035437818,
  "f1_per_class": {
    "HCC": 0.9473684210526315,
    "ICC": 0.8780487804878049,
    "CHCC": 0.9090909090909091
  },
  "auc_macro_ovr": 0.9621471800596083,
  "balanced_accuracy": 0.9131652661063931,
  "confusion_matrix": [
    [
      18,
      0,
      0
    ],
    [
      2,
      18,
      1
    ],
    [
      0,
      2,
      15
    ]
  ],
  "classification_report": {
    "HCC": {
      "precision": 0.9,
      "recall": 1.0,
      "f1-score": 0.9473684210526315,
      "support": 18.0
    },
    "ICC": {
      "precision": 0.9,
      "recall": 0.8571428571428571,
      "f1-score": 0.8780487804878049,
      "support": 21.0
    },
    "CHCC": {
      "precision": 0.9375,
      "recall": 0.8823529411764706,
      "f1-score": 0.9090909090909091,
      "support": 17.0
    },
    "accuracy": 0.9107142857142857,
    "macro avg": {
      "precision": 0.9125,
      "recall": 0.9131652661064426,
      "f1-score": 0.9115027035437818,
      "support": 56.0
    },
    "weighted avg": {
      "precision": 0.9113839285714286,
      "recall": 0.9107142857142857,
      "f1-score": 0.9097535968524415,
      "support": 56.0
    }
  },
  "ci_95": {
    "accuracy": {
      "low": 0.8214285714285714,
      "high": 0.9821428571428571
    },
    "f1_macro": {
      "low": 0.8225579937304075,
      "high": 0.9824439824439825
    },
    "auc_macro_ovr": {
      "low": 0.9062893817398703,
      "high": 0.9968751392602496
    }
  },
  "classes": [
    "HCC",
    "ICC",
    "CHCC"
  ],
  "per_class_stats": {
    "HCC": {
      "precision": 0.9,
      "recall": 1.0,
      "f1": 0.9473684210526315,
      "support": 18,
      "sensitivity": 0.9999999999999445,
      "specificity": 0.9473684210526065
    },
    "ICC": {
      "precision": 0.9,
      "recall": 0.8571428571428571,
      "f1": 0.8780487804878049,
      "support": 21,
      "sensitivity": 0.8571428571428164,
      "specificity": 0.9428571428571159
    },
    "CHCC": {
      "precision": 0.9375,
      "recall": 0.8823529411764706,
      "f1": 0.9090909090909091,
      "support": 17,
      "sensitivity": 0.8823529411764188,
      "specificity": 0.9743589743589494
    }
  }
}