metric,value
Accuracy,0.9107142857142857
Macro-F1,0.9115027035437818
Macro-AUC (OvR),0.9621471800596083
Balanced Accuracy,0.9131652661063931
Precision (HCC),0.9
Recall/Sensitivity (HCC),0.9999999999999445
Specificity (HCC),0.9473684210526065
F1 (HCC),0.9473684210526315
Support (HCC),18.0
Precision (ICC),0.9
Recall/Sensitivity (ICC),0.8571428571428164
Specificity (ICC),0.9428571428571159
F1 (ICC),0.8780487804878049
Support (ICC),21.0
Precision (CHCC),0.9375
Recall/Sensitivity (CHCC),0.8823529411764188
Specificity (CHCC),0.9743589743589494
F1 (CHCC),0.9090909090909091
Support (CHCC),17.0
