{
  "accuracy": 0.9107142857142857,
  "f1_macro": 0.9147662373468824,
  "f1_per_class": {
    "HCC": 0.9047619047619048,
    "ICC": 0.8717948717948718,
    "CHCC": 0.967741935483871
  },
  "auc_macro_ovr": 0.9451388888888889,
  "balanced_accuracy": 0.9124999999999505,
  "confusion_matrix": [
    [
      19,
      1,
      0
    ],
    [
      3,
      17,
      0
    ],
    [
      0,
      1,
      15
    ]
  ],
  "classification_report": {
    "HCC": {
      "precision": 0.8636363636363636,
      "recall": 0.95,
      "f1-score": 0.9047619047619048,
      "support": 20.0
    },
    "ICC": {
      "precision": 0.8947368421052632,
      "recall": 0.85,
      "f1-score": 0.8717948717948718,
      "support": 20.0
    },
    "CHCC": {
      "precision": 1.0,
      "recall": 0.9375,
      "f1-score": 0.967741935483871,
      "support": 16.0
    },
    "accuracy": 0.9107142857142857,
    "macro avg": {
      "precision": 0.919457735247209,
      "recall": 0.9125,
      "f1-score": 0.9147662373468824,
      "support": 56.0
    },
    "weighted avg": {
      "precision": 0.9137047163362954,
      "recall": 0.9107142857142857,
      "f1-score": 0.9109822589085262,
      "support": 56.0
    }
  },
  "ci_95": {
    "accuracy": {
      "low": 0.8392857142857143,
      "high": 0.9821428571428571
    },
    "f1_macro": {
      "low": 0.8409700384734584,
      "high": 0.9818072061875117
    },
    "auc_macro_ovr": {
      "low": 0.8844753268672957,
      "high": 0.9954638436099903
    }
  },
  "classes": [
    "HCC",
    "ICC",
    "CHCC"
  ],
  "per_class_stats": {
    "HCC": {
      "precision": 0.8636363636363636,
      "recall": 0.95,
      "f1": 0.9047619047619048,
      "support": 20,
      "sensitivity": 0.9499999999999525,
      "specificity": 0.9166666666666412
    },
    "ICC": {
      "precision": 0.8947368421052632,
      "recall": 0.85,
      "f1": 0.8717948717948718,
      "support": 20,
      "sensitivity": 0.8499999999999576,
      "specificity": 0.9444444444444181
    },
    "CHCC": {
      "precision": 1.0,
      "recall": 0.9375,
      "f1": 0.967741935483871,
      "support": 16,
      "sensitivity": 0.9374999999999415,
      "specificity": 0.9999999999999749
    }
  }
}