{
  "accuracy_oof": 0.9568345323741008,
  "f1_macro_oof": 0.957364474439128,
  "auc_macro_ovr_oof": 0.9846407203542724,
  "balanced_accuracy_oof": 0.9579495413037238,
  "confusion_matrix_oof": [
    [
      91,
      1,
      2
    ],
    [
      6,
      92,
      1
    ],
    [
      0,
      2,
      83
    ]
  ],
  "classification_report_oof": {
    "HCC": {
      "precision": 0.9381443298969072,
      "recall": 0.9680851063829787,
      "f1-score": 0.9528795811518325,
      "support": 94.0
    },
    "ICC": {
      "precision": 0.968421052631579,
      "recall": 0.9292929292929293,
      "f1-score": 0.9484536082474226,
      "support": 99.0
    },
    "CHCC": {
      "precision": 0.9651162790697675,
      "recall": 0.9764705882352941,
      "f1-score": 0.9707602339181286,
      "support": 85.0
    },
    "accuracy": 0.9568345323741008,
    "macro avg": {
      "precision": 0.9572272205327512,
      "recall": 0.957949541303734,
      "f1-score": 0.957364474439128,
      "support": 278.0
    },
    "weighted avg": {
      "precision": 0.957173147272539,
      "recall": 0.9568345323741008,
      "f1-score": 0.9567705313949929,
      "support": 278.0
    }
  },
  "ci_95_oof": {
    "accuracy": {
      "low": 0.9316546762589928,
      "high": 0.9784172661870504
    },
    "f1_macro": {
      "low": 0.9316837614020947,
      "high": 0.9784622422947106
    },
    "auc_macro_ovr": {
      "low": 0.9712607747831797,
      "high": 0.9942175750589217
    }
  },
  "classes": [
    "HCC",
    "ICC",
    "CHCC"
  ],
  "per_class_stats_oof": {
    "HCC": {
      "precision": 0.9381443298969072,
      "recall": 0.9680851063829787,
      "f1": 0.9528795811518325,
      "support": 94,
      "sensitivity": 0.9680851063829685,
      "specificity": 0.9673913043478208
    },
    "ICC": {
      "precision": 0.968421052631579,
      "recall": 0.9292929292929293,
      "f1": 0.9484536082474226,
      "support": 99,
      "sensitivity": 0.92929292929292,
      "specificity": 0.9832402234636817
    },
    "CHCC": {
      "precision": 0.9651162790697675,
      "recall": 0.9764705882352941,
      "f1": 0.9707602339181286,
      "support": 85,
      "sensitivity": 0.9764705882352827,
      "specificity": 0.9844559585492177
    }
  }
}