{
  "accuracy_oof": 0.9532374100719424,
  "f1_macro_oof": 0.9532337553062943,
  "auc_macro_ovr_oof": 0.9879511436984116,
  "balanced_accuracy_oof": 0.9532770340029311,
  "confusion_matrix_oof": [
    [
      93,
      0,
      1
    ],
    [
      5,
      92,
      2
    ],
    [
      1,
      4,
      80
    ]
  ],
  "classification_report_oof": {
    "HCC": {
      "precision": 0.9393939393939394,
      "recall": 0.9893617021276596,
      "f1-score": 0.9637305699481865,
      "support": 94.0
    },
    "ICC": {
      "precision": 0.9583333333333334,
      "recall": 0.9292929292929293,
      "f1-score": 0.9435897435897436,
      "support": 99.0
    },
    "CHCC": {
      "precision": 0.963855421686747,
      "recall": 0.9411764705882353,
      "f1-score": 0.9523809523809523,
      "support": 85.0
    },
    "accuracy": 0.9532374100719424,
    "macro avg": {
      "precision": 0.9538608981380067,
      "recall": 0.9532770340029414,
      "f1-score": 0.9532337553062943,
      "support": 278.0
    },
    "weighted avg": {
      "precision": 0.9536177739079275,
      "recall": 0.9532374100719424,
      "f1-score": 0.9530879105859535,
      "support": 278.0
    }
  },
  "ci_95_oof": {
    "accuracy": {
      "low": 0.9280575539568345,
      "high": 0.9748201438848921
    },
    "f1_macro": {
      "low": 0.9266663984722793,
      "high": 0.9749941422774615
    },
    "auc_macro_ovr": {
      "low": 0.9776113325364088,
      "high": 0.996225676646069
    }
  },
  "classes": [
    "HCC",
    "ICC",
    "CHCC"
  ],
  "per_class_stats_oof": {
    "HCC": {
      "precision": 0.9393939393939394,
      "recall": 0.9893617021276596,
      "f1": 0.9637305699481865,
      "support": 94,
      "sensitivity": 0.9893617021276491,
      "specificity": 0.9673913043478208
    },
    "ICC": {
      "precision": 0.9583333333333334,
      "recall": 0.9292929292929293,
      "f1": 0.9435897435897436,
      "support": 99,
      "sensitivity": 0.92929292929292,
      "specificity": 0.9776536312849108
    },
    "CHCC": {
      "precision": 0.963855421686747,
      "recall": 0.9411764705882353,
      "f1": 0.9523809523809523,
      "support": 85,
      "sensitivity": 0.9411764705882243,
      "specificity": 0.9844559585492177
    }
  }
}