metric,value
Accuracy,0.9464285714285714
Macro-F1,0.9472913051860421
Macro-AUC (OvR),0.9903021442495127
Balanced Accuracy,0.9481481481480971
Precision (HCC),0.8571428571428571
Recall/Sensitivity (HCC),0.9999999999999445
Specificity (HCC),0.921052631578923
F1 (HCC),0.9230769230769231
Support (HCC),18.0
Precision (ICC),1.0
Recall/Sensitivity (ICC),0.8999999999999551
Specificity (ICC),0.9999999999999721
F1 (ICC),0.9473684210526315
Support (ICC),20.0
Precision (CHCC),1.0
Recall/Sensitivity (CHCC),0.944444444444392
Specificity (CHCC),0.9999999999999737
F1 (CHCC),0.9714285714285714
Support (CHCC),18.0
