{
  "accuracy": 0.9464285714285714,
  "f1_macro": 0.9472913051860421,
  "f1_per_class": {
    "HCC": 0.9230769230769231,
    "ICC": 0.9473684210526315,
    "CHCC": 0.9714285714285714
  },
  "auc_macro_ovr": 0.9903021442495127,
  "balanced_accuracy": 0.9481481481480971,
  "confusion_matrix": [
    [
      18,
      0,
      0
    ],
    [
      2,
      18,
      0
    ],
    [
      1,
      0,
      17
    ]
  ],
  "classification_report": {
    "HCC": {
      "precision": 0.8571428571428571,
      "recall": 1.0,
      "f1-score": 0.9230769230769231,
      "support": 18.0
    },
    "ICC": {
      "precision": 1.0,
      "recall": 0.9,
      "f1-score": 0.9473684210526315,
      "support": 20.0
    },
    "CHCC": {
      "precision": 1.0,
      "recall": 0.9444444444444444,
      "f1-score": 0.9714285714285714,
      "support": 18.0
    },
    "accuracy": 0.9464285714285714,
    "macro avg": {
      "precision": 0.9523809523809524,
      "recall": 0.9481481481481481,
      "f1-score": 0.9472913051860421,
      "support": 56.0
    },
    "weighted avg": {
      "precision": 0.9540816326530612,
      "recall": 0.9464285714285714,
      "f1-score": 0.9472940593241344,
      "support": 56.0
    }
  },
  "ci_95": {
    "accuracy": {
      "low": 0.8928571428571429,
      "high": 1.0
    },
    "f1_macro": {
      "low": 0.8826560003081528,
      "high": 1.0
    },
    "auc_macro_ovr": {
      "low": 0.9685690002958294,
      "high": 1.0
    }
  },
  "classes": [
    "HCC",
    "ICC",
    "CHCC"
  ],
  "per_class_stats": {
    "HCC": {
      "precision": 0.8571428571428571,
      "recall": 1.0,
      "f1": 0.9230769230769231,
      "support": 18,
      "sensitivity": 0.9999999999999445,
      "specificity": 0.921052631578923
    },
    "ICC": {
      "precision": 1.0,
      "recall": 0.9,
      "f1": 0.9473684210526315,
      "support": 20,
      "sensitivity": 0.8999999999999551,
      "specificity": 0.9999999999999721
    },
    "CHCC": {
      "precision": 1.0,
      "recall": 0.9444444444444444,
      "f1": 0.9714285714285714,
      "support": 18,
      "sensitivity": 0.944444444444392,
      "specificity": 0.9999999999999737
    }
  }
}