metric,value
Accuracy,1.0
Macro-F1,1.0
Macro-AUC (OvR),0.9995126705653021
Balanced Accuracy,0.9999999999999454
Precision (HCC),1.0
Recall/Sensitivity (HCC),0.9999999999999475
Specificity (HCC),0.9999999999999721
F1 (HCC),1.0
Support (HCC),19.0
Precision (ICC),1.0
Recall/Sensitivity (ICC),0.9999999999999475
Specificity (ICC),0.9999999999999721
F1 (ICC),1.0
Support (ICC),19.0
Precision (CHCC),1.0
Recall/Sensitivity (CHCC),0.9999999999999413
Specificity (CHCC),0.9999999999999737
F1 (CHCC),1.0
Support (CHCC),17.0
