{
  "accuracy": 1.0,
  "f1_macro": 1.0,
  "f1_per_class": {
    "HCC": 1.0,
    "ICC": 1.0,
    "CHCC": 1.0
  },
  "auc_macro_ovr": 0.9995126705653021,
  "balanced_accuracy": 0.9999999999999454,
  "confusion_matrix": [
    [
      19,
      0,
      0
    ],
    [
      0,
      19,
      0
    ],
    [
      0,
      0,
      17
    ]
  ],
  "classification_report": {
    "HCC": {
      "precision": 1.0,
      "recall": 1.0,
      "f1-score": 1.0,
      "support": 19.0
    },
    "ICC": {
      "precision": 1.0,
      "recall": 1.0,
      "f1-score": 1.0,
      "support": 19.0
    },
    "CHCC": {
      "precision": 1.0,
      "recall": 1.0,
      "f1-score": 1.0,
      "support": 17.0
    },
    "accuracy": 1.0,
    "macro avg": {
      "precision": 1.0,
      "recall": 1.0,
      "f1-score": 1.0,
      "support": 55.0
    },
    "weighted avg": {
      "precision": 1.0,
      "recall": 1.0,
      "f1-score": 1.0,
      "support": 55.0
    }
  },
  "ci_95": {
    "accuracy": {
      "low": 1.0,
      "high": 1.0
    },
    "f1_macro": {
      "low": 1.0,
      "high": 1.0
    },
    "auc_macro_ovr": {
      "low": 0.9971974789915966,
      "high": 1.0
    }
  },
  "classes": [
    "HCC",
    "ICC",
    "CHCC"
  ],
  "per_class_stats": {
    "HCC": {
      "precision": 1.0,
      "recall": 1.0,
      "f1": 1.0,
      "support": 19,
      "sensitivity": 0.9999999999999475,
      "specificity": 0.9999999999999721
    },
    "ICC": {
      "precision": 1.0,
      "recall": 1.0,
      "f1": 1.0,
      "support": 19,
      "sensitivity": 0.9999999999999475,
      "specificity": 0.9999999999999721
    },
    "CHCC": {
      "precision": 1.0,
      "recall": 1.0,
      "f1": 1.0,
      "support": 17,
      "sensitivity": 0.9999999999999413,
      "specificity": 0.9999999999999737
    }
  }
}