metric,value
Accuracy,0.9464285714285714
Macro-F1,0.9474206349206349
Macro-AUC (OvR),0.9903695711302966
Balanced Accuracy,0.9422657952069211
Precision (HCC),1.0
Recall/Sensitivity (HCC),0.944444444444392
Specificity (HCC),0.9999999999999737
F1 (HCC),0.9714285714285714
Support (HCC),18.0
Precision (ICC),0.875
Recall/Sensitivity (ICC),0.9999999999999525
Specificity (ICC),0.9142857142856882
F1 (ICC),0.9333333333333333
Support (ICC),21.0
Precision (CHCC),1.0
Recall/Sensitivity (CHCC),0.8823529411764188
Specificity (CHCC),0.9999999999999744
F1 (CHCC),0.9375
Support (CHCC),17.0
