{
  "accuracy": 0.9464285714285714,
  "f1_macro": 0.9474206349206349,
  "f1_per_class": {
    "HCC": 0.9714285714285714,
    "ICC": 0.9333333333333333,
    "CHCC": 0.9375
  },
  "auc_macro_ovr": 0.9903695711302966,
  "balanced_accuracy": 0.9422657952069211,
  "confusion_matrix": [
    [
      17,
      1,
      0
    ],
    [
      0,
      21,
      0
    ],
    [
      0,
      2,
      15
    ]
  ],
  "classification_report": {
    "HCC": {
      "precision": 1.0,
      "recall": 0.9444444444444444,
      "f1-score": 0.9714285714285714,
      "support": 18.0
    },
    "ICC": {
      "precision": 0.875,
      "recall": 1.0,
      "f1-score": 0.9333333333333333,
      "support": 21.0
    },
    "CHCC": {
      "precision": 1.0,
      "recall": 0.8823529411764706,
      "f1-score": 0.9375,
      "support": 17.0
    },
    "accuracy": 0.9464285714285714,
    "macro avg": {
      "precision": 0.9583333333333334,
      "recall": 0.9422657952069716,
      "f1-score": 0.9474206349206349,
      "support": 56.0
    },
    "weighted avg": {
      "precision": 0.953125,
      "recall": 0.9464285714285714,
      "f1-score": 0.946843112244898,
      "support": 56.0
    }
  },
  "ci_95": {
    "accuracy": {
      "low": 0.8928571428571429,
      "high": 1.0
    },
    "f1_macro": {
      "low": 0.8842389418815684,
      "high": 1.0
    },
    "auc_macro_ovr": {
      "low": 0.9736489867841303,
      "high": 1.0
    }
  },
  "classes": [
    "HCC",
    "ICC",
    "CHCC"
  ],
  "per_class_stats": {
    "HCC": {
      "precision": 1.0,
      "recall": 0.9444444444444444,
      "f1": 0.9714285714285714,
      "support": 18,
      "sensitivity": 0.944444444444392,
      "specificity": 0.9999999999999737
    },
    "ICC": {
      "precision": 0.875,
      "recall": 1.0,
      "f1": 0.9333333333333333,
      "support": 21,
      "sensitivity": 0.9999999999999525,
      "specificity": 0.9142857142856882
    },
    "CHCC": {
      "precision": 1.0,
      "recall": 0.8823529411764706,
      "f1": 0.9375,
      "support": 17,
      "sensitivity": 0.8823529411764188,
      "specificity": 0.9999999999999744
    }
  }
}