{
  "accuracy": 0.9454545454545454,
  "f1_macro": 0.9462052962052963,
  "f1_per_class": {
    "HCC": 0.95,
    "ICC": 0.918918918918919,
    "CHCC": 0.9696969696969697
  },
  "auc_macro_ovr": 0.9861254443297787,
  "balanced_accuracy": 0.9453044375644479,
  "confusion_matrix": [
    [
      19,
      0,
      0
    ],
    [
      2,
      17,
      0
    ],
    [
      0,
      1,
      16
    ]
  ],
  "classification_report": {
    "HCC": {
      "precision": 0.9047619047619048,
      "recall": 1.0,
      "f1-score": 0.95,
      "support": 19.0
    },
    "ICC": {
      "precision": 0.9444444444444444,
      "recall": 0.8947368421052632,
      "f1-score": 0.918918918918919,
      "support": 19.0
    },
    "CHCC": {
      "precision": 1.0,
      "recall": 0.9411764705882353,
      "f1-score": 0.9696969696969697,
      "support": 17.0
    },
    "accuracy": 0.9454545454545454,
    "macro avg": {
      "precision": 0.9497354497354498,
      "recall": 0.9453044375644994,
      "f1-score": 0.9462052962052963,
      "support": 55.0
    },
    "weighted avg": {
      "precision": 0.9479076479076479,
      "recall": 0.9454545454545454,
      "f1-score": 0.9453510535328717,
      "support": 55.0
    }
  },
  "ci_95": {
    "accuracy": {
      "low": 0.8727272727272727,
      "high": 1.0
    },
    "f1_macro": {
      "low": 0.874542577852858,
      "high": 1.0
    },
    "auc_macro_ovr": {
      "low": 0.9635945620033083,
      "high": 1.0
    }
  },
  "classes": [
    "HCC",
    "ICC",
    "CHCC"
  ],
  "per_class_stats": {
    "HCC": {
      "precision": 0.9047619047619048,
      "recall": 1.0,
      "f1": 0.95,
      "support": 19,
      "sensitivity": 0.9999999999999475,
      "specificity": 0.9444444444444181
    },
    "ICC": {
      "precision": 0.9444444444444444,
      "recall": 0.8947368421052632,
      "f1": 0.918918918918919,
      "support": 19,
      "sensitivity": 0.8947368421052162,
      "specificity": 0.9722222222221951
    },
    "CHCC": {
      "precision": 1.0,
      "recall": 0.9411764705882353,
      "f1": 0.9696969696969697,
      "support": 17,
      "sensitivity": 0.94117647058818,
      "specificity": 0.9999999999999737
    }
  }
}