{
  "accuracy": 0.9454545454545454,
  "f1_macro": 0.9449786324786325,
  "f1_per_class": {
    "HCC": 0.9743589743589743,
    "ICC": 0.9230769230769231,
    "CHCC": 0.9375
  },
  "auc_macro_ovr": 0.9880460956312348,
  "balanced_accuracy": 0.9432404540763161,
  "confusion_matrix": [
    [
      19,
      0,
      0
    ],
    [
      1,
      18,
      0
    ],
    [
      0,
      2,
      15
    ]
  ],
  "classification_report": {
    "HCC": {
      "precision": 0.95,
      "recall": 1.0,
      "f1-score": 0.9743589743589743,
      "support": 19.0
    },
    "ICC": {
      "precision": 0.9,
      "recall": 0.9473684210526315,
      "f1-score": 0.9230769230769231,
      "support": 19.0
    },
    "CHCC": {
      "precision": 1.0,
      "recall": 0.8823529411764706,
      "f1-score": 0.9375,
      "support": 17.0
    },
    "accuracy": 0.9454545454545454,
    "macro avg": {
      "precision": 0.9500000000000001,
      "recall": 0.9432404540763674,
      "f1-score": 0.9449786324786325,
      "support": 55.0
    },
    "weighted avg": {
      "precision": 0.9481818181818182,
      "recall": 0.9454545454545454,
      "f1-score": 0.9452505827505827,
      "support": 55.0
    }
  },
  "ci_95": {
    "accuracy": {
      "low": 0.8727272727272727,
      "high": 1.0
    },
    "f1_macro": {
      "low": 0.8733582183236561,
      "high": 1.0
    },
    "auc_macro_ovr": {
      "low": 0.9632285693245131,
      "high": 1.0
    }
  },
  "classes": [
    "HCC",
    "ICC",
    "CHCC"
  ],
  "per_class_stats": {
    "HCC": {
      "precision": 0.95,
      "recall": 1.0,
      "f1": 0.9743589743589743,
      "support": 19,
      "sensitivity": 0.9999999999999475,
      "specificity": 0.9722222222221951
    },
    "ICC": {
      "precision": 0.9,
      "recall": 0.9473684210526315,
      "f1": 0.9230769230769231,
      "support": 19,
      "sensitivity": 0.9473684210525818,
      "specificity": 0.9444444444444181
    },
    "CHCC": {
      "precision": 1.0,
      "recall": 0.8823529411764706,
      "f1": 0.9375,
      "support": 17,
      "sensitivity": 0.8823529411764188,
      "specificity": 0.9999999999999737
    }
  }
}