metric,value
Accuracy,0.9454545454545454
Macro-F1,0.9449786324786325
Macro-AUC (OvR),0.9880460956312348
Balanced Accuracy,0.9432404540763161
Precision (HCC),0.95
Recall/Sensitivity (HCC),0.9999999999999475
Specificity (HCC),0.9722222222221951
F1 (HCC),0.9743589743589743
Support (HCC),19.0
Precision (ICC),0.9
Recall/Sensitivity (ICC),0.9473684210525818
Specificity (ICC),0.9444444444444181
F1 (ICC),0.9230769230769231
Support (ICC),19.0
Precision (CHCC),1.0
Recall/Sensitivity (CHCC),0.8823529411764188
Specificity (CHCC),0.9999999999999737
F1 (CHCC),0.9375
Support (CHCC),17.0
