{
  "accuracy_oof": 0.9460431654676259,
  "f1_macro_oof": 0.9473497732426304,
  "auc_macro_ovr_oof": 0.9870489319240324,
  "balanced_accuracy_oof": 0.9474730618660429,
  "confusion_matrix_oof": [
    [
      92,
      2,
      0
    ],
    [
      9,
      89,
      1
    ],
    [
      1,
      2,
      82
    ]
  ],
  "classification_report_oof": {
    "HCC": {
      "precision": 0.9019607843137255,
      "recall": 0.9787234042553191,
      "f1-score": 0.9387755102040817,
      "support": 94.0
    },
    "ICC": {
      "precision": 0.956989247311828,
      "recall": 0.898989898989899,
      "f1-score": 0.9270833333333334,
      "support": 99.0
    },
    "CHCC": {
      "precision": 0.9879518072289156,
      "recall": 0.9647058823529412,
      "f1-score": 0.9761904761904762,
      "support": 85.0
    },
    "accuracy": 0.9460431654676259,
    "macro avg": {
      "precision": 0.9489672796181563,
      "recall": 0.9474730618660532,
      "f1-score": 0.9473497732426304,
      "support": 278.0
    },
    "weighted avg": {
      "precision": 0.947849470589277,
      "recall": 0.9460431654676259,
      "f1-score": 0.9460515771056625,
      "support": 278.0
    }
  },
  "ci_95_oof": {
    "accuracy": {
      "low": 0.9172661870503597,
      "high": 0.9676258992805755
    },
    "f1_macro": {
      "low": 0.9194404375952835,
      "high": 0.9691189874298036
    },
    "auc_macro_ovr": {
      "low": 0.9773143303074603,
      "high": 0.9947380937840329
    }
  },
  "classes": [
    "HCC",
    "ICC",
    "CHCC"
  ],
  "per_class_stats_oof": {
    "HCC": {
      "precision": 0.9019607843137255,
      "recall": 0.9787234042553191,
      "f1": 0.9387755102040817,
      "support": 94,
      "sensitivity": 0.9787234042553088,
      "specificity": 0.9456521739130384
    },
    "ICC": {
      "precision": 0.956989247311828,
      "recall": 0.898989898989899,
      "f1": 0.9270833333333334,
      "support": 99,
      "sensitivity": 0.8989898989898899,
      "specificity": 0.9776536312849108
    },
    "CHCC": {
      "precision": 0.9879518072289156,
      "recall": 0.9647058823529412,
      "f1": 0.9761904761904762,
      "support": 85,
      "sensitivity": 0.9647058823529299,
      "specificity": 0.9948186528497358
    }
  }
}