{
  "accuracy": 0.9818181818181818,
  "f1_macro": 0.9813519813519814,
  "f1_per_class": {
    "HCC": 1.0,
    "ICC": 0.9743589743589743,
    "CHCC": 0.9696969696969697
  },
  "auc_macro_ovr": 0.9980220158238734,
  "balanced_accuracy": 0.9803921568626915,
  "confusion_matrix": [
    [
      19,
      0,
      0
    ],
    [
      0,
      19,
      0
    ],
    [
      0,
      1,
      16
    ]
  ],
  "classification_report": {
    "HCC": {
      "precision": 1.0,
      "recall": 1.0,
      "f1-score": 1.0,
      "support": 19.0
    },
    "ICC": {
      "precision": 0.95,
      "recall": 1.0,
      "f1-score": 0.9743589743589743,
      "support": 19.0
    },
    "CHCC": {
      "precision": 1.0,
      "recall": 0.9411764705882353,
      "f1-score": 0.9696969696969697,
      "support": 17.0
    },
    "accuracy": 0.9818181818181818,
    "macro avg": {
      "precision": 0.9833333333333334,
      "recall": 0.9803921568627452,
      "f1-score": 0.9813519813519814,
      "support": 55.0
    },
    "weighted avg": {
      "precision": 0.9827272727272727,
      "recall": 0.9818181818181818,
      "f1-score": 0.9817757999576181,
      "support": 55.0
    }
  },
  "ci_95": {
    "accuracy": {
      "low": 0.9454545454545454,
      "high": 1.0
    },
    "f1_macro": {
      "low": 0.9377693059628543,
      "high": 1.0
    },
    "auc_macro_ovr": {
      "low": 0.9919856077803694,
      "high": 1.0
    }
  },
  "classes": [
    "HCC",
    "ICC",
    "CHCC"
  ],
  "per_class_stats": {
    "HCC": {
      "precision": 1.0,
      "recall": 1.0,
      "f1": 1.0,
      "support": 19,
      "sensitivity": 0.9999999999999475,
      "specificity": 0.9999999999999721
    },
    "ICC": {
      "precision": 0.95,
      "recall": 1.0,
      "f1": 0.9743589743589743,
      "support": 19,
      "sensitivity": 0.9999999999999475,
      "specificity": 0.9722222222221951
    },
    "CHCC": {
      "precision": 1.0,
      "recall": 0.9411764705882353,
      "f1": 0.9696969696969697,
      "support": 17,
      "sensitivity": 0.94117647058818,
      "specificity": 0.9999999999999737
    }
  }
}