metric,value
Accuracy,0.9818181818181818
Macro-F1,0.9813519813519814
Macro-AUC (OvR),0.9980220158238734
Balanced Accuracy,0.9803921568626915
Precision (HCC),1.0
Recall/Sensitivity (HCC),0.9999999999999475
Specificity (HCC),0.9999999999999721
F1 (HCC),1.0
Support (HCC),19.0
Precision (ICC),0.95
Recall/Sensitivity (ICC),0.9999999999999475
Specificity (ICC),0.9722222222221951
F1 (ICC),0.9743589743589743
Support (ICC),19.0
Precision (CHCC),1.0
Recall/Sensitivity (CHCC),0.94117647058818
Specificity (CHCC),0.9999999999999737
F1 (CHCC),0.9696969696969697
Support (CHCC),17.0
