{
  "accuracy": 0.9107142857142857,
  "f1_macro": 0.9153999026072307,
  "f1_per_class": {
    "HCC": 0.8837209302325582,
    "ICC": 0.8947368421052632,
    "CHCC": 0.967741935483871
  },
  "auc_macro_ovr": 0.9515625,
  "balanced_accuracy": 0.9124999999999505,
  "confusion_matrix": [
    [
      19,
      1,
      0
    ],
    [
      3,
      17,
      0
    ],
    [
      1,
      0,
      15
    ]
  ],
  "classification_report": {
    "HCC": {
      "precision": 0.8260869565217391,
      "recall": 0.95,
      "f1-score": 0.8837209302325582,
      "support": 20.0
    },
    "ICC": {
      "precision": 0.9444444444444444,
      "recall": 0.85,
      "f1-score": 0.8947368421052632,
      "support": 20.0
    },
    "CHCC": {
      "precision": 1.0,
      "recall": 0.9375,
      "f1-score": 0.967741935483871,
      "support": 16.0
    },
    "accuracy": 0.9107142857142857,
    "macro avg": {
      "precision": 0.9235104669887279,
      "recall": 0.9125,
      "f1-score": 0.9153999026072307,
      "support": 56.0
    },
    "weighted avg": {
      "precision": 0.9180469289164941,
      "recall": 0.9107142857142857,
      "f1-score": 0.911661185973185,
      "support": 56.0
    }
  },
  "ci_95": {
    "accuracy": {
      "low": 0.8392857142857143,
      "high": 0.9821428571428571
    },
    "f1_macro": {
      "low": 0.839392177589852,
      "high": 0.981974432259828
    },
    "auc_macro_ovr": {
      "low": 0.893279067246958,
      "high": 0.9966586442129736
    }
  },
  "classes": [
    "HCC",
    "ICC",
    "CHCC"
  ],
  "per_class_stats": {
    "HCC": {
      "precision": 0.8260869565217391,
      "recall": 0.95,
      "f1": 0.8837209302325582,
      "support": 20,
      "sensitivity": 0.9499999999999525,
      "specificity": 0.8888888888888642
    },
    "ICC": {
      "precision": 0.9444444444444444,
      "recall": 0.85,
      "f1": 0.8947368421052632,
      "support": 20,
      "sensitivity": 0.8499999999999576,
      "specificity": 0.9722222222221951
    },
    "CHCC": {
      "precision": 1.0,
      "recall": 0.9375,
      "f1": 0.967741935483871,
      "support": 16,
      "sensitivity": 0.9374999999999415,
      "specificity": 0.9999999999999749
    }
  }
}