{
  "accuracy_oof": 0.9496402877697842,
  "f1_macro_oof": 0.9498281884665879,
  "auc_macro_ovr_oof": 0.9785678940177179,
  "balanced_accuracy_oof": 0.9499273081250449,
  "confusion_matrix_oof": [
    [
      90,
      1,
      3
    ],
    [
      5,
      93,
      1
    ],
    [
      0,
      4,
      81
    ]
  ],
  "classification_report_oof": {
    "HCC": {
      "precision": 0.9473684210526315,
      "recall": 0.9574468085106383,
      "f1-score": 0.9523809523809523,
      "support": 94.0
    },
    "ICC": {
      "precision": 0.9489795918367347,
      "recall": 0.9393939393939394,
      "f1-score": 0.9441624365482234,
      "support": 99.0
    },
    "CHCC": {
      "precision": 0.9529411764705882,
      "recall": 0.9529411764705882,
      "f1-score": 0.9529411764705882,
      "support": 85.0
    },
    "accuracy": 0.9496402877697842,
    "macro avg": {
      "precision": 0.9497630631199847,
      "recall": 0.9499273081250553,
      "f1-score": 0.9498281884665879,
      "support": 278.0
    },
    "weighted avg": {
      "precision": 0.9496460833481444,
      "recall": 0.9496402877697842,
      "f1-score": 0.9496255062664879,
      "support": 278.0
    }
  },
  "ci_95_oof": {
    "accuracy": {
      "low": 0.9244604316546763,
      "high": 0.9712230215827338
    },
    "f1_macro": {
      "low": 0.9241483478758569,
      "high": 0.9715827392379305
    },
    "auc_macro_ovr": {
      "low": 0.9628765604980631,
      "high": 0.9908204675072377
    }
  },
  "classes": [
    "HCC",
    "ICC",
    "CHCC"
  ],
  "per_class_stats_oof": {
    "HCC": {
      "precision": 0.9473684210526315,
      "recall": 0.9574468085106383,
      "f1": 0.9523809523809523,
      "support": 94,
      "sensitivity": 0.9574468085106281,
      "specificity": 0.9728260869565165
    },
    "ICC": {
      "precision": 0.9489795918367347,
      "recall": 0.9393939393939394,
      "f1": 0.9441624365482234,
      "support": 99,
      "sensitivity": 0.9393939393939299,
      "specificity": 0.9720670391061399
    },
    "CHCC": {
      "precision": 0.9529411764705882,
      "recall": 0.9529411764705882,
      "f1": 0.9529411764705882,
      "support": 85,
      "sensitivity": 0.9529411764705771,
      "specificity": 0.9792746113989587
    }
  }
}