{
  "accuracy": 0.9454545454545454,
  "f1_macro": 0.9473319473319474,
  "f1_per_class": {
    "HCC": 0.9230769230769231,
    "ICC": 0.918918918918919,
    "CHCC": 1.0
  },
  "auc_macro_ovr": 0.9956140350877193,
  "balanced_accuracy": 0.9473684210525798,
  "confusion_matrix": [
    [
      18,
      1,
      0
    ],
    [
      2,
      17,
      0
    ],
    [
      0,
      0,
      17
    ]
  ],
  "classification_report": {
    "HCC": {
      "precision": 0.9,
      "recall": 0.9473684210526315,
      "f1-score": 0.9230769230769231,
      "support": 19.0
    },
    "ICC": {
      "precision": 0.9444444444444444,
      "recall": 0.8947368421052632,
      "f1-score": 0.918918918918919,
      "support": 19.0
    },
    "CHCC": {
      "precision": 1.0,
      "recall": 1.0,
      "f1-score": 1.0,
      "support": 17.0
    },
    "accuracy": 0.9454545454545454,
    "macro avg": {
      "precision": 0.9481481481481482,
      "recall": 0.9473684210526315,
      "f1-score": 0.9473319473319474,
      "support": 55.0
    },
    "weighted avg": {
      "precision": 0.9462626262626262,
      "recall": 0.9454545454545454,
      "f1-score": 0.9454167454167455,
      "support": 55.0
    }
  },
  "ci_95": {
    "accuracy": {
      "low": 0.8727272727272727,
      "high": 1.0
    },
    "f1_macro": {
      "low": 0.8771059597146553,
      "high": 1.0
    },
    "auc_macro_ovr": {
      "low": 0.984018099859009,
      "high": 1.0
    }
  },
  "classes": [
    "HCC",
    "ICC",
    "CHCC"
  ],
  "per_class_stats": {
    "HCC": {
      "precision": 0.9,
      "recall": 0.9473684210526315,
      "f1": 0.9230769230769231,
      "support": 19,
      "sensitivity": 0.9473684210525818,
      "specificity": 0.9444444444444181
    },
    "ICC": {
      "precision": 0.9444444444444444,
      "recall": 0.8947368421052632,
      "f1": 0.918918918918919,
      "support": 19,
      "sensitivity": 0.8947368421052162,
      "specificity": 0.9722222222221951
    },
    "CHCC": {
      "precision": 1.0,
      "recall": 1.0,
      "f1": 1.0,
      "support": 17,
      "sensitivity": 0.9999999999999413,
      "specificity": 0.9999999999999737
    }
  }
}