metric,value
Accuracy,0.9454545454545454
Macro-F1,0.9473319473319474
Macro-AUC (OvR),0.9956140350877193
Balanced Accuracy,0.9473684210525798
Precision (HCC),0.9
Recall/Sensitivity (HCC),0.9473684210525818
Specificity (HCC),0.9444444444444181
F1 (HCC),0.9230769230769231
Support (HCC),19.0
Precision (ICC),0.9444444444444444
Recall/Sensitivity (ICC),0.8947368421052162
Specificity (ICC),0.9722222222221951
F1 (ICC),0.918918918918919
Support (ICC),19.0
Precision (CHCC),1.0
Recall/Sensitivity (CHCC),0.9999999999999413
Specificity (CHCC),0.9999999999999737
F1 (CHCC),1.0
Support (CHCC),17.0
