{
  "accuracy": 0.9107142857142857,
  "f1_macro": 0.9123329156223893,
  "f1_per_class": {
    "HCC": 0.9047619047619048,
    "ICC": 0.8947368421052632,
    "CHCC": 0.9375
  },
  "auc_macro_ovr": 0.9533564814814813,
  "balanced_accuracy": 0.9124999999999505,
  "confusion_matrix": [
    [
      19,
      0,
      1
    ],
    [
      3,
      17,
      0
    ],
    [
      0,
      1,
      15
    ]
  ],
  "classification_report": {
    "HCC": {
      "precision": 0.8636363636363636,
      "recall": 0.95,
      "f1-score": 0.9047619047619048,
      "support": 20.0
    },
    "ICC": {
      "precision": 0.9444444444444444,
      "recall": 0.85,
      "f1-score": 0.8947368421052632,
      "support": 20.0
    },
    "CHCC": {
      "precision": 0.9375,
      "recall": 0.9375,
      "f1-score": 0.9375,
      "support": 16.0
    },
    "accuracy": 0.9107142857142857,
    "macro avg": {
      "precision": 0.9151936026936026,
      "recall": 0.9125,
      "f1-score": 0.9123329156223893,
      "support": 56.0
    },
    "weighted avg": {
      "precision": 0.9136002886002886,
      "recall": 0.9107142857142857,
      "f1-score": 0.9105352667382743,
      "support": 56.0
    }
  },
  "ci_95": {
    "accuracy": {
      "low": 0.8392857142857143,
      "high": 0.9821428571428571
    },
    "f1_macro": {
      "low": 0.8363592088610771,
      "high": 0.9814756611247839
    },
    "auc_macro_ovr": {
      "low": 0.9018299682013294,
      "high": 0.9947455349773964
    }
  },
  "classes": [
    "HCC",
    "ICC",
    "CHCC"
  ],
  "per_class_stats": {
    "HCC": {
      "precision": 0.8636363636363636,
      "recall": 0.95,
      "f1": 0.9047619047619048,
      "support": 20,
      "sensitivity": 0.9499999999999525,
      "specificity": 0.9166666666666412
    },
    "ICC": {
      "precision": 0.9444444444444444,
      "recall": 0.85,
      "f1": 0.8947368421052632,
      "support": 20,
      "sensitivity": 0.8499999999999576,
      "specificity": 0.9722222222221951
    },
    "CHCC": {
      "precision": 0.9375,
      "recall": 0.9375,
      "f1": 0.9375,
      "support": 16,
      "sensitivity": 0.9374999999999415,
      "specificity": 0.9749999999999756
    }
  }
}