metric,value
Accuracy,0.9107142857142857
Macro-F1,0.9123329156223893
Macro-AUC (OvR),0.9533564814814813
Balanced Accuracy,0.9124999999999505
Precision (HCC),0.8636363636363636
Recall/Sensitivity (HCC),0.9499999999999525
Specificity (HCC),0.9166666666666412
F1 (HCC),0.9047619047619048
Support (HCC),20.0
Precision (ICC),0.9444444444444444
Recall/Sensitivity (ICC),0.8499999999999576
Specificity (ICC),0.9722222222221951
F1 (ICC),0.8947368421052632
Support (ICC),20.0
Precision (CHCC),0.9375
Recall/Sensitivity (CHCC),0.9374999999999415
Specificity (CHCC),0.9749999999999756
F1 (CHCC),0.9375
Support (CHCC),16.0
