{
  "accuracy": 0.9642857142857143,
  "f1_macro": 0.965016965016965,
  "f1_per_class": {
    "HCC": 0.972972972972973,
    "ICC": 0.9523809523809523,
    "CHCC": 0.9696969696969697
  },
  "auc_macro_ovr": 0.9846811419124556,
  "balanced_accuracy": 0.9645191409896773,
  "confusion_matrix": [
    [
      18,
      0,
      0
    ],
    [
      1,
      20,
      0
    ],
    [
      0,
      1,
      16
    ]
  ],
  "classification_report": {
    "HCC": {
      "precision": 0.9473684210526315,
      "recall": 1.0,
      "f1-score": 0.972972972972973,
      "support": 18.0
    },
    "ICC": {
      "precision": 0.9523809523809523,
      "recall": 0.9523809523809523,
      "f1-score": 0.9523809523809523,
      "support": 21.0
    },
    "CHCC": {
      "precision": 1.0,
      "recall": 0.9411764705882353,
      "f1-score": 0.9696969696969697,
      "support": 17.0
    },
    "accuracy": 0.9642857142857143,
    "macro avg": {
      "precision": 0.9665831244778613,
      "recall": 0.9645191409897292,
      "f1-score": 0.965016965016965,
      "support": 56.0
    },
    "weighted avg": {
      "precision": 0.9652255639097744,
      "recall": 0.9642857142857143,
      "f1-score": 0.9642564642564643,
      "support": 56.0
    }
  },
  "ci_95": {
    "accuracy": {
      "low": 0.9107142857142857,
      "high": 1.0
    },
    "f1_macro": {
      "low": 0.9088772625208795,
      "high": 1.0
    },
    "auc_macro_ovr": {
      "low": 0.954758228887486,
      "high": 1.0
    }
  },
  "classes": [
    "HCC",
    "ICC",
    "CHCC"
  ],
  "per_class_stats": {
    "HCC": {
      "precision": 0.9473684210526315,
      "recall": 1.0,
      "f1": 0.972972972972973,
      "support": 18,
      "sensitivity": 0.9999999999999445,
      "specificity": 0.9736842105262902
    },
    "ICC": {
      "precision": 0.9523809523809523,
      "recall": 0.9523809523809523,
      "f1": 0.9523809523809523,
      "support": 21,
      "sensitivity": 0.9523809523809071,
      "specificity": 0.9714285714285437
    },
    "CHCC": {
      "precision": 1.0,
      "recall": 0.9411764705882353,
      "f1": 0.9696969696969697,
      "support": 17,
      "sensitivity": 0.94117647058818,
      "specificity": 0.9999999999999744
    }
  }
}