metric,value
Accuracy,0.9642857142857143
Macro-F1,0.965016965016965
Macro-AUC (OvR),0.9846811419124556
Balanced Accuracy,0.9645191409896773
Precision (HCC),0.9473684210526315
Recall/Sensitivity (HCC),0.9999999999999445
Specificity (HCC),0.9736842105262902
F1 (HCC),0.972972972972973
Support (HCC),18.0
Precision (ICC),0.9523809523809523
Recall/Sensitivity (ICC),0.9523809523809071
Specificity (ICC),0.9714285714285437
F1 (ICC),0.9523809523809523
Support (ICC),21.0
Precision (CHCC),1.0
Recall/Sensitivity (CHCC),0.94117647058818
Specificity (CHCC),0.9999999999999744
F1 (CHCC),0.9696969696969697
Support (CHCC),17.0
