{
    "file": "D:\\HCC\\Naive_Model\\external_predictions_5slices.csv",
    "total_patients": 233,
    "ground_truth_counts": {
        "HCC": 233
    },
    "HCC_sensitivity": 0.5879828326180258,
    "predicted_counts": {
        "HCC": 137,
        "ICC": 66,
        "CHCC": 30
    },
    "prob_stats": {
        "count": 233.0,
        "mean": 0.41537396199570825,
        "std": 0.1718521848768512,
        "min": 0.05679106,
        "25%": 0.2894275,
        "50%": 0.41536093,
        "75%": 0.5382542,
        "max": 0.7830147
    },
    "confidence_breakdown": {
        "high": 0.0,
        "medium": 0.16738197424892703,
        "low": 0.8326180257510729
    }
}