{
    "file": "external_predictions_2D.csv",
    "total_patients": 233,
    "ground_truth_counts": {
        "HCC": 233
    },
    "HCC_sensitivity": 0.7896995708154506,
    "predicted_counts": {
        "HCC": 184,
        "CHCC": 28,
        "ICC": 21
    },
    "prob_stats": {
        "count": 233.0,
        "mean": 0.5234167973390557,
        "std": 0.15217889289223063,
        "min": 0.11098983,
        "25%": 0.42061958,
        "50%": 0.5290354,
        "75%": 0.6277062,
        "max": 0.87467635
    },
    "confidence_breakdown": {
        "high": 0.0,
        "medium": 0.3261802575107296,
        "low": 0.6738197424892703
    }
}