{
    "file": "D:\\HCC\\Naive_Model\\external_predictions_13slices.csv",
    "total_patients": 233,
    "ground_truth_counts": {
        "HCC": 233
    },
    "HCC_sensitivity": 0.5965665236051502,
    "predicted_counts": {
        "HCC": 139,
        "ICC": 75,
        "CHCC": 19
    },
    "prob_stats": {
        "count": 233.0,
        "mean": 0.4376946282403434,
        "std": 0.16044048101395478,
        "min": 0.08228176,
        "25%": 0.3289331,
        "50%": 0.45185146,
        "75%": 0.5585425,
        "max": 0.8072876
    },
    "confidence_breakdown": {
        "high": 0.0,
        "medium": 0.15450643776824036,
        "low": 0.8454935622317596
    }
}