metric,value
Accuracy,0.9642857142857143
Macro-F1,0.9632530665529231
Macro-AUC (OvR),0.9932504873294348
Balanced Accuracy,0.9629629629629113
Precision (HCC),0.9473684210526315
Recall/Sensitivity (HCC),0.9999999999999445
Specificity (HCC),0.9736842105262902
F1 (HCC),0.972972972972973
Support (HCC),18.0
Precision (ICC),0.9523809523809523
Recall/Sensitivity (ICC),0.99999999999995
Specificity (ICC),0.9722222222221951
F1 (ICC),0.975609756097561
Support (ICC),20.0
Precision (CHCC),1.0
Recall/Sensitivity (CHCC),0.8888888888888395
Specificity (CHCC),0.9999999999999737
F1 (CHCC),0.9411764705882353
Support (CHCC),18.0
