{
  "accuracy": 0.9642857142857143,
  "f1_macro": 0.9632530665529231,
  "f1_per_class": {
    "HCC": 0.972972972972973,
    "ICC": 0.975609756097561,
    "CHCC": 0.9411764705882353
  },
  "auc_macro_ovr": 0.9932504873294348,
  "balanced_accuracy": 0.9629629629629113,
  "confusion_matrix": [
    [
      18,
      0,
      0
    ],
    [
      0,
      20,
      0
    ],
    [
      1,
      1,
      16
    ]
  ],
  "classification_report": {
    "HCC": {
      "precision": 0.9473684210526315,
      "recall": 1.0,
      "f1-score": 0.972972972972973,
      "support": 18.0
    },
    "ICC": {
      "precision": 0.9523809523809523,
      "recall": 1.0,
      "f1-score": 0.975609756097561,
      "support": 20.0
    },
    "CHCC": {
      "precision": 1.0,
      "recall": 0.8888888888888888,
      "f1-score": 0.9411764705882353,
      "support": 18.0
    },
    "accuracy": 0.9642857142857143,
    "macro avg": {
      "precision": 0.9665831244778613,
      "recall": 0.9629629629629629,
      "f1-score": 0.9632530665529231,
      "support": 56.0
    },
    "weighted avg": {
      "precision": 0.9660759040458288,
      "recall": 0.9642857142857143,
      "f1-score": 0.963694376893803,
      "support": 56.0
    }
  },
  "ci_95": {
    "accuracy": {
      "low": 0.9107142857142857,
      "high": 1.0
    },
    "f1_macro": {
      "low": 0.9022591035105754,
      "high": 1.0
    },
    "auc_macro_ovr": {
      "low": 0.9790547754900817,
      "high": 1.0
    }
  },
  "classes": [
    "HCC",
    "ICC",
    "CHCC"
  ],
  "per_class_stats": {
    "HCC": {
      "precision": 0.9473684210526315,
      "recall": 1.0,
      "f1": 0.972972972972973,
      "support": 18,
      "sensitivity": 0.9999999999999445,
      "specificity": 0.9736842105262902
    },
    "ICC": {
      "precision": 0.9523809523809523,
      "recall": 1.0,
      "f1": 0.975609756097561,
      "support": 20,
      "sensitivity": 0.99999999999995,
      "specificity": 0.9722222222221951
    },
    "CHCC": {
      "precision": 1.0,
      "recall": 0.8888888888888888,
      "f1": 0.9411764705882353,
      "support": 18,
      "sensitivity": 0.8888888888888395,
      "specificity": 0.9999999999999737
    }
  }
}