{
  "accuracy": 0.9454545454545454,
  "f1_macro": 0.9457674137552187,
  "f1_per_class": {
    "HCC": 0.926829268292683,
    "ICC": 0.972972972972973,
    "CHCC": 0.9375
  },
  "auc_macro_ovr": 0.9828861369109047,
  "balanced_accuracy": 0.9432404540763161,
  "confusion_matrix": [
    [
      19,
      0,
      0
    ],
    [
      1,
      18,
      0
    ],
    [
      2,
      0,
      15
    ]
  ],
  "classification_report": {
    "HCC": {
      "precision": 0.8636363636363636,
      "recall": 1.0,
      "f1-score": 0.926829268292683,
      "support": 19.0
    },
    "ICC": {
      "precision": 1.0,
      "recall": 0.9473684210526315,
      "f1-score": 0.972972972972973,
      "support": 19.0
    },
    "CHCC": {
      "precision": 1.0,
      "recall": 0.8823529411764706,
      "f1-score": 0.9375,
      "support": 17.0
    },
    "accuracy": 0.9454545454545454,
    "macro avg": {
      "precision": 0.9545454545454546,
      "recall": 0.9432404540763674,
      "f1-score": 0.9457674137552187,
      "support": 55.0
    },
    "weighted avg": {
      "precision": 0.952892561983471,
      "recall": 0.9454545454545454,
      "f1-score": 0.9460680469826811,
      "support": 55.0
    }
  },
  "ci_95": {
    "accuracy": {
      "low": 0.8727272727272727,
      "high": 1.0
    },
    "f1_macro": {
      "low": 0.8775937367317548,
      "high": 1.0
    },
    "auc_macro_ovr": {
      "low": 0.9439094169574679,
      "high": 1.0
    }
  },
  "classes": [
    "HCC",
    "ICC",
    "CHCC"
  ],
  "per_class_stats": {
    "HCC": {
      "precision": 0.8636363636363636,
      "recall": 1.0,
      "f1": 0.926829268292683,
      "support": 19,
      "sensitivity": 0.9999999999999475,
      "specificity": 0.9166666666666412
    },
    "ICC": {
      "precision": 1.0,
      "recall": 0.9473684210526315,
      "f1": 0.972972972972973,
      "support": 19,
      "sensitivity": 0.9473684210525818,
      "specificity": 0.9999999999999721
    },
    "CHCC": {
      "precision": 1.0,
      "recall": 0.8823529411764706,
      "f1": 0.9375,
      "support": 17,
      "sensitivity": 0.8823529411764188,
      "specificity": 0.9999999999999737
    }
  }
}