metric,value
Accuracy,0.9454545454545454
Macro-F1,0.9457674137552187
Macro-AUC (OvR),0.9828861369109047
Balanced Accuracy,0.9432404540763161
Precision (HCC),0.8636363636363636
Recall/Sensitivity (HCC),0.9999999999999475
Specificity (HCC),0.9166666666666412
F1 (HCC),0.926829268292683
Support (HCC),19.0
Precision (ICC),1.0
Recall/Sensitivity (ICC),0.9473684210525818
Specificity (ICC),0.9999999999999721
F1 (ICC),0.972972972972973
Support (ICC),19.0
Precision (CHCC),1.0
Recall/Sensitivity (CHCC),0.8823529411764188
Specificity (CHCC),0.9999999999999737
F1 (CHCC),0.9375
Support (CHCC),17.0
