{
  "accuracy": 0.9285714285714286,
  "f1_macro": 0.9288499025341131,
  "f1_per_class": {
    "HCC": 0.9444444444444444,
    "ICC": 0.9473684210526315,
    "CHCC": 0.8947368421052632
  },
  "auc_macro_ovr": 0.9975633528265107,
  "balanced_accuracy": 0.9296296296295797,
  "confusion_matrix": [
    [
      17,
      0,
      1
    ],
    [
      0,
      18,
      2
    ],
    [
      1,
      0,
      17
    ]
  ],
  "classification_report": {
    "HCC": {
      "precision": 0.9444444444444444,
      "recall": 0.9444444444444444,
      "f1-score": 0.9444444444444444,
      "support": 18.0
    },
    "ICC": {
      "precision": 1.0,
      "recall": 0.9,
      "f1-score": 0.9473684210526315,
      "support": 20.0
    },
    "CHCC": {
      "precision": 0.85,
      "recall": 0.9444444444444444,
      "f1-score": 0.8947368421052632,
      "support": 18.0
    },
    "accuracy": 0.9285714285714286,
    "macro avg": {
      "precision": 0.9314814814814815,
      "recall": 0.9296296296296296,
      "f1-score": 0.9288499025341131,
      "support": 56.0
    },
    "weighted avg": {
      "precision": 0.9339285714285713,
      "recall": 0.9285714285714286,
      "f1-score": 0.9295112781954887,
      "support": 56.0
    }
  },
  "ci_95": {
    "accuracy": {
      "low": 0.8571428571428571,
      "high": 0.9821428571428571
    },
    "f1_macro": {
      "low": 0.8495196334462639,
      "high": 0.9830998384154531
    },
    "auc_macro_ovr": {
      "low": 0.9893414638582705,
      "high": 1.0
    }
  },
  "classes": [
    "HCC",
    "ICC",
    "CHCC"
  ],
  "per_class_stats": {
    "HCC": {
      "precision": 0.9444444444444444,
      "recall": 0.9444444444444444,
      "f1": 0.9444444444444444,
      "support": 18,
      "sensitivity": 0.944444444444392,
      "specificity": 0.9736842105262902
    },
    "ICC": {
      "precision": 1.0,
      "recall": 0.9,
      "f1": 0.9473684210526315,
      "support": 20,
      "sensitivity": 0.8999999999999551,
      "specificity": 0.9999999999999721
    },
    "CHCC": {
      "precision": 0.85,
      "recall": 0.9444444444444444,
      "f1": 0.8947368421052632,
      "support": 18,
      "sensitivity": 0.944444444444392,
      "specificity": 0.921052631578923
    }
  }
}