{
  "accuracy": 0.9285714285714286,
  "f1_macro": 0.9284020862968232,
  "f1_per_class": {
    "HCC": 0.9473684210526315,
    "ICC": 0.918918918918919,
    "CHCC": 0.918918918918919
  },
  "auc_macro_ovr": 0.9980994152046784,
  "balanced_accuracy": 0.9314814814814314,
  "confusion_matrix": [
    [
      18,
      0,
      0
    ],
    [
      1,
      17,
      2
    ],
    [
      1,
      0,
      17
    ]
  ],
  "classification_report": {
    "HCC": {
      "precision": 0.9,
      "recall": 1.0,
      "f1-score": 0.9473684210526315,
      "support": 18.0
    },
    "ICC": {
      "precision": 1.0,
      "recall": 0.85,
      "f1-score": 0.918918918918919,
      "support": 20.0
    },
    "CHCC": {
      "precision": 0.8947368421052632,
      "recall": 0.9444444444444444,
      "f1-score": 0.918918918918919,
      "support": 18.0
    },
    "accuracy": 0.9285714285714286,
    "macro avg": {
      "precision": 0.9315789473684211,
      "recall": 0.9314814814814815,
      "f1-score": 0.9284020862968232,
      "support": 56.0
    },
    "weighted avg": {
      "precision": 0.9340225563909775,
      "recall": 0.9285714285714286,
      "f1-score": 0.9280634017476121,
      "support": 56.0
    }
  },
  "ci_95": {
    "accuracy": {
      "low": 0.8571428571428571,
      "high": 0.9821428571428571
    },
    "f1_macro": {
      "low": 0.8488112416683845,
      "high": 0.983241149435137
    },
    "auc_macro_ovr": {
      "low": 0.9933676654459417,
      "high": 1.0
    }
  },
  "classes": [
    "HCC",
    "ICC",
    "CHCC"
  ],
  "per_class_stats": {
    "HCC": {
      "precision": 0.9,
      "recall": 1.0,
      "f1": 0.9473684210526315,
      "support": 18,
      "sensitivity": 0.9999999999999445,
      "specificity": 0.9473684210526065
    },
    "ICC": {
      "precision": 1.0,
      "recall": 0.85,
      "f1": 0.918918918918919,
      "support": 20,
      "sensitivity": 0.8499999999999576,
      "specificity": 0.9999999999999721
    },
    "CHCC": {
      "precision": 0.8947368421052632,
      "recall": 0.9444444444444444,
      "f1": 0.918918918918919,
      "support": 18,
      "sensitivity": 0.944444444444392,
      "specificity": 0.9473684210526065
    }
  }
}