metric,value
Accuracy,0.9285714285714286
Macro-F1,0.9284020862968232
Macro-AUC (OvR),0.9980994152046784
Balanced Accuracy,0.9314814814814314
Precision (HCC),0.9
Recall/Sensitivity (HCC),0.9999999999999445
Specificity (HCC),0.9473684210526065
F1 (HCC),0.9473684210526315
Support (HCC),18.0
Precision (ICC),1.0
Recall/Sensitivity (ICC),0.8499999999999576
Specificity (ICC),0.9999999999999721
F1 (ICC),0.918918918918919
Support (ICC),20.0
Precision (CHCC),0.8947368421052632
Recall/Sensitivity (CHCC),0.944444444444392
Specificity (CHCC),0.9473684210526065
F1 (CHCC),0.918918918918919
Support (CHCC),18.0
