metric,value
Accuracy,0.9454545454545454
Macro-F1,0.9462052962052963
Macro-AUC (OvR),0.9924607269808509
Balanced Accuracy,0.9453044375644479
Precision (HCC),0.9047619047619048
Recall/Sensitivity (HCC),0.9999999999999475
Specificity (HCC),0.9444444444444181
F1 (HCC),0.95
Support (HCC),19.0
Precision (ICC),0.9444444444444444
Recall/Sensitivity (ICC),0.8947368421052162
Specificity (ICC),0.9722222222221951
F1 (ICC),0.918918918918919
Support (ICC),19.0
Precision (CHCC),1.0
Recall/Sensitivity (CHCC),0.94117647058818
Specificity (CHCC),0.9999999999999737
F1 (CHCC),0.9696969696969697
Support (CHCC),17.0
