{
  "accuracy": 0.9285714285714286,
  "f1_macro": 0.929876775271512,
  "f1_per_class": {
    "HCC": 0.9473684210526315,
    "ICC": 0.9047619047619048,
    "CHCC": 0.9375
  },
  "auc_macro_ovr": 0.9772587757550163,
  "balanced_accuracy": 0.9290382819794084,
  "confusion_matrix": [
    [
      18,
      0,
      0
    ],
    [
      2,
      19,
      0
    ],
    [
      0,
      2,
      15
    ]
  ],
  "classification_report": {
    "HCC": {
      "precision": 0.9,
      "recall": 1.0,
      "f1-score": 0.9473684210526315,
      "support": 18.0
    },
    "ICC": {
      "precision": 0.9047619047619048,
      "recall": 0.9047619047619048,
      "f1-score": 0.9047619047619048,
      "support": 21.0
    },
    "CHCC": {
      "precision": 1.0,
      "recall": 0.8823529411764706,
      "f1-score": 0.9375,
      "support": 17.0
    },
    "accuracy": 0.9285714285714286,
    "macro avg": {
      "precision": 0.9349206349206348,
      "recall": 0.9290382819794584,
      "f1-score": 0.929876775271512,
      "support": 56.0
    },
    "weighted avg": {
      "precision": 0.9321428571428572,
      "recall": 0.9285714285714286,
      "f1-score": 0.9283952067669173,
      "support": 56.0
    }
  },
  "ci_95": {
    "accuracy": {
      "low": 0.8571428571428571,
      "high": 0.9821428571428571
    },
    "f1_macro": {
      "low": 0.860409660906645,
      "high": 0.9844961240310077
    },
    "auc_macro_ovr": {
      "low": 0.9455769295847382,
      "high": 0.9991323601798638
    }
  },
  "classes": [
    "HCC",
    "ICC",
    "CHCC"
  ],
  "per_class_stats": {
    "HCC": {
      "precision": 0.9,
      "recall": 1.0,
      "f1": 0.9473684210526315,
      "support": 18,
      "sensitivity": 0.9999999999999445,
      "specificity": 0.9473684210526065
    },
    "ICC": {
      "precision": 0.9047619047619048,
      "recall": 0.9047619047619048,
      "f1": 0.9047619047619048,
      "support": 21,
      "sensitivity": 0.9047619047618618,
      "specificity": 0.9428571428571159
    },
    "CHCC": {
      "precision": 1.0,
      "recall": 0.8823529411764706,
      "f1": 0.9375,
      "support": 17,
      "sensitivity": 0.8823529411764188,
      "specificity": 0.9999999999999744
    }
  }
}