{
  "accuracy_oof": 0.9424460431654677,
  "f1_macro_oof": 0.9426782011273561,
  "auc_macro_ovr_oof": 0.974491964240945,
  "balanced_accuracy_oof": 0.9422632667939199,
  "confusion_matrix_oof": [
    [
      91,
      1,
      2
    ],
    [
      6,
      92,
      1
    ],
    [
      1,
      5,
      79
    ]
  ],
  "classification_report_oof": {
    "HCC": {
      "precision": 0.9285714285714286,
      "recall": 0.9680851063829787,
      "f1-score": 0.9479166666666666,
      "support": 94.0
    },
    "ICC": {
      "precision": 0.9387755102040817,
      "recall": 0.9292929292929293,
      "f1-score": 0.934010152284264,
      "support": 99.0
    },
    "CHCC": {
      "precision": 0.9634146341463414,
      "recall": 0.9294117647058824,
      "f1-score": 0.9461077844311377,
      "support": 85.0
    },
    "accuracy": 0.9424460431654677,
    "macro avg": {
      "precision": 0.9435871909739505,
      "recall": 0.9422632667939301,
      "f1-score": 0.9426782011273561,
      "support": 278.0
    },
    "weighted avg": {
      "precision": 0.942858754310638,
      "recall": 0.9424460431654677,
      "f1-score": 0.9424112712930054,
      "support": 278.0
    }
  },
  "ci_95_oof": {
    "accuracy": {
      "low": 0.9136690647482014,
      "high": 0.9676258992805755
    },
    "f1_macro": {
      "low": 0.9137783524987297,
      "high": 0.9675953475444319
    },
    "auc_macro_ovr": {
      "low": 0.9565236890147879,
      "high": 0.9889380546986969
    }
  },
  "classes": [
    "HCC",
    "ICC",
    "CHCC"
  ],
  "per_class_stats_oof": {
    "HCC": {
      "precision": 0.9285714285714286,
      "recall": 0.9680851063829787,
      "f1": 0.9479166666666666,
      "support": 94,
      "sensitivity": 0.9680851063829685,
      "specificity": 0.9619565217391253
    },
    "ICC": {
      "precision": 0.9387755102040817,
      "recall": 0.9292929292929293,
      "f1": 0.934010152284264,
      "support": 99,
      "sensitivity": 0.92929292929292,
      "specificity": 0.9664804469273689
    },
    "CHCC": {
      "precision": 0.9634146341463414,
      "recall": 0.9294117647058824,
      "f1": 0.9461077844311377,
      "support": 85,
      "sensitivity": 0.9294117647058715,
      "specificity": 0.9844559585492177
    }
  }
}