{
  "accuracy_oof": 0.9388489208633094,
  "f1_macro_oof": 0.9390959992954805,
  "auc_macro_ovr_oof": 0.9752918370280664,
  "balanced_accuracy_oof": 0.9401844898715886,
  "confusion_matrix_oof": [
    [
      92,
      1,
      1
    ],
    [
      7,
      88,
      4
    ],
    [
      1,
      3,
      81
    ]
  ],
  "classification_report_oof": {
    "HCC": {
      "precision": 0.92,
      "recall": 0.9787234042553191,
      "f1-score": 0.9484536082474226,
      "support": 94.0
    },
    "ICC": {
      "precision": 0.9565217391304348,
      "recall": 0.8888888888888888,
      "f1-score": 0.9214659685863874,
      "support": 99.0
    },
    "CHCC": {
      "precision": 0.9418604651162791,
      "recall": 0.9529411764705882,
      "f1-score": 0.9473684210526315,
      "support": 85.0
    },
    "accuracy": 0.9388489208633094,
    "macro avg": {
      "precision": 0.9394607347489047,
      "recall": 0.9401844898715987,
      "f1-score": 0.9390959992954805,
      "support": 278.0
    },
    "weighted avg": {
      "precision": 0.939689898233082,
      "recall": 0.9388489208633094,
      "f1-score": 0.938511100197064,
      "support": 278.0
    }
  },
  "ci_95_oof": {
    "accuracy": {
      "low": 0.9100719424460432,
      "high": 0.9640287769784173
    },
    "f1_macro": {
      "low": 0.9101617343743142,
      "high": 0.9647391735486477
    },
    "auc_macro_ovr": {
      "low": 0.9568753411816131,
      "high": 0.9894496486384295
    }
  },
  "classes": [
    "HCC",
    "ICC",
    "CHCC"
  ],
  "per_class_stats_oof": {
    "HCC": {
      "precision": 0.92,
      "recall": 0.9787234042553191,
      "f1": 0.9484536082474226,
      "support": 94,
      "sensitivity": 0.9787234042553088,
      "specificity": 0.9565217391304296
    },
    "ICC": {
      "precision": 0.9565217391304348,
      "recall": 0.8888888888888888,
      "f1": 0.9214659685863874,
      "support": 99,
      "sensitivity": 0.88888888888888,
      "specificity": 0.9776536312849108
    },
    "CHCC": {
      "precision": 0.9418604651162791,
      "recall": 0.9529411764705882,
      "f1": 0.9473684210526315,
      "support": 85,
      "sensitivity": 0.9529411764705771,
      "specificity": 0.9740932642486997
    }
  }
}