metric,value
Accuracy,0.9636363636363636
Macro-F1,0.9639233218180587
Macro-AUC (OvR),0.9819688109161793
Balanced Accuracy,0.9649122807017015
Precision (HCC),0.9473684210526315
Recall/Sensitivity (HCC),0.9473684210525818
Specificity (HCC),0.9722222222221951
F1 (HCC),0.9473684210526315
Support (HCC),19.0
Precision (ICC),1.0
Recall/Sensitivity (ICC),0.9473684210525818
Specificity (ICC),0.9999999999999721
F1 (ICC),0.972972972972973
Support (ICC),19.0
Precision (CHCC),0.9444444444444444
Recall/Sensitivity (CHCC),0.9999999999999413
Specificity (CHCC),0.9736842105262902
F1 (CHCC),0.9714285714285714
Support (CHCC),17.0
