{
  "accuracy": 0.9636363636363636,
  "f1_macro": 0.9639233218180587,
  "f1_per_class": {
    "HCC": 0.9473684210526315,
    "ICC": 0.972972972972973,
    "CHCC": 0.9714285714285714
  },
  "auc_macro_ovr": 0.9819688109161793,
  "balanced_accuracy": 0.9649122807017015,
  "confusion_matrix": [
    [
      18,
      0,
      1
    ],
    [
      1,
      18,
      0
    ],
    [
      0,
      0,
      17
    ]
  ],
  "classification_report": {
    "HCC": {
      "precision": 0.9473684210526315,
      "recall": 0.9473684210526315,
      "f1-score": 0.9473684210526315,
      "support": 19.0
    },
    "ICC": {
      "precision": 1.0,
      "recall": 0.9473684210526315,
      "f1-score": 0.972972972972973,
      "support": 19.0
    },
    "CHCC": {
      "precision": 0.9444444444444444,
      "recall": 1.0,
      "f1-score": 0.9714285714285714,
      "support": 17.0
    },
    "accuracy": 0.9636363636363636,
    "macro avg": {
      "precision": 0.9639376218323585,
      "recall": 0.9649122807017543,
      "f1-score": 0.9639233218180587,
      "support": 55.0
    },
    "weighted avg": {
      "precision": 0.9646464646464646,
      "recall": 0.9636363636363636,
      "f1-score": 0.9636504036504036,
      "support": 55.0
    }
  },
  "ci_95": {
    "accuracy": {
      "low": 0.9090909090909091,
      "high": 1.0
    },
    "f1_macro": {
      "low": 0.898456321062704,
      "high": 1.0
    },
    "auc_macro_ovr": {
      "low": 0.941952790346908,
      "high": 1.0
    }
  },
  "classes": [
    "HCC",
    "ICC",
    "CHCC"
  ],
  "per_class_stats": {
    "HCC": {
      "precision": 0.9473684210526315,
      "recall": 0.9473684210526315,
      "f1": 0.9473684210526315,
      "support": 19,
      "sensitivity": 0.9473684210525818,
      "specificity": 0.9722222222221951
    },
    "ICC": {
      "precision": 1.0,
      "recall": 0.9473684210526315,
      "f1": 0.972972972972973,
      "support": 19,
      "sensitivity": 0.9473684210525818,
      "specificity": 0.9999999999999721
    },
    "CHCC": {
      "precision": 0.9444444444444444,
      "recall": 1.0,
      "f1": 0.9714285714285714,
      "support": 17,
      "sensitivity": 0.9999999999999413,
      "specificity": 0.9736842105262902
    }
  }
}