metric,value
Accuracy,0.9464285714285714
Macro-F1,0.9464411557434813
Macro-AUC (OvR),0.9597869917197648
Balanced Accuracy,0.9449112978524236
Precision (HCC),1.0
Recall/Sensitivity (HCC),0.9999999999999445
Specificity (HCC),0.9999999999999737
F1 (HCC),1.0
Support (HCC),18.0
Precision (ICC),0.9090909090909091
Recall/Sensitivity (ICC),0.9523809523809071
Specificity (ICC),0.9428571428571159
F1 (ICC),0.9302325581395349
Support (ICC),21.0
Precision (CHCC),0.9375
Recall/Sensitivity (CHCC),0.8823529411764188
Specificity (CHCC),0.9743589743589494
F1 (CHCC),0.9090909090909091
Support (CHCC),17.0
