{
  "accuracy": 0.9464285714285714,
  "f1_macro": 0.9464411557434813,
  "f1_per_class": {
    "HCC": 1.0,
    "ICC": 0.9302325581395349,
    "CHCC": 0.9090909090909091
  },
  "auc_macro_ovr": 0.9597869917197648,
  "balanced_accuracy": 0.9449112978524236,
  "confusion_matrix": [
    [
      18,
      0,
      0
    ],
    [
      0,
      20,
      1
    ],
    [
      0,
      2,
      15
    ]
  ],
  "classification_report": {
    "HCC": {
      "precision": 1.0,
      "recall": 1.0,
      "f1-score": 1.0,
      "support": 18.0
    },
    "ICC": {
      "precision": 0.9090909090909091,
      "recall": 0.9523809523809523,
      "f1-score": 0.9302325581395349,
      "support": 21.0
    },
    "CHCC": {
      "precision": 0.9375,
      "recall": 0.8823529411764706,
      "f1-score": 0.9090909090909091,
      "support": 17.0
    },
    "accuracy": 0.9464285714285714,
    "macro avg": {
      "precision": 0.9488636363636364,
      "recall": 0.9449112978524742,
      "f1-score": 0.9464411557434813,
      "support": 56.0
    },
    "weighted avg": {
      "precision": 0.9469358766233766,
      "recall": 0.9464285714285714,
      "f1-score": 0.9462398067049229,
      "support": 56.0
    }
  },
  "ci_95": {
    "accuracy": {
      "low": 0.875,
      "high": 1.0
    },
    "f1_macro": {
      "low": 0.8785066442961179,
      "high": 1.0
    },
    "auc_macro_ovr": {
      "low": 0.9063340643274854,
      "high": 1.0
    }
  },
  "classes": [
    "HCC",
    "ICC",
    "CHCC"
  ],
  "per_class_stats": {
    "HCC": {
      "precision": 1.0,
      "recall": 1.0,
      "f1": 1.0,
      "support": 18,
      "sensitivity": 0.9999999999999445,
      "specificity": 0.9999999999999737
    },
    "ICC": {
      "precision": 0.9090909090909091,
      "recall": 0.9523809523809523,
      "f1": 0.9302325581395349,
      "support": 21,
      "sensitivity": 0.9523809523809071,
      "specificity": 0.9428571428571159
    },
    "CHCC": {
      "precision": 0.9375,
      "recall": 0.8823529411764706,
      "f1": 0.9090909090909091,
      "support": 17,
      "sensitivity": 0.8823529411764188,
      "specificity": 0.9743589743589494
    }
  }
}