{
  "accuracy": 0.9642857142857143,
  "f1_macro": 0.963925463925464,
  "f1_per_class": {
    "HCC": 0.972972972972973,
    "ICC": 0.9743589743589743,
    "CHCC": 0.9444444444444444
  },
  "auc_macro_ovr": 0.9961744639376219,
  "balanced_accuracy": 0.9648148148147632,
  "confusion_matrix": [
    [
      18,
      0,
      0
    ],
    [
      0,
      19,
      1
    ],
    [
      1,
      0,
      17
    ]
  ],
  "classification_report": {
    "HCC": {
      "precision": 0.9473684210526315,
      "recall": 1.0,
      "f1-score": 0.972972972972973,
      "support": 18.0
    },
    "ICC": {
      "precision": 1.0,
      "recall": 0.95,
      "f1-score": 0.9743589743589743,
      "support": 20.0
    },
    "CHCC": {
      "precision": 0.9444444444444444,
      "recall": 0.9444444444444444,
      "f1-score": 0.9444444444444444,
      "support": 18.0
    },
    "accuracy": 0.9642857142857143,
    "macro avg": {
      "precision": 0.9639376218323585,
      "recall": 0.9648148148148148,
      "f1-score": 0.963925463925464,
      "support": 56.0
    },
    "weighted avg": {
      "precision": 0.9652255639097744,
      "recall": 0.9642857142857143,
      "f1-score": 0.9642980892980894,
      "support": 56.0
    }
  },
  "ci_95": {
    "accuracy": {
      "low": 0.9107142857142857,
      "high": 1.0
    },
    "f1_macro": {
      "low": 0.9078658971052588,
      "high": 1.0
    },
    "auc_macro_ovr": {
      "low": 0.987691851550777,
      "high": 1.0
    }
  },
  "classes": [
    "HCC",
    "ICC",
    "CHCC"
  ],
  "per_class_stats": {
    "HCC": {
      "precision": 0.9473684210526315,
      "recall": 1.0,
      "f1": 0.972972972972973,
      "support": 18,
      "sensitivity": 0.9999999999999445,
      "specificity": 0.9736842105262902
    },
    "ICC": {
      "precision": 1.0,
      "recall": 0.95,
      "f1": 0.9743589743589743,
      "support": 20,
      "sensitivity": 0.9499999999999525,
      "specificity": 0.9999999999999721
    },
    "CHCC": {
      "precision": 0.9444444444444444,
      "recall": 0.9444444444444444,
      "f1": 0.9444444444444444,
      "support": 18,
      "sensitivity": 0.944444444444392,
      "specificity": 0.9736842105262902
    }
  }
}