metric,value
Accuracy,0.9642857142857143
Macro-F1,0.963925463925464
Macro-AUC (OvR),0.9961744639376219
Balanced Accuracy,0.9648148148147632
Precision (HCC),0.9473684210526315
Recall/Sensitivity (HCC),0.9999999999999445
Specificity (HCC),0.9736842105262902
F1 (HCC),0.972972972972973
Support (HCC),18.0
Precision (ICC),1.0
Recall/Sensitivity (ICC),0.9499999999999525
Specificity (ICC),0.9999999999999721
F1 (ICC),0.9743589743589743
Support (ICC),20.0
Precision (CHCC),0.9444444444444444
Recall/Sensitivity (CHCC),0.944444444444392
Specificity (CHCC),0.9736842105262902
F1 (CHCC),0.9444444444444444
Support (CHCC),18.0
