{
  "accuracy_oof": 0.960431654676259,
  "f1_macro_oof": 0.960721544715447,
  "auc_macro_ovr_oof": 0.9838794358774043,
  "balanced_accuracy_oof": 0.9594564754764902,
  "confusion_matrix_oof": [
    [
      93,
      1,
      0
    ],
    [
      4,
      95,
      0
    ],
    [
      1,
      5,
      79
    ]
  ],
  "classification_report_oof": {
    "HCC": {
      "precision": 0.9489795918367347,
      "recall": 0.9893617021276596,
      "f1-score": 0.96875,
      "support": 94.0
    },
    "ICC": {
      "precision": 0.9405940594059405,
      "recall": 0.9595959595959596,
      "f1-score": 0.95,
      "support": 99.0
    },
    "CHCC": {
      "precision": 1.0,
      "recall": 0.9294117647058824,
      "f1-score": 0.9634146341463414,
      "support": 85.0
    },
    "accuracy": 0.960431654676259,
    "macro avg": {
      "precision": 0.9631912170808917,
      "recall": 0.9594564754765006,
      "f1-score": 0.960721544715447,
      "support": 278.0
    },
    "weighted avg": {
      "precision": 0.9615931421361193,
      "recall": 0.960431654676259,
      "f1-score": 0.9604415248289173,
      "support": 278.0
    }
  },
  "ci_95_oof": {
    "accuracy": {
      "low": 0.9387589928057555,
      "high": 0.9820143884892086
    },
    "f1_macro": {
      "low": 0.9363411536265684,
      "high": 0.9816297192467112
    },
    "auc_macro_ovr": {
      "low": 0.9699917369646611,
      "high": 0.9944846826721278
    }
  },
  "classes": [
    "HCC",
    "ICC",
    "CHCC"
  ],
  "per_class_stats_oof": {
    "HCC": {
      "precision": 0.9489795918367347,
      "recall": 0.9893617021276596,
      "f1": 0.96875,
      "support": 94,
      "sensitivity": 0.9893617021276491,
      "specificity": 0.9728260869565165
    },
    "ICC": {
      "precision": 0.9405940594059405,
      "recall": 0.9595959595959596,
      "f1": 0.95,
      "support": 99,
      "sensitivity": 0.9595959595959499,
      "specificity": 0.9664804469273689
    },
    "CHCC": {
      "precision": 1.0,
      "recall": 0.9294117647058824,
      "f1": 0.9634146341463414,
      "support": 85,
      "sensitivity": 0.9294117647058715,
      "specificity": 0.9999999999999949
    }
  }
}