{
  "accuracy": 1.0,
  "f1_macro": 1.0,
  "f1_per_class": {
    "HCC": 1.0,
    "ICC": 1.0,
    "CHCC": 1.0
  },
  "auc_macro_ovr": 1.0,
  "balanced_accuracy": 0.9999999999999464,
  "confusion_matrix": [
    [
      18,
      0,
      0
    ],
    [
      0,
      20,
      0
    ],
    [
      0,
      0,
      18
    ]
  ],
  "classification_report": {
    "HCC": {
      "precision": 1.0,
      "recall": 1.0,
      "f1-score": 1.0,
      "support": 18.0
    },
    "ICC": {
      "precision": 1.0,
      "recall": 1.0,
      "f1-score": 1.0,
      "support": 20.0
    },
    "CHCC": {
      "precision": 1.0,
      "recall": 1.0,
      "f1-score": 1.0,
      "support": 18.0
    },
    "accuracy": 1.0,
    "macro avg": {
      "precision": 1.0,
      "recall": 1.0,
      "f1-score": 1.0,
      "support": 56.0
    },
    "weighted avg": {
      "precision": 1.0,
      "recall": 1.0,
      "f1-score": 1.0,
      "support": 56.0
    }
  },
  "ci_95": {
    "accuracy": {
      "low": 1.0,
      "high": 1.0
    },
    "f1_macro": {
      "low": 1.0,
      "high": 1.0
    },
    "auc_macro_ovr": {
      "low": 1.0,
      "high": 1.0
    }
  },
  "classes": [
    "HCC",
    "ICC",
    "CHCC"
  ],
  "per_class_stats": {
    "HCC": {
      "precision": 1.0,
      "recall": 1.0,
      "f1": 1.0,
      "support": 18,
      "sensitivity": 0.9999999999999445,
      "specificity": 0.9999999999999737
    },
    "ICC": {
      "precision": 1.0,
      "recall": 1.0,
      "f1": 1.0,
      "support": 20,
      "sensitivity": 0.99999999999995,
      "specificity": 0.9999999999999721
    },
    "CHCC": {
      "precision": 1.0,
      "recall": 1.0,
      "f1": 1.0,
      "support": 18,
      "sensitivity": 0.9999999999999445,
      "specificity": 0.9999999999999737
    }
  }
}