metric,value
Accuracy,1.0
Macro-F1,1.0
Macro-AUC (OvR),1.0
Balanced Accuracy,0.9999999999999464
Precision (HCC),1.0
Recall/Sensitivity (HCC),0.9999999999999445
Specificity (HCC),0.9999999999999737
F1 (HCC),1.0
Support (HCC),18.0
Precision (ICC),1.0
Recall/Sensitivity (ICC),0.99999999999995
Specificity (ICC),0.9999999999999721
F1 (ICC),1.0
Support (ICC),20.0
Precision (CHCC),1.0
Recall/Sensitivity (CHCC),0.9999999999999445
Specificity (CHCC),0.9999999999999737
F1 (CHCC),1.0
Support (CHCC),18.0
