metric,value
Accuracy,0.9464285714285714
Macro-F1,0.9477332703139155
Macro-AUC (OvR),0.964525462962963
Balanced Accuracy,0.9458333333332822
Precision (HCC),0.9090909090909091
Recall/Sensitivity (HCC),0.99999999999995
Specificity (HCC),0.9444444444444181
F1 (HCC),0.9523809523809523
Support (HCC),20.0
Precision (ICC),0.9473684210526315
Recall/Sensitivity (ICC),0.8999999999999551
Specificity (ICC),0.9722222222221951
F1 (ICC),0.9230769230769231
Support (ICC),20.0
Precision (CHCC),1.0
Recall/Sensitivity (CHCC),0.9374999999999415
Specificity (CHCC),0.9999999999999749
F1 (CHCC),0.967741935483871
Support (CHCC),16.0
