{
  "accuracy": 0.9464285714285714,
  "f1_macro": 0.9477332703139155,
  "f1_per_class": {
    "HCC": 0.9523809523809523,
    "ICC": 0.9230769230769231,
    "CHCC": 0.967741935483871
  },
  "auc_macro_ovr": 0.964525462962963,
  "balanced_accuracy": 0.9458333333332822,
  "confusion_matrix": [
    [
      20,
      0,
      0
    ],
    [
      2,
      18,
      0
    ],
    [
      0,
      1,
      15
    ]
  ],
  "classification_report": {
    "HCC": {
      "precision": 0.9090909090909091,
      "recall": 1.0,
      "f1-score": 0.9523809523809523,
      "support": 20.0
    },
    "ICC": {
      "precision": 0.9473684210526315,
      "recall": 0.9,
      "f1-score": 0.9230769230769231,
      "support": 20.0
    },
    "CHCC": {
      "precision": 1.0,
      "recall": 0.9375,
      "f1-score": 0.967741935483871,
      "support": 16.0
    },
    "accuracy": 0.9464285714285714,
    "macro avg": {
      "precision": 0.9521531100478469,
      "recall": 0.9458333333333333,
      "f1-score": 0.9477332703139155,
      "support": 56.0
    },
    "weighted avg": {
      "precision": 0.9487354750512644,
      "recall": 0.9464285714285714,
      "f1-score": 0.946304079944633,
      "support": 56.0
    }
  },
  "ci_95": {
    "accuracy": {
      "low": 0.875,
      "high": 1.0
    },
    "f1_macro": {
      "low": 0.8807779325052395,
      "high": 1.0
    },
    "auc_macro_ovr": {
      "low": 0.910131870198541,
      "high": 1.0
    }
  },
  "classes": [
    "HCC",
    "ICC",
    "CHCC"
  ],
  "per_class_stats": {
    "HCC": {
      "precision": 0.9090909090909091,
      "recall": 1.0,
      "f1": 0.9523809523809523,
      "support": 20,
      "sensitivity": 0.99999999999995,
      "specificity": 0.9444444444444181
    },
    "ICC": {
      "precision": 0.9473684210526315,
      "recall": 0.9,
      "f1": 0.9230769230769231,
      "support": 20,
      "sensitivity": 0.8999999999999551,
      "specificity": 0.9722222222221951
    },
    "CHCC": {
      "precision": 1.0,
      "recall": 0.9375,
      "f1": 0.967741935483871,
      "support": 16,
      "sensitivity": 0.9374999999999415,
      "specificity": 0.9999999999999749
    }
  }
}