{
  "accuracy": 0.9454545454545454,
  "f1_macro": 0.94541910331384,
  "f1_per_class": {
    "HCC": 0.9473684210526315,
    "ICC": 0.9444444444444444,
    "CHCC": 0.9444444444444444
  },
  "auc_macro_ovr": 0.9985093452585713,
  "balanced_accuracy": 0.9473684210525798,
  "confusion_matrix": [
    [
      18,
      0,
      1
    ],
    [
      1,
      17,
      1
    ],
    [
      0,
      0,
      17
    ]
  ],
  "classification_report": {
    "HCC": {
      "precision": 0.9473684210526315,
      "recall": 0.9473684210526315,
      "f1-score": 0.9473684210526315,
      "support": 19.0
    },
    "ICC": {
      "precision": 1.0,
      "recall": 0.8947368421052632,
      "f1-score": 0.9444444444444444,
      "support": 19.0
    },
    "CHCC": {
      "precision": 0.8947368421052632,
      "recall": 1.0,
      "f1-score": 0.9444444444444444,
      "support": 17.0
    },
    "accuracy": 0.9454545454545454,
    "macro avg": {
      "precision": 0.9473684210526315,
      "recall": 0.9473684210526315,
      "f1-score": 0.94541910331384,
      "support": 55.0
    },
    "weighted avg": {
      "precision": 0.9492822966507177,
      "recall": 0.9454545454545454,
      "f1-score": 0.9454545454545454,
      "support": 55.0
    }
  },
  "ci_95": {
    "accuracy": {
      "low": 0.8727272727272727,
      "high": 1.0
    },
    "f1_macro": {
      "low": 0.8714086500851206,
      "high": 1.0
    },
    "auc_macro_ovr": {
      "low": 0.9944820220636508,
      "high": 1.0
    }
  },
  "classes": [
    "HCC",
    "ICC",
    "CHCC"
  ],
  "per_class_stats": {
    "HCC": {
      "precision": 0.9473684210526315,
      "recall": 0.9473684210526315,
      "f1": 0.9473684210526315,
      "support": 19,
      "sensitivity": 0.9473684210525818,
      "specificity": 0.9722222222221951
    },
    "ICC": {
      "precision": 1.0,
      "recall": 0.8947368421052632,
      "f1": 0.9444444444444444,
      "support": 19,
      "sensitivity": 0.8947368421052162,
      "specificity": 0.9999999999999721
    },
    "CHCC": {
      "precision": 0.8947368421052632,
      "recall": 1.0,
      "f1": 0.9444444444444444,
      "support": 17,
      "sensitivity": 0.9999999999999413,
      "specificity": 0.9473684210526065
    }
  }
}