metric,value
Accuracy,0.9454545454545454
Macro-F1,0.94541910331384
Macro-AUC (OvR),0.9985093452585713
Balanced Accuracy,0.9473684210525798
Precision (HCC),0.9473684210526315
Recall/Sensitivity (HCC),0.9473684210525818
Specificity (HCC),0.9722222222221951
F1 (HCC),0.9473684210526315
Support (HCC),19.0
Precision (ICC),1.0
Recall/Sensitivity (ICC),0.8947368421052162
Specificity (ICC),0.9999999999999721
F1 (ICC),0.9444444444444444
Support (ICC),19.0
Precision (CHCC),0.8947368421052632
Recall/Sensitivity (CHCC),0.9999999999999413
Specificity (CHCC),0.9473684210526065
F1 (CHCC),0.9444444444444444
Support (CHCC),17.0
