{
  "accuracy": 0.9818181818181818,
  "f1_macro": 0.9824439824439825,
  "f1_per_class": {
    "HCC": 0.9743589743589743,
    "ICC": 0.972972972972973,
    "CHCC": 1.0
  },
  "auc_macro_ovr": 0.9936647173489278,
  "balanced_accuracy": 0.9824561403508235,
  "confusion_matrix": [
    [
      19,
      0,
      0
    ],
    [
      1,
      18,
      0
    ],
    [
      0,
      0,
      17
    ]
  ],
  "classification_report": {
    "HCC": {
      "precision": 0.95,
      "recall": 1.0,
      "f1-score": 0.9743589743589743,
      "support": 19.0
    },
    "ICC": {
      "precision": 1.0,
      "recall": 0.9473684210526315,
      "f1-score": 0.972972972972973,
      "support": 19.0
    },
    "CHCC": {
      "precision": 1.0,
      "recall": 1.0,
      "f1-score": 1.0,
      "support": 17.0
    },
    "accuracy": 0.9818181818181818,
    "macro avg": {
      "precision": 0.9833333333333334,
      "recall": 0.9824561403508771,
      "f1-score": 0.9824439824439825,
      "support": 55.0
    },
    "weighted avg": {
      "precision": 0.9827272727272727,
      "recall": 0.9818181818181818,
      "f1-score": 0.9818055818055818,
      "support": 55.0
    }
  },
  "ci_95": {
    "accuracy": {
      "low": 0.9454545454545454,
      "high": 1.0
    },
    "f1_macro": {
      "low": 0.9411152753088237,
      "high": 1.0
    },
    "auc_macro_ovr": {
      "low": 0.976130048301816,
      "high": 1.0
    }
  },
  "classes": [
    "HCC",
    "ICC",
    "CHCC"
  ],
  "per_class_stats": {
    "HCC": {
      "precision": 0.95,
      "recall": 1.0,
      "f1": 0.9743589743589743,
      "support": 19,
      "sensitivity": 0.9999999999999475,
      "specificity": 0.9722222222221951
    },
    "ICC": {
      "precision": 1.0,
      "recall": 0.9473684210526315,
      "f1": 0.972972972972973,
      "support": 19,
      "sensitivity": 0.9473684210525818,
      "specificity": 0.9999999999999721
    },
    "CHCC": {
      "precision": 1.0,
      "recall": 1.0,
      "f1": 1.0,
      "support": 17,
      "sensitivity": 0.9999999999999413,
      "specificity": 0.9999999999999737
    }
  }
}