{
  "accuracy_oof": 0.9460431654676259,
  "f1_macro_oof": 0.9458498425276846,
  "auc_macro_ovr_oof": 0.9813514567244696,
  "balanced_accuracy_oof": 0.9465430272689245,
  "confusion_matrix_oof": [
    [
      93,
      0,
      1
    ],
    [
      5,
      90,
      4
    ],
    [
      1,
      4,
      80
    ]
  ],
  "classification_report_oof": {
    "HCC": {
      "precision": 0.9393939393939394,
      "recall": 0.9893617021276596,
      "f1-score": 0.9637305699481865,
      "support": 94.0
    },
    "ICC": {
      "precision": 0.9574468085106383,
      "recall": 0.9090909090909091,
      "f1-score": 0.9326424870466321,
      "support": 99.0
    },
    "CHCC": {
      "precision": 0.9411764705882353,
      "recall": 0.9411764705882353,
      "f1-score": 0.9411764705882353,
      "support": 85.0
    },
    "accuracy": 0.9460431654676259,
    "macro avg": {
      "precision": 0.9460057394976044,
      "recall": 0.9465430272689347,
      "f1-score": 0.9458498425276846,
      "support": 278.0
    },
    "weighted avg": {
      "precision": 0.9463678573582139,
      "recall": 0.9460431654676259,
      "f1-score": 0.9457635963767845,
      "support": 278.0
    }
  },
  "ci_95_oof": {
    "accuracy": {
      "low": 0.9172661870503597,
      "high": 0.9712230215827338
    },
    "f1_macro": {
      "low": 0.9176633227685811,
      "high": 0.9703767112301734
    },
    "auc_macro_ovr": {
      "low": 0.966989239377849,
      "high": 0.9932023894390815
    }
  },
  "classes": [
    "HCC",
    "ICC",
    "CHCC"
  ],
  "per_class_stats_oof": {
    "HCC": {
      "precision": 0.9393939393939394,
      "recall": 0.9893617021276596,
      "f1": 0.9637305699481865,
      "support": 94,
      "sensitivity": 0.9893617021276491,
      "specificity": 0.9673913043478208
    },
    "ICC": {
      "precision": 0.9574468085106383,
      "recall": 0.9090909090909091,
      "f1": 0.9326424870466321,
      "support": 99,
      "sensitivity": 0.9090909090909,
      "specificity": 0.9776536312849108
    },
    "CHCC": {
      "precision": 0.9411764705882353,
      "recall": 0.9411764705882353,
      "f1": 0.9411764705882353,
      "support": 85,
      "sensitivity": 0.9411764705882243,
      "specificity": 0.9740932642486997
    }
  }
}