metric,value
Accuracy,0.9464285714285714
Macro-F1,0.9440230287470338
Macro-AUC (OvR),0.9893762183235868
Balanced Accuracy,0.9444444444443939
Precision (HCC),0.9
Recall/Sensitivity (HCC),0.9999999999999445
Specificity (HCC),0.9473684210526065
F1 (HCC),0.9473684210526315
Support (HCC),18.0
Precision (ICC),0.9523809523809523
Recall/Sensitivity (ICC),0.99999999999995
Specificity (ICC),0.9722222222221951
F1 (ICC),0.975609756097561
Support (ICC),20.0
Precision (CHCC),1.0
Recall/Sensitivity (CHCC),0.8333333333332871
Specificity (CHCC),0.9999999999999737
F1 (CHCC),0.9090909090909091
Support (CHCC),18.0
