{
  "accuracy": 0.9464285714285714,
  "f1_macro": 0.9440230287470338,
  "f1_per_class": {
    "HCC": 0.9473684210526315,
    "ICC": 0.975609756097561,
    "CHCC": 0.9090909090909091
  },
  "auc_macro_ovr": 0.9893762183235868,
  "balanced_accuracy": 0.9444444444443939,
  "confusion_matrix": [
    [
      18,
      0,
      0
    ],
    [
      0,
      20,
      0
    ],
    [
      2,
      1,
      15
    ]
  ],
  "classification_report": {
    "HCC": {
      "precision": 0.9,
      "recall": 1.0,
      "f1-score": 0.9473684210526315,
      "support": 18.0
    },
    "ICC": {
      "precision": 0.9523809523809523,
      "recall": 1.0,
      "f1-score": 0.975609756097561,
      "support": 20.0
    },
    "CHCC": {
      "precision": 1.0,
      "recall": 0.8333333333333334,
      "f1-score": 0.9090909090909091,
      "support": 18.0
    },
    "accuracy": 0.9464285714285714,
    "macro avg": {
      "precision": 0.9507936507936509,
      "recall": 0.9444444444444445,
      "f1-score": 0.9440230287470338,
      "support": 56.0
    },
    "weighted avg": {
      "precision": 0.9508503401360544,
      "recall": 0.9464285714285714,
      "f1-score": 0.9451511261524098,
      "support": 56.0
    }
  },
  "ci_95": {
    "accuracy": {
      "low": 0.875,
      "high": 1.0
    },
    "f1_macro": {
      "low": 0.8694326299704498,
      "high": 1.0
    },
    "auc_macro_ovr": {
      "low": 0.9708930457293371,
      "high": 1.0
    }
  },
  "classes": [
    "HCC",
    "ICC",
    "CHCC"
  ],
  "per_class_stats": {
    "HCC": {
      "precision": 0.9,
      "recall": 1.0,
      "f1": 0.9473684210526315,
      "support": 18,
      "sensitivity": 0.9999999999999445,
      "specificity": 0.9473684210526065
    },
    "ICC": {
      "precision": 0.9523809523809523,
      "recall": 1.0,
      "f1": 0.975609756097561,
      "support": 20,
      "sensitivity": 0.99999999999995,
      "specificity": 0.9722222222221951
    },
    "CHCC": {
      "precision": 1.0,
      "recall": 0.8333333333333334,
      "f1": 0.9090909090909091,
      "support": 18,
      "sensitivity": 0.8333333333332871,
      "specificity": 0.9999999999999737
    }
  }
}